gender,seniorcitizen,partner,dependents,tenure,phoneservice,multiplelines,internetservice,onlinesecurity,onlinebackup,deviceprotection,techsupport,streamingtv,streamingmovies,contract,paperlessbilling,paymentmethod,monthlycharges,totalcharges,churn
female,0,yes,yes,72,yes,yes,fiber_optic,yes,yes,yes,yes,yes,yes,two_year,yes,electronic_check,115.5,8425.15,no
male,0,no,no,10,yes,yes,fiber_optic,no,yes,yes,no,no,yes,month-to-month,yes,electronic_check,95.25,1021.55,no
female,0,no,no,5,yes,yes,fiber_optic,no,no,no,no,no,no,month-to-month,no,electronic_check,75.55,413.65,yes
female,0,yes,yes,5,yes,no,fiber_optic,no,no,no,no,yes,no,month-to-month,yes,electronic_check,80.85,356.1,no
female,0,yes,no,18,yes,no,no,no_internet_service,no_internet_service,no_internet_service,no_internet_service,no_internet_service,no_internet_service,two_year,no,mailed_check,20.1,370.5,no
male,0,no,no,4,no,no_phone_service,dsl,no,no,no,yes,no,no,month-to-month,no,electronic_check,30.5,118.4,no
male,0,no,no,1,yes,yes,fiber_optic,no,no,no,no,no,no,month-to-month,yes,electronic_check,75.1,75.1,no
female,0,no,no,1,yes,no,fiber_optic,no,no,no,no,no,no,month-to-month,yes,electronic_check,70.3,70.3,yes
female,0,no,yes,72,yes,no,no,no_internet_service,no_internet_service,no_internet_service,no_internet_service,no_internet_service,no_internet_service,two_year,yes,mailed_check,19.75,1567.0,no
female,0,no,no,6,yes,yes,fiber_optic,no,yes,yes,yes,yes,yes,month-to-month,yes,credit_card_(automatic),109.9,669.45,yes
female,0,yes,yes,72,yes,yes,fiber_optic,yes,yes,no,yes,yes,no,two_year,no,bank_transfer_(automatic),99.9,7251.7,no
male,0,yes,no,17,yes,yes,fiber_optic,no,yes,yes,no,yes,yes,month-to-month,yes,electronic_check,102.55,1742.5,no
female,0,yes,yes,66,yes,no,dsl,yes,yes,no,yes,no,no,two_year,yes,credit_card_(automatic),58.2,3810.8,no
female,0,no,no,2,yes,no,fiber_optic,no,no,no,no,no,no,month-to-month,no,electronic_check,68.95,119.75,yes
female,0,no,no,4,yes,no,no,no_internet_service,no_internet_service,no_internet_service,no_internet_service,no_internet_service,no_internet_service,month-to-month,no,mailed_check,20.15,84.5,no
male,0,no,yes,3,yes,no,dsl,no,no,no,yes,yes,yes,month-to-month,no,mailed_check,70.7,225.65,no
female,0,yes,no,71,yes,no,no,no_internet_service,no_internet_service,no_internet_service,no_internet_service,no_internet_service,no_internet_service,two_year,no,mailed_check,19.6,1416.5,no
female,1,no,no,32,yes,no,fiber_optic,no,no,no,no,yes,yes,month-to-month,no,electronic_check,90.95,2897.95,no
male,0,yes,yes,53,yes,yes,fiber_optic,no,yes,yes,no,yes,yes,one_year,yes,electronic_check,105.25,5576.3,no
male,0,yes,yes,56,yes,yes,fiber_optic,no,no,yes,yes,yes,yes,two_year,yes,electronic_check,103.2,5873.75,no
male,0,no,no,61,yes,yes,fiber_optic,yes,no,yes,no,yes,yes,month-to-month,yes,electronic_check,106.45,6300.15,no
female,0,no,no,41,yes,no,dsl,no,no,no,yes,no,no,one_year,no,bank_transfer_(automatic),50.05,2029.05,no
female,0,no,no,1,yes,no,dsl,no,no,no,no,no,no,month-to-month,yes,bank_transfer_(automatic),44.9,44.9,yes
female,0,no,no,3,yes,no,dsl,yes,yes,no,yes,no,yes,two_year,no,mailed_check,71.1,213.35,no
male,1,yes,no,3,yes,yes,fiber_optic,no,no,no,no,yes,yes,month-to-month,yes,electronic_check,94.6,279.55,yes
male,0,yes,yes,12,yes,no,no,no_internet_service,no_internet_service,no_internet_service,no_internet_service,no_internet_service,no_internet_service,two_year,no,bank_transfer_(automatic),21.05,262.05,no
female,0,no,no,41,yes,yes,fiber_optic,no,no,yes,no,yes,yes,month-to-month,no,bank_transfer_(automatic),98.05,3990.6,no
female,1,no,no,47,yes,yes,fiber_optic,no,yes,yes,no,no,no,month-to-month,yes,bank_transfer_(automatic),85.2,3969.35,yes
female,0,no,no,2,yes,no,no,no_internet_service,no_internet_service,no_internet_service,no_internet_service,no_internet_service,no_internet_service,month-to-month,no,mailed_check,20.3,41.2,no
female,1,yes,no,66,yes,yes,dsl,no,yes,yes,no,yes,no,one_year,yes,bank_transfer_(automatic),70.85,4738.85,no
male,0,no,no,8,yes,yes,dsl,no,no,no,no,yes,no,month-to-month,yes,electronic_check,59.25,436.6,no
male,0,no,no,1,yes,no,no,no_internet_service,no_internet_service,no_internet_service,no_internet_service,no_internet_service,no_internet_service,month-to-month,yes,mailed_check,19.9,19.9,no
female,0,yes,yes,35,no,no_phone_service,dsl,no,no,no,yes,yes,no,one_year,no,mailed_check,40.9,1383.6,no
female,1,yes,no,67,yes,yes,fiber_optic,yes,no,yes,no,yes,yes,one_year,yes,credit_card_(automatic),107.05,7142.5,no
male,0,no,yes,1,no,no_phone_service,dsl,no,yes,no,no,no,no,month-to-month,yes,mailed_check,31.35,31.35,yes
female,0,yes,no,46,yes,yes,fiber_optic,no,yes,no,yes,yes,yes,one_year,yes,electronic_check,103.15,4594.65,no
female,0,no,no,37,yes,no,fiber_optic,no,yes,yes,no,no,no,one_year,no,electronic_check,80.05,3019.1,no
male,0,yes,yes,72,yes,yes,dsl,yes,yes,yes,yes,yes,yes,two_year,yes,credit_card_(automatic),90.6,6441.85,no
male,0,no,no,35,yes,yes,fiber_optic,no,no,no,no,no,no,month-to-month,no,credit_card_(automatic),75.35,2636.05,yes
female,0,yes,no,43,yes,yes,fiber_optic,yes,yes,no,no,no,yes,month-to-month,yes,electronic_check,94.1,4107.3,no
female,0,yes,yes,20,yes,no,no,no_internet_service,no_internet_service,no_internet_service,no_internet_service,no_internet_service,no_internet_service,month-to-month,no,mailed_check,20.35,442.6,no
male,0,yes,yes,64,yes,no,fiber_optic,yes,yes,no,no,no,no,month-to-month,no,electronic_check,81.05,5135.35,no
female,1,no,no,6,no,no_phone_service,dsl,no,no,no,no,yes,yes,month-to-month,yes,electronic_check,44.4,263.05,no
male,0,no,yes,9,yes,no,dsl,no,no,no,no,yes,no,month-to-month,no,electronic_check,55.35,449.75,yes
male,0,yes,yes,18,no,no_phone_service,dsl,no,no,no,no,no,no,month-to-month,no,credit_card_(automatic),25.55,467.85,no
female,0,no,no,46,yes,yes,fiber_optic,no,yes,yes,no,no,yes,one_year,yes,electronic_check,94.15,4408.45,no
male,0,yes,no,9,yes,no,dsl,no,no,yes,no,yes,yes,month-to-month,yes,mailed_check,70.05,564.4,no
female,0,yes,yes,69,yes,no,no,no_internet_service,no_internet_service,no_internet_service,no_internet_service,no_internet_service,no_internet_service,two_year,no,bank_transfer_(automatic),20.15,1337.5,no
male,0,yes,yes,32,yes,no,no,no_internet_service,no_internet_service,no_internet_service,no_internet_service,no_internet_service,no_internet_service,month-to-month,yes,credit_card_(automatic),19.45,674.55,no
female,0,yes,yes,67,yes,yes,dsl,yes,no,no,no,yes,yes,two_year,yes,electronic_check,75.5,5229.45,no
male,0,yes,yes,69,yes,no,dsl,yes,yes,no,yes,yes,yes,two_year,no,bank_transfer_(automatic),80.65,5542.55,no
male,0,no,no,6,yes,no,fiber_optic,no,no,no,no,yes,no,month-to-month,yes,credit_card_(automatic),80.5,463.05,yes
female,0,no,no,30,no,no_phone_service,dsl,no,no,no,yes,no,yes,one_year,yes,credit_card_(automatic),40.35,1187.05,no
male,0,yes,yes,30,yes,yes,dsl,yes,no,no,no,no,no,month-to-month,yes,bank_transfer_(automatic),54.45,1588.7,no
female,0,yes,no,58,no,no_phone_service,dsl,yes,yes,no,no,yes,no,one_year,yes,electronic_check,45.35,2540.1,no
female,0,no,no,18,yes,yes,fiber_optic,no,no,no,yes,no,yes,month-to-month,yes,electronic_check,90.1,1612.75,yes
male,1,yes,no,34,yes,no,fiber_optic,no,no,no,no,no,no,month-to-month,no,credit_card_(automatic),71.55,2427.35,no
male,0,yes,yes,2,yes,no,no,no_internet_service,no_internet_service,no_internet_service,no_internet_service,no_internet_service,no_internet_service,one_year,no,mailed_check,20.2,34.75,no
female,0,yes,yes,10,yes,no,no,no_internet_service,no_internet_service,no_internet_service,no_internet_service,no_internet_service,no_internet_service,two_year,no,mailed_check,20.15,220.8,no
female,0,yes,yes,71,yes,yes,fiber_optic,yes,yes,yes,no,yes,no,two_year,yes,credit_card_(automatic),99.0,7061.65,no
male,0,yes,yes,72,no,no_phone_service,dsl,yes,no,yes,yes,yes,yes,two_year,no,bank_transfer_(automatic),60.95,4549.05,no
female,0,no,no,46,yes,no,no,no_internet_service,no_internet_service,no_internet_service,no_internet_service,no_internet_service,no_internet_service,two_year,yes,electronic_check,21.1,937.1,no
male,0,no,no,49,yes,yes,fiber_optic,no,no,no,no,no,no,month-to-month,yes,bank_transfer_(automatic),74.6,3720.35,no
female,0,no,no,65,no,no_phone_service,dsl,yes,no,yes,yes,yes,yes,two_year,no,credit_card_(automatic),59.95,3921.1,no
male,0,yes,yes,15,yes,yes,fiber_optic,no,no,no,no,no,no,month-to-month,yes,bank_transfer_(automatic),74.9,1107.25,yes
male,0,no,no,58,yes,yes,fiber_optic,no,yes,yes,no,yes,yes,one_year,yes,bank_transfer_(automatic),103.25,6017.65,yes
male,0,no,no,66,yes,no,dsl,yes,yes,no,no,no,no,one_year,yes,mailed_check,54.8,3465.7,no
male,0,no,no,66,yes,no,no,no_internet_service,no_internet_service,no_internet_service,no_internet_service,no_internet_service,no_internet_service,two_year,no,bank_transfer_(automatic),19.7,1253.8,no
male,1,yes,yes,68,yes,no,no,no_internet_service,no_internet_service,no_internet_service,no_internet_service,no_internet_service,no_internet_service,one_year,no,bank_transfer_(automatic),19.5,1193.55,no
female,1,no,no,45,yes,yes,fiber_optic,no,no,yes,no,yes,yes,one_year,yes,bank_transfer_(automatic),102.15,4735.35,no
male,0,no,no,1,yes,no,no,no_internet_service,no_internet_service,no_internet_service,no_internet_service,no_internet_service,no_internet_service,month-to-month,yes,mailed_check,20.2,20.2,yes
male,0,no,no,11,yes,no,fiber_optic,yes,no,yes,no,no,no,month-to-month,yes,bank_transfer_(automatic),79.5,795.65,no
female,1,yes,no,18,yes,yes,fiber_optic,no,no,no,yes,yes,yes,month-to-month,no,bank_transfer_(automatic),99.75,1836.25,yes
male,0,yes,yes,71,yes,yes,fiber_optic,yes,no,no,no,yes,yes,two_year,yes,electronic_check,97.2,6910.3,no
male,0,no,yes,4,yes,yes,fiber_optic,no,no,no,yes,no,no,month-to-month,no,credit_card_(automatic),80.8,332.45,yes
female,0,no,yes,13,yes,no,dsl,yes,yes,no,no,no,no,month-to-month,yes,electronic_check,56.0,764.55,no
female,0,no,yes,50,yes,no,no,no_internet_service,no_internet_service,no_internet_service,no_internet_service,no_internet_service,no_internet_service,two_year,no,credit_card_(automatic),20.15,970.85,no
male,0,no,no,12,no,no_phone_service,dsl,yes,yes,no,yes,yes,no,month-to-month,yes,bank_transfer_(automatic),50.95,605.75,no
male,0,no,no,1,yes,no,dsl,no,no,no,no,no,no,month-to-month,yes,bank_transfer_(automatic),43.85,43.85,no
female,0,no,no,7,yes,no,no,no_internet_service,no_internet_service,no_internet_service,no_internet_service,no_internet_service,no_internet_service,one_year,no,mailed_check,19.9,173.15,no
male,1,no,no,71,yes,yes,fiber_optic,no,yes,no,yes,yes,yes,one_year,no,bank_transfer_(automatic),105.75,7382.85,no
male,0,yes,no,1,yes,no,fiber_optic,no,no,no,no,yes,no,month-to-month,yes,electronic_check,80.55,80.55,yes
male,1,no,no,21,yes,yes,fiber_optic,no,yes,yes,no,yes,yes,month-to-month,yes,electronic_check,104.35,2271.85,no
female,0,no,no,12,yes,yes,fiber_optic,no,no,no,no,no,yes,month-to-month,yes,electronic_check,86.55,1066.9,no
male,0,no,no,1,yes,no,dsl,no,no,yes,no,no,no,month-to-month,yes,electronic_check,50.5,50.5,yes
female,0,yes,no,33,yes,yes,fiber_optic,no,no,yes,yes,no,yes,month-to-month,yes,credit_card_(automatic),95.0,3008.15,no
male,0,no,no,46,yes,yes,fiber_optic,no,no,no,no,no,no,month-to-month,no,bank_transfer_(automatic),72.8,3249.4,no
female,0,yes,no,44,yes,no,dsl,yes,yes,yes,no,no,no,one_year,yes,mailed_check,61.5,2722.2,no
male,1,yes,no,70,yes,yes,dsl,yes,yes,yes,yes,yes,yes,two_year,yes,credit_card_(automatic),88.55,6306.5,no
male,0,yes,yes,7,yes,no,dsl,yes,no,no,no,no,no,one_year,yes,electronic_check,49.75,331.3,yes
female,0,no,no,18,yes,no,fiber_optic,no,no,no,no,no,no,month-to-month,yes,electronic_check,69.8,1221.65,no
male,1,no,no,54,yes,no,dsl,no,no,yes,yes,no,yes,one_year,no,bank_transfer_(automatic),65.25,3529.95,no
female,0,no,no,35,no,no_phone_service,dsl,no,no,yes,yes,no,no,month-to-month,yes,mailed_check,33.45,1175.85,no
male,1,no,no,5,yes,no,fiber_optic,no,no,no,no,no,no,month-to-month,yes,mailed_check,70.25,331.9,yes
female,0,no,no,35,yes,yes,fiber_optic,no,no,no,no,yes,no,month-to-month,yes,electronic_check,86.45,3029.1,yes
male,0,yes,yes,39,no,no_phone_service,dsl,no,no,no,no,no,no,one_year,yes,credit_card_(automatic),25.25,947.75,no
female,0,no,yes,19,yes,no,dsl,no,no,no,yes,no,no,month-to-month,no,mailed_check,48.8,953.65,no
male,0,no,no,21,no,no_phone_service,dsl,no,yes,no,yes,no,no,month-to-month,yes,mailed_check,36.0,780.15,no
male,0,yes,yes,43,yes,yes,fiber_optic,no,no,yes,yes,yes,yes,one_year,yes,credit_card_(automatic),104.3,4451.85,no
male,1,no,no,19,yes,no,fiber_optic,no,no,yes,no,yes,yes,month-to-month,yes,credit_card_(automatic),95.9,1777.9,yes
male,0,yes,yes,72,yes,yes,fiber_optic,yes,yes,yes,yes,yes,yes,two_year,yes,credit_card_(automatic),112.6,8126.65,no
female,0,yes,no,59,yes,yes,fiber_optic,no,yes,no,no,yes,yes,month-to-month,no,electronic_check,101.1,6039.9,yes
male,0,yes,yes,11,yes,no,no,no_internet_service,no_internet_service,no_internet_service,no_internet_service,no_internet_service,no_internet_service,two_year,no,mailed_check,19.65,225.75,no
female,0,no,no,9,yes,no,dsl,no,no,no,yes,yes,no,month-to-month,yes,bank_transfer_(automatic),59.5,530.05,no
female,0,yes,yes,70,yes,no,no,no_internet_service,no_internet_service,no_internet_service,no_internet_service,no_internet_service,no_internet_service,two_year,yes,credit_card_(automatic),20.15,1411.2,no
female,0,yes,yes,22,no,no_phone_service,dsl,no,yes,no,no,yes,no,month-to-month,no,electronic_check,39.2,849.9,no
male,0,no,no,69,yes,no,no,no_internet_service,no_internet_service,no_internet_service,no_internet_service,no_internet_service,no_internet_service,two_year,yes,mailed_check,19.1,1268.85,no
female,1,no,no,16,yes,no,fiber_optic,no,no,no,yes,yes,yes,month-to-month,yes,electronic_check,94.45,1511.2,yes
female,0,no,no,32,no,no_phone_service,dsl,yes,no,no,no,no,no,one_year,no,mailed_check,30.15,927.65,no
female,0,yes,no,61,yes,no,no,no_internet_service,no_internet_service,no_internet_service,no_internet_service,no_internet_service,no_internet_service,two_year,no,credit_card_(automatic),20.25,1278.8,no
female,0,no,no,14,yes,no,fiber_optic,no,yes,no,yes,no,no,month-to-month,yes,credit_card_(automatic),80.05,1112.3,no
male,1,yes,no,34,yes,no,fiber_optic,no,no,yes,no,yes,no,month-to-month,yes,credit_card_(automatic),85.2,2874.45,no
female,0,no,no,40,yes,no,no,no_internet_service,no_internet_service,no_internet_service,no_internet_service,no_internet_service,no_internet_service,two_year,no,credit_card_(automatic),19.65,830.25,no
female,0,no,no,1,yes,no,dsl,no,no,no,no,no,no,month-to-month,yes,mailed_check,45.4,45.4,no
female,0,yes,yes,6,yes,no,no,no_internet_service,no_internet_service,no_internet_service,no_internet_service,no_internet_service,no_internet_service,two_year,no,mailed_check,20.1,100.35,no
female,0,no,no,39,no,no_phone_service,dsl,no,no,yes,no,yes,yes,month-to-month,yes,electronic_check,50.75,2011.4,yes
male,0,yes,yes,56,yes,yes,no,no_internet_service,no_internet_service,no_internet_service,no_internet_service,no_internet_service,no_internet_service,two_year,no,bank_transfer_(automatic),24.15,1402.25,no
male,0,yes,yes,36,yes,no,dsl,yes,no,yes,no,no,yes,one_year,yes,credit_card_(automatic),63.7,2188.5,no
male,0,no,no,44,no,no_phone_service,dsl,no,yes,yes,no,yes,yes,one_year,yes,mailed_check,53.95,2375.4,yes
male,0,yes,yes,7,yes,no,fiber_optic,no,no,no,no,no,no,month-to-month,yes,bank_transfer_(automatic),69.95,529.5,yes
female,0,no,no,2,yes,yes,fiber_optic,no,no,no,no,no,no,month-to-month,yes,electronic_check,75.9,143.35,yes
male,1,yes,no,72,yes,yes,fiber_optic,yes,yes,yes,no,yes,yes,two_year,yes,bank_transfer_(automatic),109.55,7920.7,no
male,0,yes,yes,1,yes,no,no,no_internet_service,no_internet_service,no_internet_service,no_internet_service,no_internet_service,no_internet_service,month-to-month,no,mailed_check,19.2,19.2,no
male,1,yes,yes,71,yes,yes,fiber_optic,yes,yes,no,no,yes,yes,month-to-month,yes,credit_card_(automatic),105.1,7548.1,yes
female,0,yes,no,17,yes,yes,fiber_optic,yes,no,no,no,no,no,month-to-month,no,electronic_check,78.9,1348.95,no
female,0,no,no,26,yes,no,dsl,no,yes,yes,no,no,no,one_year,yes,mailed_check,56.05,1553.2,no
female,0,no,no,29,yes,yes,fiber_optic,no,no,no,no,no,no,month-to-month,yes,credit_card_(automatic),76.0,2215.25,no
female,0,yes,yes,72,yes,no,dsl,yes,yes,yes,no,no,yes,two_year,no,credit_card_(automatic),68.75,4888.2,no
male,0,no,no,24,yes,yes,fiber_optic,no,yes,no,no,yes,yes,month-to-month,yes,bank_transfer_(automatic),99.65,2404.85,no
female,0,yes,yes,11,yes,yes,no,no_internet_service,no_internet_service,no_internet_service,no_internet_service,no_internet_service,no_internet_service,two_year,no,mailed_check,25.0,300.7,no
male,0,yes,yes,51,yes,no,dsl,yes,no,no,yes,yes,yes,one_year,yes,bank_transfer_(automatic),76.4,3966.3,no
male,0,yes,no,4,yes,no,dsl,no,no,no,yes,no,no,month-to-month,no,mailed_check,50.05,179.35,yes
male,0,yes,no,43,yes,no,fiber_optic,yes,yes,yes,no,no,no,month-to-month,yes,credit_card_(automatic),86.1,3551.65,no
female,1,yes,no,16,yes,yes,fiber_optic,no,no,no,no,no,yes,month-to-month,yes,credit_card_(automatic),85.35,1375.15,yes
female,0,no,no,10,yes,no,dsl,no,no,no,yes,no,yes,month-to-month,yes,mailed_check,60.95,629.55,no
female,0,yes,yes,64,yes,yes,fiber_optic,yes,no,no,yes,yes,yes,one_year,yes,bank_transfer_(automatic),104.4,6721.6,no
male,0,no,no,12,yes,no,dsl,yes,no,no,yes,no,no,month-to-month,no,mailed_check,56.65,654.85,yes
female,0,yes,no,18,yes,no,fiber_optic,yes,no,no,no,no,no,month-to-month,no,electronic_check,74.8,1438.05,no
male,0,no,no,65,yes,yes,fiber_optic,yes,no,yes,yes,yes,yes,one_year,yes,credit_card_(automatic),110.0,7138.65,no
female,0,no,no,29,yes,yes,fiber_optic,no,no,yes,no,yes,yes,month-to-month,no,bank_transfer_(automatic),100.55,2878.75,no
female,0,no,no,44,yes,yes,fiber_optic,no,yes,yes,no,no,no,month-to-month,yes,bank_transfer_(automatic),84.8,3862.55,yes
female,0,no,no,7,yes,no,dsl,no,no,no,yes,yes,yes,month-to-month,yes,credit_card_(automatic),70.75,450.8,yes
female,0,yes,no,1,yes,no,dsl,no,no,no,no,no,no,month-to-month,yes,electronic_check,45.0,45.0,no
male,1,no,no,31,yes,yes,fiber_optic,no,no,yes,yes,yes,no,month-to-month,yes,bank_transfer_(automatic),96.6,2877.95,no
male,0,no,no,9,no,no_phone_service,dsl,yes,no,yes,yes,no,yes,one_year,no,mailed_check,50.8,463.6,no
male,1,no,no,1,yes,no,fiber_optic,no,no,no,no,no,no,month-to-month,yes,electronic_check,71.65,71.65,yes
female,0,no,no,60,no,no_phone_service,dsl,yes,no,yes,no,yes,yes,two_year,no,electronic_check,53.6,3237.05,no
male,0,no,no,13,yes,no,no,no_internet_service,no_internet_service,no_internet_service,no_internet_service,no_internet_service,no_internet_service,one_year,yes,mailed_check,19.95,257.0,no
male,0,no,no,3,yes,yes,fiber_optic,no,no,yes,no,yes,yes,month-to-month,yes,electronic_check,100.95,329.95,yes
female,0,yes,yes,10,yes,no,no,no_internet_service,no_internet_service,no_internet_service,no_internet_service,no_internet_service,no_internet_service,month-to-month,yes,bank_transfer_(automatic),19.8,196.75,no
male,0,yes,yes,50,no,no_phone_service,dsl,yes,no,no,no,yes,no,month-to-month,yes,credit_card_(automatic),39.45,2021.35,no
female,0,no,no,8,yes,no,no,no_internet_service,no_internet_service,no_internet_service,no_internet_service,no_internet_service,no_internet_service,two_year,no,mailed_check,20.25,174.65,no
male,1,yes,no,41,no,no_phone_service,dsl,no,yes,yes,no,yes,yes,month-to-month,yes,electronic_check,53.95,2215.4,no
female,0,yes,yes,10,yes,yes,fiber_optic,no,no,no,no,no,yes,month-to-month,no,electronic_check,85.95,858.6,no
male,0,no,no,31,yes,yes,fiber_optic,no,no,no,yes,no,no,one_year,no,credit_card_(automatic),81.7,2548.65,no
male,0,yes,yes,40,yes,yes,dsl,no,no,yes,no,yes,yes,month-to-month,yes,electronic_check,74.55,3015.75,no
male,0,no,no,17,yes,yes,fiber_optic,no,no,yes,yes,no,yes,month-to-month,yes,bank_transfer_(automatic),95.65,1640.0,no
male,0,yes,yes,11,yes,no,no,no_internet_service,no_internet_service,no_internet_service,no_internet_service,no_internet_service,no_internet_service,month-to-month,yes,electronic_check,20.45,250.8,no
male,0,no,yes,19,yes,no,no,no_internet_service,no_internet_service,no_internet_service,no_internet_service,no_internet_service,no_internet_service,month-to-month,yes,electronic_check,20.0,377.55,no
female,0,no,no,31,yes,yes,fiber_optic,yes,no,yes,no,no,no,month-to-month,yes,credit_card_(automatic),84.75,2613.4,no
female,0,no,no,10,yes,yes,fiber_optic,no,yes,no,no,no,no,month-to-month,yes,credit_card_(automatic),81.0,818.05,yes
female,0,no,no,1,yes,no,fiber_optic,no,no,no,no,no,no,month-to-month,no,bank_transfer_(automatic),69.7,69.7,yes
male,0,no,no,1,yes,no,fiber_optic,no,no,no,no,no,yes,month-to-month,yes,electronic_check,80.8,80.8,yes
male,0,no,no,6,yes,no,no,no_internet_service,no_internet_service,no_internet_service,no_internet_service,no_internet_service,no_internet_service,one_year,no,mailed_check,20.6,116.6,no
male,0,no,no,1,yes,no,fiber_optic,no,no,no,no,no,no,month-to-month,no,electronic_check,69.95,69.95,yes
male,0,no,yes,41,yes,no,dsl,yes,yes,yes,no,yes,no,one_year,no,mailed_check,70.2,2894.55,no
male,0,yes,yes,66,yes,no,no,no_internet_service,no_internet_service,no_internet_service,no_internet_service,no_internet_service,no_internet_service,two_year,no,credit_card_(automatic),20.0,1374.2,no
male,0,no,no,26,yes,yes,fiber_optic,yes,yes,no,no,no,no,month-to-month,yes,credit_card_(automatic),86.65,2208.75,no
male,0,yes,yes,34,no,no_phone_service,dsl,yes,no,no,no,no,no,one_year,no,bank_transfer_(automatic),30.4,938.65,no
female,0,yes,yes,60,yes,yes,fiber_optic,yes,yes,yes,yes,yes,yes,two_year,no,credit_card_(automatic),115.25,6758.45,no
female,0,yes,no,37,yes,yes,fiber_optic,no,no,yes,no,yes,yes,month-to-month,yes,electronic_check,99.5,3762.0,yes
male,0,no,no,18,yes,yes,fiber_optic,no,no,yes,no,yes,no,one_year,yes,credit_card_(automatic),89.6,1633.0,no
male,0,no,no,62,yes,no,dsl,yes,yes,no,no,yes,yes,one_year,yes,credit_card_(automatic),74.3,4698.05,no
female,0,no,no,47,yes,no,no,no_internet_service,no_internet_service,no_internet_service,no_internet_service,no_internet_service,no_internet_service,two_year,yes,mailed_check,20.55,945.7,no
male,0,yes,yes,7,yes,no,no,no_internet_service,no_internet_service,no_internet_service,no_internet_service,no_internet_service,no_internet_service,one_year,no,mailed_check,20.65,150.0,no
male,0,yes,no,10,yes,yes,fiber_optic,no,no,no,no,no,yes,month-to-month,yes,electronic_check,85.25,855.3,yes
female,0,no,no,5,yes,no,fiber_optic,no,yes,no,yes,no,yes,month-to-month,yes,electronic_check,89.35,461.7,yes
female,0,yes,no,19,yes,no,dsl,no,yes,no,no,no,yes,month-to-month,yes,mailed_check,59.8,1130.85,no
female,0,yes,no,20,yes,no,no,no_internet_service,no_internet_service,no_internet_service,no_internet_service,no_internet_service,no_internet_service,one_year,no,mailed_check,20.35,393.15,no
male,0,yes,no,72,yes,yes,dsl,yes,yes,yes,yes,yes,yes,two_year,no,credit_card_(automatic),92.3,6719.9,no
female,0,no,no,1,yes,yes,fiber_optic,no,no,no,no,yes,yes,month-to-month,no,mailed_check,95.65,95.65,yes
female,0,no,no,66,yes,yes,fiber_optic,no,no,yes,no,yes,no,one_year,yes,bank_transfer_(automatic),92.15,6056.9,no
female,0,yes,no,24,yes,yes,dsl,yes,yes,yes,no,no,no,month-to-month,no,mailed_check,66.3,1559.45,no
male,0,yes,no,25,yes,no,no,no_internet_service,no_internet_service,no_internet_service,no_internet_service,no_internet_service,no_internet_service,one_year,yes,bank_transfer_(automatic),20.95,495.15,no
male,0,no,no,43,yes,no,fiber_optic,yes,no,no,no,no,no,month-to-month,yes,electronic_check,75.2,3198.6,yes
male,0,no,no,58,yes,yes,fiber_optic,no,no,no,yes,no,no,month-to-month,no,bank_transfer_(automatic),80.65,4807.35,no
female,0,no,no,20,yes,no,no,no_internet_service,no_internet_service,no_internet_service,no_internet_service,no_internet_service,no_internet_service,month-to-month,yes,credit_card_(automatic),18.9,347.65,no
male,0,no,no,27,yes,no,dsl,yes,no,yes,yes,yes,yes,one_year,no,electronic_check,81.7,2212.55,no
female,0,no,no,8,yes,yes,fiber_optic,yes,no,no,yes,yes,yes,month-to-month,yes,bank_transfer_(automatic),103.35,847.3,yes
male,0,yes,yes,60,yes,no,dsl,yes,yes,no,yes,yes,yes,month-to-month,yes,credit_card_(automatic),79.05,4663.4,no
female,0,no,yes,11,no,no_phone_service,dsl,yes,no,no,yes,no,no,one_year,yes,mailed_check,36.05,402.6,no
male,0,no,no,10,no,no_phone_service,dsl,no,yes,no,yes,no,no,month-to-month,no,electronic_check,35.75,389.8,no
male,1,yes,no,69,yes,yes,fiber_optic,no,yes,yes,yes,yes,yes,two_year,yes,bank_transfer_(automatic),108.4,7318.2,yes
female,0,yes,yes,42,yes,yes,no,no_internet_service,no_internet_service,no_internet_service,no_internet_service,no_internet_service,no_internet_service,two_year,no,electronic_check,22.95,1014.25,no
female,1,yes,no,34,yes,no,dsl,no,no,yes,yes,yes,no,one_year,no,bank_transfer_(automatic),64.2,2106.3,no
male,0,yes,yes,27,no,no_phone_service,dsl,no,yes,yes,no,no,yes,one_year,yes,credit_card_(automatic),45.85,1246.4,no
female,0,no,no,20,no,no_phone_service,dsl,no,no,no,no,no,no,month-to-month,no,credit_card_(automatic),24.9,505.95,no
male,0,yes,yes,72,yes,yes,no,no_internet_service,no_internet_service,no_internet_service,no_internet_service,no_internet_service,no_internet_service,two_year,yes,bank_transfer_(automatic),25.2,1798.9,no
male,0,yes,no,3,yes,yes,fiber_optic,no,no,no,yes,no,no,month-to-month,yes,bank_transfer_(automatic),79.65,251.75,yes
male,0,no,no,1,yes,no,fiber_optic,no,no,no,no,no,yes,month-to-month,no,electronic_check,80.5,80.5,yes
female,1,no,no,64,yes,no,dsl,yes,yes,no,yes,yes,no,two_year,yes,credit_card_(automatic),70.2,4481.0,yes
female,0,no,no,56,yes,yes,fiber_optic,no,yes,yes,no,yes,yes,one_year,yes,electronic_check,106.8,5914.4,no
female,0,yes,no,47,yes,yes,fiber_optic,yes,yes,yes,no,yes,no,month-to-month,yes,electronic_check,98.75,4533.7,yes
male,0,yes,no,70,yes,yes,dsl,yes,yes,yes,yes,yes,no,two_year,no,mailed_check,79.15,5536.5,no
male,0,no,no,48,yes,yes,fiber_optic,no,yes,yes,no,yes,yes,two_year,yes,bank_transfer_(automatic),108.1,5067.45,no
male,0,no,no,1,yes,yes,dsl,yes,yes,no,no,no,no,month-to-month,no,electronic_check,61.15,61.15,no
female,0,yes,no,3,yes,no,no,no_internet_service,no_internet_service,no_internet_service,no_internet_service,no_internet_service,no_internet_service,month-to-month,yes,mailed_check,19.9,45.75,no
male,0,yes,no,29,no,no_phone_service,dsl,no,no,no,no,yes,no,month-to-month,no,mailed_check,33.75,1009.25,no
male,0,no,no,12,yes,yes,fiber_optic,no,yes,yes,yes,yes,yes,month-to-month,yes,mailed_check,112.95,1384.75,yes
male,0,no,no,8,yes,yes,fiber_optic,no,no,no,no,no,no,month-to-month,yes,electronic_check,74.85,572.45,no
female,0,no,no,1,yes,yes,fiber_optic,no,no,no,no,no,no,month-to-month,yes,electronic_check,75.1,75.1,yes
female,0,yes,yes,23,yes,yes,dsl,yes,no,yes,yes,yes,no,two_year,yes,bank_transfer_(automatic),77.15,1759.4,no
male,1,no,no,47,yes,no,fiber_optic,yes,no,no,no,no,yes,month-to-month,no,mailed_check,85.5,4042.3,yes
male,1,yes,no,54,yes,yes,fiber_optic,no,no,yes,no,yes,yes,month-to-month,yes,credit_card_(automatic),99.05,5295.7,no
female,0,no,no,25,no,no_phone_service,dsl,no,no,yes,yes,yes,yes,one_year,no,electronic_check,54.2,1423.15,no
male,0,no,no,26,yes,yes,fiber_optic,no,no,yes,yes,no,no,month-to-month,yes,mailed_check,84.3,2281.6,no
male,0,yes,yes,68,yes,no,fiber_optic,yes,yes,yes,no,yes,yes,two_year,yes,credit_card_(automatic),103.25,7074.4,no
male,1,no,yes,56,yes,no,fiber_optic,yes,no,no,no,yes,yes,one_year,no,credit_card_(automatic),94.8,5264.3,no
female,1,yes,no,66,yes,yes,fiber_optic,no,yes,yes,yes,yes,yes,one_year,yes,credit_card_(automatic),108.1,7181.95,no
female,0,no,no,11,yes,no,dsl,no,no,no,no,yes,yes,month-to-month,yes,electronic_check,64.9,716.1,no
female,1,no,no,46,yes,yes,dsl,no,no,yes,yes,no,yes,one_year,yes,credit_card_(automatic),69.1,3255.35,no
male,1,yes,no,33,no,no_phone_service,dsl,no,yes,yes,yes,yes,no,month-to-month,yes,electronic_check,50.0,1750.85,no
female,0,yes,yes,54,yes,yes,fiber_optic,yes,yes,no,no,yes,yes,month-to-month,yes,bank_transfer_(automatic),104.1,5645.8,no
male,0,no,no,72,no,no_phone_service,dsl,yes,yes,yes,yes,yes,yes,two_year,yes,bank_transfer_(automatic),65.6,4566.5,no
male,1,yes,no,54,no,no_phone_service,dsl,no,no,no,no,no,no,month-to-month,yes,bank_transfer_(automatic),24.95,1364.75,no
female,0,no,no,55,yes,yes,fiber_optic,no,no,no,no,no,no,month-to-month,yes,electronic_check,73.1,4144.9,no
male,0,yes,no,68,yes,no,fiber_optic,no,yes,no,yes,yes,yes,one_year,yes,electronic_check,100.3,6754.35,no
female,0,yes,yes,72,yes,yes,dsl,yes,no,yes,yes,no,no,two_year,no,bank_transfer_(automatic),66.85,4758.8,no
female,0,yes,yes,18,yes,yes,no,no_internet_service,no_internet_service,no_internet_service,no_internet_service,no_internet_service,no_internet_service,two_year,yes,credit_card_(automatic),24.65,471.35,no
female,1,yes,no,52,yes,yes,fiber_optic,yes,yes,yes,no,yes,yes,month-to-month,yes,electronic_check,109.1,5647.95,no
male,0,yes,yes,54,yes,yes,fiber_optic,no,yes,no,yes,yes,yes,one_year,yes,electronic_check,105.2,5637.85,no
male,0,yes,yes,17,yes,no,no,no_internet_service,no_internet_service,no_internet_service,no_internet_service,no_internet_service,no_internet_service,one_year,no,bank_transfer_(automatic),19.9,329.75,no
male,1,yes,no,33,yes,no,fiber_optic,yes,yes,no,yes,no,yes,one_year,yes,electronic_check,93.55,3055.5,no
female,0,no,no,61,yes,yes,fiber_optic,no,yes,yes,no,yes,yes,one_year,yes,electronic_check,103.95,6423.0,no
male,0,yes,yes,1,yes,no,fiber_optic,no,no,no,no,yes,yes,month-to-month,yes,electronic_check,90.1,90.1,no
female,1,yes,no,71,yes,yes,dsl,yes,yes,yes,yes,no,yes,two_year,yes,bank_transfer_(automatic),82.7,5831.2,no
female,0,no,no,6,no,no_phone_service,dsl,yes,yes,yes,yes,yes,yes,two_year,yes,mailed_check,63.4,348.8,no
male,0,yes,yes,69,yes,yes,dsl,no,yes,yes,yes,yes,yes,two_year,yes,bank_transfer_(automatic),81.95,5601.4,no
female,0,no,no,9,yes,yes,fiber_optic,no,no,no,no,no,yes,month-to-month,yes,electronic_check,83.3,803.3,yes
male,0,yes,no,34,yes,yes,fiber_optic,no,no,yes,no,yes,yes,month-to-month,yes,electronic_check,100.05,3480.0,yes
female,0,yes,no,60,no,no_phone_service,dsl,no,yes,yes,yes,yes,yes,two_year,no,credit_card_(automatic),60.8,3603.45,no
male,0,yes,yes,51,yes,yes,no,no_internet_service,no_internet_service,no_internet_service,no_internet_service,no_internet_service,no_internet_service,one_year,yes,mailed_check,23.95,1216.35,no
female,0,yes,yes,43,yes,no,dsl,yes,no,yes,no,yes,yes,two_year,no,bank_transfer_(automatic),75.2,3254.35,no
male,0,yes,yes,42,yes,no,dsl,yes,no,no,yes,no,yes,one_year,no,credit_card_(automatic),63.7,2763.35,no
male,1,yes,no,29,yes,yes,dsl,no,no,no,no,no,no,month-to-month,yes,electronic_check,51.6,1442.0,no
female,0,no,no,3,yes,no,fiber_optic,no,no,no,no,yes,yes,month-to-month,yes,electronic_check,89.45,240.45,yes
female,0,yes,no,46,yes,yes,no,no_internet_service,no_internet_service,no_internet_service,no_internet_service,no_internet_service,no_internet_service,one_year,yes,bank_transfer_(automatic),24.45,1066.15,no
male,0,yes,yes,17,yes,no,fiber_optic,yes,no,yes,no,yes,no,month-to-month,yes,electronic_check,89.4,1539.45,yes
female,0,no,no,43,yes,yes,dsl,no,yes,yes,yes,yes,yes,one_year,no,credit_card_(automatic),85.1,3662.25,no
male,0,no,no,45,yes,yes,fiber_optic,yes,no,yes,yes,yes,yes,month-to-month,yes,credit_card_(automatic),108.45,4964.7,no
male,0,yes,no,72,yes,yes,fiber_optic,yes,yes,no,yes,yes,yes,two_year,yes,credit_card_(automatic),109.95,7852.4,no
female,0,yes,no,4,no,no_phone_service,dsl,yes,no,no,no,no,no,month-to-month,yes,electronic_check,29.05,129.6,no
male,0,no,no,7,yes,no,no,no_internet_service,no_internet_service,no_internet_service,no_internet_service,no_internet_service,no_internet_service,month-to-month,yes,mailed_check,18.95,130.55,no
female,1,no,no,2,yes,no,fiber_optic,no,no,no,no,no,yes,month-to-month,yes,bank_transfer_(automatic),79.75,159.4,yes
female,0,no,no,1,no,no_phone_service,dsl,no,no,no,no,no,no,month-to-month,yes,mailed_check,25.1,25.1,yes
female,0,no,no,7,yes,yes,fiber_optic,no,no,no,no,no,no,month-to-month,yes,electronic_check,75.35,564.65,no
male,1,no,no,8,yes,no,fiber_optic,no,no,no,no,no,no,month-to-month,yes,electronic_check,69.7,560.85,yes
male,0,yes,yes,15,yes,no,fiber_optic,yes,no,no,no,no,no,month-to-month,no,mailed_check,75.1,1151.55,no
female,0,no,no,45,yes,yes,fiber_optic,yes,yes,yes,yes,yes,yes,month-to-month,yes,electronic_check,115.65,5125.5,no
female,1,yes,no,32,yes,yes,fiber_optic,no,no,yes,no,no,no,month-to-month,no,mailed_check,79.3,2570.0,no
male,0,no,no,15,no,no_phone_service,dsl,no,no,yes,no,yes,yes,one_year,no,electronic_check,50.75,688.2,no
male,0,no,no,19,yes,no,fiber_optic,no,no,no,yes,no,yes,one_year,yes,credit_card_(automatic),87.7,1725.95,no
male,1,no,no,8,yes,yes,fiber_optic,no,no,yes,no,yes,yes,month-to-month,yes,electronic_check,100.6,819.4,yes
female,0,no,no,9,no,no_phone_service,dsl,yes,no,yes,yes,yes,yes,month-to-month,no,mailed_check,58.5,539.85,yes
female,0,no,no,41,yes,yes,fiber_optic,yes,yes,yes,yes,yes,no,month-to-month,yes,electronic_check,106.5,4282.4,no
female,0,no,no,2,yes,no,fiber_optic,no,no,yes,no,no,yes,month-to-month,yes,mailed_check,86.2,178.7,yes
male,0,no,no,1,yes,no,no,no_internet_service,no_internet_service,no_internet_service,no_internet_service,no_internet_service,no_internet_service,month-to-month,no,mailed_check,20.6,20.6,no
male,0,yes,yes,28,yes,no,fiber_optic,no,yes,yes,yes,yes,no,one_year,no,bank_transfer_(automatic),92.9,2768.35,no
male,1,no,no,67,yes,yes,fiber_optic,no,no,yes,no,yes,yes,month-to-month,yes,credit_card_(automatic),101.4,6841.05,no
female,1,no,no,72,yes,yes,fiber_optic,no,yes,yes,yes,yes,yes,two_year,no,electronic_check,111.65,7943.45,no
female,0,no,no,63,yes,yes,fiber_optic,no,yes,no,no,yes,yes,two_year,no,bank_transfer_(automatic),97.45,6253.0,no
female,0,yes,yes,47,yes,no,no,no_internet_service,no_internet_service,no_internet_service,no_internet_service,no_internet_service,no_internet_service,two_year,no,credit_card_(automatic),20.05,1016.7,no
male,0,yes,yes,15,yes,no,no,no_internet_service,no_internet_service,no_internet_service,no_internet_service,no_internet_service,no_internet_service,two_year,no,mailed_check,19.35,278.85,no
female,0,no,no,4,yes,no,fiber_optic,no,no,no,no,no,no,month-to-month,yes,credit_card_(automatic),70.05,266.9,yes
male,0,no,no,5,no,no_phone_service,dsl,no,yes,no,no,yes,yes,month-to-month,yes,mailed_check,51.0,305.95,yes
male,0,no,no,24,yes,no,fiber_optic,no,no,no,no,no,yes,month-to-month,yes,credit_card_(automatic),79.85,2001.0,no
male,1,no,no,4,yes,no,fiber_optic,no,no,no,no,no,no,month-to-month,yes,electronic_check,70.65,293.85,no
male,1,yes,yes,24,yes,yes,fiber_optic,yes,no,no,no,no,no,month-to-month,yes,electronic_check,79.85,1857.75,no
female,1,no,no,40,yes,yes,fiber_optic,no,no,yes,yes,yes,yes,one_year,yes,credit_card_(automatic),103.75,4188.4,no
female,0,no,no,14,yes,no,fiber_optic,no,yes,no,no,no,yes,month-to-month,yes,electronic_check,86.3,1180.95,yes
male,0,no,no,1,no,no_phone_service,dsl,no,no,no,no,yes,yes,month-to-month,yes,mailed_check,45.3,45.3,yes
female,0,no,no,25,yes,no,dsl,no,yes,no,yes,no,yes,month-to-month,yes,bank_transfer_(automatic),65.8,1679.65,no
male,0,yes,yes,7,no,no_phone_service,dsl,yes,no,no,yes,no,no,month-to-month,yes,electronic_check,34.5,279.25,yes
female,0,no,no,1,yes,no,no,no_internet_service,no_internet_service,no_internet_service,no_internet_service,no_internet_service,no_internet_service,month-to-month,yes,mailed_check,20.25,20.25,no
male,0,no,no,27,yes,no,no,no_internet_service,no_internet_service,no_internet_service,no_internet_service,no_internet_service,no_internet_service,two_year,no,credit_card_(automatic),19.85,470.0,no
male,0,no,yes,1,yes,no,no,no_internet_service,no_internet_service,no_internet_service,no_internet_service,no_internet_service,no_internet_service,month-to-month,yes,mailed_check,19.3,19.3,no
male,0,yes,yes,7,yes,no,dsl,yes,no,yes,yes,no,yes,month-to-month,yes,credit_card_(automatic),71.35,515.75,no
female,0,yes,yes,55,yes,yes,dsl,yes,no,yes,yes,yes,yes,two_year,yes,bank_transfer_(automatic),85.1,4657.95,no
female,0,yes,no,2,yes,no,fiber_optic,yes,no,no,yes,no,no,month-to-month,yes,electronic_check,80.15,194.55,no
female,0,yes,yes,23,yes,yes,fiber_optic,no,no,no,no,no,yes,month-to-month,no,electronic_check,85.6,1868.4,no
male,0,yes,yes,70,yes,yes,fiber_optic,no,yes,no,no,yes,yes,two_year,no,bank_transfer_(automatic),98.3,6859.5,yes
male,1,yes,no,2,yes,no,fiber_optic,no,no,yes,no,yes,yes,month-to-month,yes,credit_card_(automatic),95.5,181.65,no
male,0,yes,no,48,yes,no,no,no_internet_service,no_internet_service,no_internet_service,no_internet_service,no_internet_service,no_internet_service,two_year,no,mailed_check,19.25,855.1,no
male,1,no,no,67,yes,yes,fiber_optic,no,no,no,no,no,no,month-to-month,yes,mailed_check,75.7,5060.85,no
male,0,yes,yes,40,no,no_phone_service,dsl,no,yes,yes,yes,yes,yes,one_year,no,mailed_check,60.3,2448.5,no
male,0,yes,yes,35,yes,yes,dsl,no,no,no,yes,yes,yes,one_year,yes,bank_transfer_(automatic),73.45,2661.1,no
male,0,no,no,9,yes,no,no,no_internet_service,no_internet_service,no_internet_service,no_internet_service,no_internet_service,no_internet_service,one_year,yes,mailed_check,20.15,163.7,no
male,0,yes,no,47,yes,no,no,no_internet_service,no_internet_service,no_internet_service,no_internet_service,no_internet_service,no_internet_service,two_year,no,mailed_check,19.65,973.1,no
male,1,no,no,51,yes,no,fiber_optic,no,no,yes,no,yes,yes,one_year,yes,bank_transfer_(automatic),94.0,4905.75,no
male,0,no,no,2,yes,yes,fiber_optic,no,no,no,no,yes,no,month-to-month,yes,electronic_check,85.65,181.5,yes
female,0,no,no,60,yes,yes,fiber_optic,no,no,yes,no,no,no,one_year,yes,bank_transfer_(automatic),79.2,4765.0,no
male,0,no,no,1,yes,no,fiber_optic,yes,no,no,no,no,yes,month-to-month,yes,mailed_check,84.6,84.6,yes
male,0,no,no,3,yes,no,dsl,no,no,no,yes,yes,yes,month-to-month,yes,electronic_check,69.35,191.35,yes
male,0,no,no,2,yes,no,fiber_optic,no,no,no,no,yes,no,month-to-month,yes,electronic_check,80.25,144.55,yes
male,0,no,yes,64,yes,no,fiber_optic,no,yes,no,yes,yes,yes,month-to-month,yes,credit_card_(automatic),99.15,6171.2,no
female,0,yes,no,30,yes,yes,fiber_optic,no,yes,no,yes,yes,no,month-to-month,yes,credit_card_(automatic),94.1,2804.45,yes
male,1,no,no,2,yes,no,dsl,no,no,no,no,no,no,month-to-month,no,mailed_check,44.95,85.15,yes
male,0,no,no,22,yes,yes,fiber_optic,no,no,no,no,yes,yes,month-to-month,yes,electronic_check,95.1,2162.6,no
male,0,no,yes,1,yes,no,dsl,no,no,no,yes,no,no,month-to-month,yes,mailed_check,49.9,49.9,yes
male,0,no,yes,16,yes,yes,dsl,yes,yes,no,no,no,yes,month-to-month,yes,electronic_check,69.1,1083.7,no
male,0,yes,yes,68,yes,no,dsl,yes,yes,no,yes,yes,yes,two_year,no,bank_transfer_(automatic),82.85,5776.45,no
female,0,no,no,8,yes,no,fiber_optic,no,no,no,no,yes,no,month-to-month,yes,bank_transfer_(automatic),80.1,679.3,yes
female,0,no,no,47,yes,no,dsl,yes,yes,no,yes,no,no,one_year,yes,mailed_check,58.9,2813.05,no
male,0,yes,yes,69,yes,yes,dsl,yes,no,yes,yes,yes,yes,two_year,no,bank_transfer_(automatic),86.9,6194.1,no
male,0,no,no,4,yes,no,no,no_internet_service,no_internet_service,no_internet_service,no_internet_service,no_internet_service,no_internet_service,month-to-month,no,mailed_check,19.0,73.45,no
male,0,no,no,8,yes,no,fiber_optic,no,no,yes,no,yes,yes,month-to-month,yes,electronic_check,94.7,740.3,yes
male,0,no,no,1,yes,no,dsl,no,no,no,no,no,no,month-to-month,yes,mailed_check,44.9,44.9,no
male,0,no,no,35,yes,no,no,no_internet_service,no_internet_service,no_internet_service,no_internet_service,no_internet_service,no_internet_service,two_year,no,mailed_check,19.25,677.9,no
male,0,yes,no,61,yes,yes,fiber_optic,no,yes,no,yes,yes,no,two_year,yes,electronic_check,94.1,5638.3,yes
male,0,no,no,6,yes,no,dsl,no,no,no,no,no,no,month-to-month,no,electronic_check,44.75,270.95,yes
male,0,yes,no,40,yes,yes,fiber_optic,no,yes,yes,no,yes,yes,one_year,yes,bank_transfer_(automatic),106.0,4178.65,no
female,0,yes,yes,30,yes,no,dsl,yes,no,no,yes,no,yes,month-to-month,no,bank_transfer_(automatic),66.3,1923.5,no
male,0,no,no,37,yes,yes,dsl,yes,yes,yes,yes,yes,yes,one_year,yes,bank_transfer_(automatic),90.6,3358.65,no
female,0,yes,yes,7,no,no_phone_service,dsl,no,no,no,no,no,no,month-to-month,yes,electronic_check,24.7,149.05,no
female,0,yes,yes,33,yes,yes,fiber_optic,yes,no,yes,no,yes,yes,one_year,yes,mailed_check,103.7,3467.0,yes
male,0,no,no,18,yes,yes,fiber_optic,no,no,yes,no,no,yes,month-to-month,yes,credit_card_(automatic),90.7,1597.25,yes
male,0,yes,yes,7,yes,no,dsl,no,no,yes,no,no,no,month-to-month,no,electronic_check,48.7,340.25,yes
female,1,yes,no,60,yes,no,fiber_optic,yes,yes,yes,yes,yes,yes,two_year,yes,bank_transfer_(automatic),110.0,6668.35,no
female,0,yes,yes,3,no,no_phone_service,dsl,no,yes,no,no,no,yes,month-to-month,no,mailed_check,40.3,92.5,no
male,1,yes,no,24,yes,yes,fiber_optic,no,yes,yes,no,yes,yes,month-to-month,yes,electronic_check,104.25,2433.9,yes
male,1,yes,no,23,yes,yes,fiber_optic,no,yes,yes,no,yes,yes,month-to-month,yes,electronic_check,104.45,2184.85,no
female,0,no,no,1,yes,no,fiber_optic,yes,no,no,no,yes,yes,month-to-month,yes,electronic_check,95.6,95.6,yes
female,0,no,no,1,yes,no,dsl,no,yes,no,no,no,no,month-to-month,no,electronic_check,49.95,49.95,no
male,1,no,no,12,yes,yes,fiber_optic,no,no,yes,no,yes,yes,month-to-month,yes,electronic_check,99.45,1200.15,yes
female,1,no,no,6,yes,no,no,no_internet_service,no_internet_service,no_internet_service,no_internet_service,no_internet_service,no_internet_service,month-to-month,no,bank_transfer_(automatic),19.5,106.8,no
female,1,no,no,12,yes,yes,fiber_optic,no,yes,no,no,yes,no,month-to-month,yes,electronic_check,91.3,1094.5,yes
female,0,yes,no,1,no,no_phone_service,dsl,no,no,no,no,no,no,month-to-month,yes,electronic_check,24.8,24.8,yes
female,0,yes,no,44,yes,yes,fiber_optic,yes,yes,yes,yes,no,no,month-to-month,yes,credit_card_(automatic),95.1,4060.55,no
female,0,yes,no,71,yes,yes,no,no_internet_service,no_internet_service,no_internet_service,no_internet_service,no_internet_service,no_internet_service,two_year,no,bank_transfer_(automatic),24.75,1836.9,no
female,0,yes,no,48,no,no_phone_service,dsl,yes,no,yes,no,no,yes,month-to-month,yes,bank_transfer_(automatic),45.3,2145.0,yes
female,0,no,no,50,yes,yes,fiber_optic,no,no,no,no,yes,yes,month-to-month,yes,electronic_check,95.7,4729.75,no
male,0,no,no,29,yes,no,dsl,yes,yes,no,yes,no,no,one_year,yes,electronic_check,58.75,1696.2,no
male,0,no,no,6,yes,no,dsl,yes,no,no,no,no,yes,month-to-month,yes,bank_transfer_(automatic),59.15,336.7,no
male,0,no,no,1,yes,no,fiber_optic,no,no,no,no,no,no,month-to-month,yes,electronic_check,70.05,70.05,yes
male,0,yes,yes,1,yes,no,fiber_optic,no,no,no,no,no,no,month-to-month,yes,credit_card_(automatic),69.95,69.95,no
female,0,no,no,32,yes,no,no,no_internet_service,no_internet_service,no_internet_service,no_internet_service,no_internet_service,no_internet_service,one_year,no,bank_transfer_(automatic),20.55,654.55,no
female,0,no,no,2,no,no_phone_service,dsl,no,no,no,no,no,no,month-to-month,no,electronic_check,24.5,46.4,no
female,0,no,no,39,yes,no,no,no_internet_service,no_internet_service,no_internet_service,no_internet_service,no_internet_service,no_internet_service,two_year,no,credit_card_(automatic),20.7,762.45,no
male,1,no,no,57,yes,yes,dsl,no,yes,yes,no,yes,yes,two_year,yes,bank_transfer_(automatic),79.75,4438.2,no
male,0,no,no,26,yes,yes,fiber_optic,no,no,no,yes,no,no,month-to-month,yes,electronic_check,80.5,2088.8,yes
male,0,no,no,27,yes,no,no,no_internet_service,no_internet_service,no_internet_service,no_internet_service,no_internet_service,no_internet_service,one_year,no,mailed_check,20.3,595.05,no
female,0,no,yes,31,yes,no,no,no_internet_service,no_internet_service,no_internet_service,no_internet_service,no_internet_service,no_internet_service,one_year,no,credit_card_(automatic),20.1,589.25,no
male,0,no,no,35,yes,no,no,no_internet_service,no_internet_service,no_internet_service,no_internet_service,no_internet_service,no_internet_service,month-to-month,no,bank_transfer_(automatic),20.75,739.9,no
male,0,no,no,14,yes,no,fiber_optic,no,no,no,no,yes,yes,month-to-month,yes,electronic_check,92.9,1337.45,no
male,0,no,no,72,yes,yes,dsl,no,yes,yes,yes,yes,yes,two_year,yes,bank_transfer_(automatic),88.6,6201.95,no
female,0,yes,no,1,yes,no,no,no_internet_service,no_internet_service,no_internet_service,no_internet_service,no_internet_service,no_internet_service,month-to-month,yes,bank_transfer_(automatic),20.3,20.3,no
female,0,no,no,48,yes,no,fiber_optic,no,yes,no,no,no,no,one_year,no,electronic_check,75.15,3772.65,no
male,0,yes,yes,6,yes,no,dsl,no,yes,yes,no,no,no,month-to-month,yes,mailed_check,55.3,324.25,yes
female,1,no,no,20,yes,yes,fiber_optic,no,yes,yes,no,no,yes,month-to-month,yes,electronic_check,94.1,1782.4,yes
female,0,no,no,1,yes,no,fiber_optic,no,no,no,no,no,no,month-to-month,yes,electronic_check,70.25,70.25,yes
female,0,no,no,72,yes,no,no,no_internet_service,no_internet_service,no_internet_service,no_internet_service,no_internet_service,no_internet_service,two_year,yes,bank_transfer_(automatic),21.15,1419.4,no
male,0,yes,no,44,yes,no,dsl,yes,yes,no,yes,no,no,one_year,yes,bank_transfer_(automatic),59.85,2603.95,no
female,0,yes,no,72,yes,yes,no,no_internet_service,no_internet_service,no_internet_service,no_internet_service,no_internet_service,no_internet_service,two_year,no,electronic_check,24.55,1750.7,no
male,1,no,no,1,yes,yes,fiber_optic,no,no,no,no,no,no,month-to-month,yes,electronic_check,74.7,74.7,yes
male,0,yes,no,16,yes,no,fiber_optic,yes,yes,no,no,no,no,month-to-month,no,bank_transfer_(automatic),80.75,1321.3,no
female,1,yes,no,11,yes,yes,fiber_optic,no,no,yes,no,yes,yes,month-to-month,yes,electronic_check,99.55,1131.2,yes
male,0,yes,yes,64,no,no_phone_service,dsl,yes,no,yes,yes,yes,yes,two_year,yes,bank_transfer_(automatic),60.05,3845.45,no
male,0,yes,yes,22,yes,yes,dsl,no,no,yes,yes,yes,yes,one_year,yes,mailed_check,78.65,1663.75,no
male,0,no,no,15,yes,yes,fiber_optic,yes,no,no,no,yes,no,month-to-month,yes,bank_transfer_(automatic),87.75,1242.2,no
female,0,yes,yes,13,yes,no,no,no_internet_service,no_internet_service,no_internet_service,no_internet_service,no_internet_service,no_internet_service,two_year,no,mailed_check,19.55,265.3,no
female,0,no,no,48,yes,yes,no,no_internet_service,no_internet_service,no_internet_service,no_internet_service,no_internet_service,no_internet_service,one_year,no,bank_transfer_(automatic),24.55,1203.95,no
female,0,yes,no,15,yes,no,fiber_optic,no,yes,no,no,no,no,month-to-month,no,bank_transfer_(automatic),75.35,1114.55,no
female,1,no,no,26,yes,yes,fiber_optic,yes,yes,no,no,no,yes,month-to-month,yes,electronic_check,95.0,2497.2,yes
male,1,yes,no,40,yes,yes,fiber_optic,yes,no,no,no,yes,yes,month-to-month,no,electronic_check,101.85,4086.3,yes
male,0,yes,no,31,yes,no,fiber_optic,no,no,yes,no,yes,yes,one_year,yes,electronic_check,93.8,2939.8,no
female,0,no,no,66,no,no_phone_service,dsl,yes,yes,yes,yes,no,no,two_year,yes,mailed_check,47.4,3177.25,no
female,0,yes,yes,72,yes,yes,fiber_optic,yes,yes,yes,no,yes,yes,two_year,no,credit_card_(automatic),109.7,8129.3,no
male,0,no,no,52,no,no_phone_service,dsl,yes,yes,yes,yes,yes,yes,two_year,no,credit_card_(automatic),63.9,3334.95,no
male,0,no,no,2,yes,no,dsl,no,no,no,no,no,no,month-to-month,no,mailed_check,45.85,81.0,yes
female,0,yes,yes,71,yes,yes,no,no_internet_service,no_internet_service,no_internet_service,no_internet_service,no_internet_service,no_internet_service,two_year,no,credit_card_(automatic),23.9,1663.5,no
female,0,no,no,42,yes,no,dsl,yes,yes,yes,yes,no,yes,one_year,no,credit_card_(automatic),73.9,3160.55,yes
male,0,yes,no,62,no,no_phone_service,dsl,no,no,no,yes,yes,no,two_year,yes,bank_transfer_(automatic),39.0,2337.45,no
male,0,no,no,2,yes,no,dsl,no,no,no,yes,no,no,month-to-month,yes,credit_card_(automatic),50.2,109.25,no
male,1,no,no,34,yes,no,fiber_optic,no,no,no,no,no,no,month-to-month,no,credit_card_(automatic),69.15,2275.1,no
female,0,no,no,11,yes,yes,fiber_optic,yes,no,no,no,no,no,month-to-month,yes,bank_transfer_(automatic),79.0,929.3,no
female,0,yes,yes,61,yes,no,dsl,yes,no,no,no,no,no,one_year,yes,bank_transfer_(automatic),49.7,2961.4,no
male,0,no,yes,3,yes,no,no,no_internet_service,no_internet_service,no_internet_service,no_internet_service,no_internet_service,no_internet_service,month-to-month,no,bank_transfer_(automatic),20.2,50.6,no
female,0,no,no,1,yes,no,no,no_internet_service,no_internet_service,no_internet_service,no_internet_service,no_internet_service,no_internet_service,month-to-month,no,mailed_check,20.4,20.4,yes
male,0,no,no,40,no,no_phone_service,dsl,yes,yes,yes,no,yes,yes,one_year,no,credit_card_(automatic),62.05,2511.55,no
female,0,yes,no,46,yes,yes,fiber_optic,no,yes,yes,yes,yes,yes,two_year,yes,credit_card_(automatic),108.9,4854.3,no
male,0,no,no,1,yes,no,dsl,yes,no,no,no,no,no,month-to-month,no,electronic_check,47.95,47.95,no
male,0,no,yes,12,yes,no,dsl,yes,no,no,no,yes,yes,month-to-month,yes,mailed_check,69.85,837.5,no
female,0,yes,yes,72,yes,no,dsl,yes,yes,yes,yes,yes,yes,two_year,yes,bank_transfer_(automatic),83.7,6096.9,no
female,0,yes,yes,41,yes,yes,dsl,yes,yes,yes,no,yes,no,one_year,yes,credit_card_(automatic),78.35,3211.2,no
male,0,no,no,38,yes,no,dsl,yes,yes,no,yes,yes,no,one_year,no,mailed_check,70.6,2708.2,no
female,0,no,no,3,yes,no,fiber_optic,no,no,yes,yes,no,no,month-to-month,no,credit_card_(automatic),80.1,217.55,yes
male,1,no,no,18,yes,yes,fiber_optic,no,no,no,no,yes,yes,month-to-month,yes,electronic_check,95.45,1752.55,yes
female,0,yes,no,31,yes,no,fiber_optic,no,yes,no,no,no,yes,month-to-month,yes,bank_transfer_(automatic),83.85,2674.15,no
male,0,yes,yes,58,yes,yes,dsl,yes,yes,yes,yes,no,no,two_year,no,credit_card_(automatic),71.6,4230.25,no
female,0,no,no,18,yes,no,dsl,no,no,yes,no,no,no,month-to-month,yes,mailed_check,50.0,892.7,no
male,0,no,no,20,no,no_phone_service,dsl,yes,yes,yes,yes,yes,no,month-to-month,yes,credit_card_(automatic),55.0,1165.55,no
male,0,no,no,7,yes,yes,no,no_internet_service,no_internet_service,no_internet_service,no_internet_service,no_internet_service,no_internet_service,month-to-month,yes,bank_transfer_(automatic),25.05,152.95,no
male,0,yes,yes,46,yes,yes,fiber_optic,no,yes,no,no,no,no,month-to-month,yes,bank_transfer_(automatic),80.0,3769.7,no
female,0,yes,no,14,yes,no,fiber_optic,no,no,no,no,no,yes,month-to-month,yes,electronic_check,78.1,1122.4,no
female,0,no,no,1,yes,no,fiber_optic,no,no,no,no,no,yes,month-to-month,no,credit_card_(automatic),80.15,80.15,yes
male,0,yes,yes,55,yes,no,no,no_internet_service,no_internet_service,no_internet_service,no_internet_service,no_internet_service,no_internet_service,one_year,no,mailed_check,19.5,1026.35,no
female,0,no,no,11,yes,no,dsl,no,no,no,yes,yes,yes,month-to-month,no,mailed_check,70.5,829.3,no
female,0,yes,yes,8,yes,no,dsl,yes,yes,no,no,no,no,month-to-month,no,mailed_check,54.65,482.25,no
female,0,no,no,29,yes,no,fiber_optic,no,no,no,no,yes,no,month-to-month,yes,electronic_check,78.9,2384.15,yes
male,0,yes,no,70,yes,yes,dsl,yes,no,no,yes,yes,yes,two_year,yes,credit_card_(automatic),76.95,5289.8,no
male,0,no,no,29,no,no_phone_service,dsl,yes,no,no,yes,no,no,one_year,no,mailed_check,35.6,1072.6,no
female,0,no,no,38,yes,no,no,no_internet_service,no_internet_service,no_internet_service,no_internet_service,no_internet_service,no_internet_service,one_year,no,mailed_check,19.3,755.5,no
male,0,yes,yes,57,yes,no,no,no_internet_service,no_internet_service,no_internet_service,no_internet_service,no_internet_service,no_internet_service,two_year,no,mailed_check,20.75,1123.15,no
male,0,no,no,11,yes,no,dsl,no,yes,no,no,yes,no,one_year,yes,electronic_check,61.25,729.95,no
male,1,yes,no,23,yes,no,fiber_optic,yes,yes,no,no,no,yes,month-to-month,yes,electronic_check,90.0,2024.1,no
male,0,no,no,41,yes,no,fiber_optic,no,no,no,yes,no,no,month-to-month,yes,electronic_check,74.25,3089.1,no
male,0,no,yes,3,yes,no,no,no_internet_service,no_internet_service,no_internet_service,no_internet_service,no_internet_service,no_internet_service,month-to-month,yes,mailed_check,20.05,75.45,no
male,0,yes,yes,45,yes,yes,fiber_optic,no,yes,yes,no,no,yes,month-to-month,yes,bank_transfer_(automatic),95.95,4456.65,no
female,0,yes,yes,70,yes,yes,fiber_optic,no,yes,yes,yes,yes,yes,two_year,yes,electronic_check,110.2,7689.8,no
male,0,no,no,1,yes,no,dsl,no,no,yes,no,no,no,month-to-month,no,mailed_check,50.9,50.9,yes
male,0,no,yes,3,yes,no,dsl,yes,no,yes,no,no,no,month-to-month,no,mailed_check,55.9,157.55,no
male,0,yes,yes,63,yes,yes,dsl,yes,yes,yes,no,yes,yes,two_year,no,credit_card_(automatic),83.5,5435.0,no
male,0,no,yes,5,yes,no,no,no_internet_service,no_internet_service,no_internet_service,no_internet_service,no_internet_service,no_internet_service,month-to-month,no,credit_card_(automatic),20.35,122.0,no
male,0,no,yes,29,yes,no,no,no_internet_service,no_internet_service,no_internet_service,no_internet_service,no_internet_service,no_internet_service,one_year,no,mailed_check,19.85,535.05,no
female,0,no,no,72,yes,yes,fiber_optic,no,no,yes,yes,yes,yes,two_year,yes,credit_card_(automatic),107.5,7853.7,no
female,0,yes,no,71,no,no_phone_service,dsl,no,yes,yes,yes,yes,yes,two_year,no,bank_transfer_(automatic),58.25,4145.9,no
male,0,no,no,18,yes,no,no,no_internet_service,no_internet_service,no_internet_service,no_internet_service,no_internet_service,no_internet_service,two_year,no,credit_card_(automatic),20.05,388.6,no
female,0,yes,yes,3,yes,no,no,no_internet_service,no_internet_service,no_internet_service,no_internet_service,no_internet_service,no_internet_service,two_year,no,mailed_check,19.1,52.0,no
male,0,no,no,4,yes,yes,fiber_optic,no,no,no,no,no,no,month-to-month,yes,electronic_check,74.35,265.35,yes
male,0,no,yes,2,yes,no,dsl,no,no,no,no,no,yes,month-to-month,yes,electronic_check,55.3,108.65,no
male,0,no,no,60,yes,no,dsl,yes,yes,yes,no,no,no,two_year,no,electronic_check,61.4,3638.25,no
male,0,no,no,72,yes,yes,dsl,yes,yes,yes,yes,no,no,two_year,no,bank_transfer_(automatic),69.65,4908.25,no
female,0,yes,yes,68,yes,no,dsl,yes,yes,yes,yes,yes,yes,two_year,yes,credit_card_(automatic),85.0,5607.75,no
male,0,yes,no,38,no,no_phone_service,dsl,yes,yes,no,yes,yes,yes,two_year,yes,bank_transfer_(automatic),60.0,2193.2,no
male,0,no,no,58,yes,no,no,no_internet_service,no_internet_service,no_internet_service,no_internet_service,no_internet_service,no_internet_service,two_year,no,mailed_check,20.8,1212.25,no
female,0,yes,no,6,yes,yes,fiber_optic,no,yes,yes,no,yes,yes,month-to-month,yes,electronic_check,105.3,545.2,yes
female,0,no,no,52,yes,no,dsl,yes,no,yes,yes,no,no,one_year,no,credit_card_(automatic),57.95,3042.25,no
male,0,no,no,19,yes,no,fiber_optic,no,no,yes,yes,yes,no,month-to-month,no,mailed_check,89.95,1682.4,no
male,1,yes,no,8,yes,no,dsl,yes,no,no,no,yes,no,month-to-month,no,bank_transfer_(automatic),60.9,551.95,no
female,0,no,no,1,yes,no,no,no_internet_service,no_internet_service,no_internet_service,no_internet_service,no_internet_service,no_internet_service,month-to-month,yes,mailed_check,19.1,19.1,yes
male,0,no,no,37,yes,yes,fiber_optic,no,yes,no,yes,yes,yes,one_year,yes,credit_card_(automatic),104.5,3778.0,no
male,0,no,no,6,yes,no,dsl,no,no,yes,no,yes,no,month-to-month,no,mailed_check,60.9,414.1,no
male,0,no,no,1,yes,no,no,no_internet_service,no_internet_service,no_internet_service,no_internet_service,no_internet_service,no_internet_service,month-to-month,no,electronic_check,19.95,19.95,yes
female,1,no,no,3,yes,no,fiber_optic,no,no,yes,no,no,no,month-to-month,no,electronic_check,73.85,196.4,no
female,1,no,no,2,no,no_phone_service,dsl,no,no,yes,no,no,no,month-to-month,yes,electronic_check,30.4,78.65,yes
male,1,yes,no,43,yes,no,fiber_optic,no,yes,yes,no,yes,yes,one_year,yes,bank_transfer_(automatic),100.55,4304.0,no
male,0,yes,no,43,yes,no,fiber_optic,yes,no,yes,yes,no,no,one_year,yes,bank_transfer_(automatic),84.25,3539.25,no
female,1,no,no,14,yes,yes,fiber_optic,no,no,yes,no,no,no,month-to-month,yes,bank_transfer_(automatic),80.35,1058.1,no
female,0,no,no,3,yes,no,fiber_optic,no,no,no,no,no,no,month-to-month,yes,bank_transfer_(automatic),69.55,222.3,yes
male,0,no,no,10,yes,no,no,no_internet_service,no_internet_service,no_internet_service,no_internet_service,no_internet_service,no_internet_service,month-to-month,yes,mailed_check,19.85,193.05,no
female,0,no,no,12,yes,no,no,no_internet_service,no_internet_service,no_internet_service,no_internet_service,no_internet_service,no_internet_service,month-to-month,no,mailed_check,19.7,220.35,no
male,1,no,no,5,yes,no,fiber_optic,no,yes,no,no,no,yes,month-to-month,yes,electronic_check,85.55,408.5,no
female,0,no,no,67,yes,yes,fiber_optic,yes,yes,yes,no,yes,no,month-to-month,yes,credit_card_(automatic),102.95,6886.25,yes
male,0,no,yes,11,yes,yes,fiber_optic,no,no,no,no,no,yes,month-to-month,no,electronic_check,86.2,893.2,no
female,0,yes,no,68,yes,yes,fiber_optic,yes,yes,no,no,no,no,two_year,yes,bank_transfer_(automatic),84.7,5711.05,no
female,0,yes,no,34,yes,yes,fiber_optic,no,no,no,no,yes,yes,month-to-month,yes,electronic_check,97.65,3207.55,yes
male,0,no,no,2,yes,yes,dsl,no,yes,no,no,no,no,month-to-month,yes,mailed_check,54.4,114.1,yes
female,1,yes,no,44,yes,no,fiber_optic,yes,yes,no,yes,no,no,month-to-month,yes,electronic_check,85.15,3670.5,no
female,0,yes,yes,71,yes,no,dsl,yes,yes,yes,yes,no,no,two_year,no,credit_card_(automatic),64.05,4492.9,no
male,0,no,no,10,yes,yes,dsl,no,no,no,no,yes,yes,month-to-month,yes,credit_card_(automatic),72.15,794.25,yes
female,0,no,no,30,yes,yes,dsl,no,yes,yes,no,yes,no,one_year,yes,credit_card_(automatic),68.95,2038.7,no
female,0,yes,no,43,yes,no,dsl,yes,no,yes,yes,yes,yes,two_year,yes,electronic_check,78.8,3460.3,no
female,0,yes,no,32,yes,no,no,no_internet_service,no_internet_service,no_internet_service,no_internet_service,no_internet_service,no_internet_service,one_year,no,mailed_check,19.3,593.2,no
female,1,no,no,1,yes,no,fiber_optic,no,no,no,no,no,no,month-to-month,yes,electronic_check,70.55,70.55,yes
male,0,no,no,11,yes,no,no,no_internet_service,no_internet_service,no_internet_service,no_internet_service,no_internet_service,no_internet_service,month-to-month,no,mailed_check,20.25,208.0,no
female,1,yes,no,29,yes,yes,fiber_optic,no,no,yes,no,yes,yes,month-to-month,yes,bank_transfer_(automatic),99.05,2952.85,yes
male,0,no,yes,0,yes,no,no,no_internet_service,no_internet_service,no_internet_service,no_internet_service,no_internet_service,no_internet_service,two_year,no,mailed_check,20.25,0.0,no
male,0,yes,yes,19,yes,no,fiber_optic,no,yes,no,yes,yes,yes,one_year,no,bank_transfer_(automatic),100.0,1888.65,yes
male,0,no,no,40,yes,yes,fiber_optic,no,yes,yes,no,yes,yes,month-to-month,yes,mailed_check,102.65,4108.15,no
female,0,yes,yes,28,yes,no,fiber_optic,no,no,no,no,yes,yes,one_year,yes,bank_transfer_(automatic),90.1,2598.95,yes
male,0,no,yes,27,yes,no,no,no_internet_service,no_internet_service,no_internet_service,no_internet_service,no_internet_service,no_internet_service,month-to-month,no,mailed_check,19.15,537.35,no
male,0,no,no,22,yes,yes,no,no_internet_service,no_internet_service,no_internet_service,no_internet_service,no_internet_service,no_internet_service,two_year,no,mailed_check,25.25,566.5,no
female,0,yes,yes,69,yes,yes,dsl,yes,yes,no,yes,yes,no,one_year,no,credit_card_(automatic),73.7,4885.85,no
female,0,no,no,52,no,no_phone_service,dsl,yes,yes,yes,no,yes,yes,two_year,yes,bank_transfer_(automatic),58.75,3038.55,no
male,0,no,no,3,yes,no,no,no_internet_service,no_internet_service,no_internet_service,no_internet_service,no_internet_service,no_internet_service,month-to-month,yes,electronic_check,20.5,76.95,no
male,1,yes,no,16,yes,yes,fiber_optic,no,no,yes,no,yes,yes,month-to-month,yes,electronic_check,98.75,1587.55,yes
male,1,yes,no,71,yes,yes,fiber_optic,yes,yes,yes,no,yes,yes,month-to-month,yes,electronic_check,107.5,7713.55,no
male,1,yes,no,72,yes,yes,fiber_optic,yes,yes,yes,no,no,yes,two_year,yes,credit_card_(automatic),102.65,7550.3,no
female,0,no,no,6,yes,no,no,no_internet_service,no_internet_service,no_internet_service,no_internet_service,no_internet_service,no_internet_service,two_year,no,credit_card_(automatic),19.65,116.85,no
female,0,yes,yes,70,yes,no,dsl,yes,no,no,yes,yes,yes,two_year,no,credit_card_(automatic),75.35,5437.75,no
male,0,no,no,1,yes,no,no,no_internet_service,no_internet_service,no_internet_service,no_internet_service,no_internet_service,no_internet_service,month-to-month,no,electronic_check,20.65,20.65,no
male,0,no,no,18,yes,yes,fiber_optic,no,no,no,no,no,no,month-to-month,no,mailed_check,74.15,1387.0,no
female,0,no,no,5,yes,no,fiber_optic,no,no,no,yes,no,yes,month-to-month,yes,credit_card_(automatic),85.4,425.9,yes
female,0,no,no,1,yes,no,no,no_internet_service,no_internet_service,no_internet_service,no_internet_service,no_internet_service,no_internet_service,month-to-month,yes,bank_transfer_(automatic),20.2,20.2,yes
female,1,yes,no,12,yes,yes,fiber_optic,no,yes,yes,no,yes,no,month-to-month,yes,electronic_check,98.1,1060.2,yes
male,0,yes,no,72,no,no_phone_service,dsl,yes,yes,yes,no,no,no,two_year,no,bank_transfer_(automatic),42.1,2962.0,no
female,0,no,no,6,no,no_phone_service,dsl,no,no,yes,no,yes,yes,month-to-month,yes,electronic_check,47.95,305.1,yes
female,0,no,no,1,yes,yes,fiber_optic,no,no,no,no,no,yes,month-to-month,yes,electronic_check,85.0,85.0,yes
female,1,no,no,26,yes,no,fiber_optic,no,no,no,no,no,yes,month-to-month,yes,electronic_check,78.8,2006.1,no
female,0,no,no,33,yes,yes,fiber_optic,no,yes,no,no,yes,yes,month-to-month,yes,electronic_check,100.0,3320.6,no
female,1,no,no,31,yes,yes,fiber_optic,no,no,no,no,no,no,month-to-month,yes,electronic_check,73.9,2217.15,yes
male,0,yes,no,23,yes,no,no,no_internet_service,no_internet_service,no_internet_service,no_internet_service,no_internet_service,no_internet_service,one_year,no,credit_card_(automatic),19.3,486.2,no
male,0,no,no,1,yes,no,dsl,no,no,yes,yes,yes,yes,month-to-month,yes,electronic_check,75.5,75.5,no
female,1,yes,no,15,yes,yes,fiber_optic,no,no,yes,yes,no,no,month-to-month,yes,electronic_check,83.05,1258.3,yes
female,0,no,no,14,yes,no,fiber_optic,no,no,no,no,no,no,month-to-month,yes,credit_card_(automatic),71.0,914.0,yes
female,0,yes,yes,43,no,no_phone_service,dsl,yes,no,yes,yes,yes,yes,one_year,yes,credit_card_(automatic),60.4,2640.55,no
female,0,yes,no,64,yes,no,no,no_internet_service,no_internet_service,no_internet_service,no_internet_service,no_internet_service,no_internet_service,two_year,no,credit_card_(automatic),19.45,1208.6,no
female,0,yes,yes,19,yes,no,dsl,no,no,yes,no,no,no,month-to-month,yes,bank_transfer_(automatic),49.6,962.9,no
female,1,no,no,59,yes,yes,fiber_optic,yes,yes,yes,no,no,no,month-to-month,yes,electronic_check,89.75,5496.9,no
female,0,no,no,3,yes,no,dsl,no,no,yes,no,yes,no,month-to-month,no,electronic_check,57.55,161.45,no
female,0,no,no,15,yes,yes,dsl,yes,no,no,no,no,yes,month-to-month,yes,bank_transfer_(automatic),64.65,994.55,yes
female,1,no,no,7,yes,no,fiber_optic,no,no,yes,no,yes,no,month-to-month,yes,electronic_check,84.35,609.65,no
female,0,no,no,7,yes,no,no,no_internet_service,no_internet_service,no_internet_service,no_internet_service,no_internet_service,no_internet_service,month-to-month,no,mailed_check,20.35,150.6,no
female,1,yes,no,37,yes,yes,fiber_optic,no,no,no,no,no,no,month-to-month,yes,electronic_check,76.5,2868.15,yes
male,0,no,no,2,yes,no,fiber_optic,no,no,no,no,no,no,month-to-month,yes,electronic_check,70.3,144.0,no
male,1,yes,no,21,yes,no,fiber_optic,no,no,no,no,no,no,month-to-month,yes,electronic_check,69.1,1474.75,yes
male,0,yes,no,19,yes,yes,fiber_optic,yes,yes,no,yes,no,no,month-to-month,yes,credit_card_(automatic),88.8,1672.35,no
female,1,no,no,66,yes,yes,dsl,yes,yes,no,yes,no,no,one_year,yes,credit_card_(automatic),63.85,4174.35,no
female,0,no,no,4,yes,no,dsl,yes,yes,no,yes,no,no,month-to-month,yes,mailed_check,60.4,272.15,yes
male,1,yes,no,69,yes,yes,fiber_optic,no,yes,yes,yes,yes,yes,two_year,yes,electronic_check,109.95,7634.25,no
female,1,no,no,8,yes,yes,fiber_optic,no,no,no,yes,yes,yes,month-to-month,yes,credit_card_(automatic),100.15,908.55,no
male,0,yes,no,69,yes,yes,fiber_optic,yes,yes,yes,yes,yes,yes,two_year,yes,bank_transfer_(automatic),112.55,7806.5,no
male,0,no,no,2,yes,no,dsl,no,yes,no,no,no,no,month-to-month,yes,mailed_check,50.3,92.75,no
female,0,no,yes,1,yes,no,dsl,no,no,no,no,no,no,month-to-month,no,mailed_check,45.95,45.95,yes
male,0,no,no,55,yes,no,dsl,yes,no,yes,yes,no,no,two_year,yes,electronic_check,59.2,3175.85,no
female,0,no,no,18,yes,no,no,no_internet_service,no_internet_service,no_internet_service,no_internet_service,no_internet_service,no_internet_service,one_year,no,mailed_check,20.1,407.05,no
female,0,yes,no,64,yes,yes,dsl,no,no,yes,yes,no,no,one_year,no,bank_transfer_(automatic),58.35,3756.45,no
female,0,no,no,6,yes,no,dsl,no,no,no,no,no,yes,month-to-month,yes,electronic_check,55.0,340.4,no
female,0,yes,no,69,yes,yes,fiber_optic,yes,no,no,no,yes,yes,two_year,no,bank_transfer_(automatic),99.15,6875.35,no
male,0,yes,no,40,yes,yes,dsl,no,yes,no,yes,yes,no,one_year,no,credit_card_(automatic),70.75,2921.75,no
female,1,yes,no,30,yes,yes,fiber_optic,no,yes,no,no,yes,no,month-to-month,yes,electronic_check,90.05,2627.2,no
male,1,yes,yes,72,no,no_phone_service,dsl,yes,yes,yes,yes,yes,yes,two_year,yes,bank_transfer_(automatic),64.8,4732.35,no
female,0,yes,yes,25,yes,no,no,no_internet_service,no_internet_service,no_internet_service,no_internet_service,no_internet_service,no_internet_service,two_year,no,mailed_check,20.1,486.05,no
female,0,no,no,50,yes,yes,fiber_optic,yes,yes,no,yes,yes,yes,two_year,yes,electronic_check,109.65,5551.15,yes
male,0,yes,yes,5,yes,yes,fiber_optic,no,yes,no,no,no,no,month-to-month,yes,electronic_check,80.15,385.0,yes
female,1,no,yes,30,yes,yes,fiber_optic,no,no,no,yes,yes,yes,month-to-month,yes,electronic_check,101.3,2974.5,no
female,0,no,no,41,yes,no,no,no_internet_service,no_internet_service,no_internet_service,no_internet_service,no_internet_service,no_internet_service,two_year,no,mailed_check,20.65,835.15,no
male,0,no,no,56,yes,yes,fiber_optic,yes,no,no,yes,yes,yes,month-to-month,yes,mailed_check,105.35,5794.45,no
female,0,yes,yes,70,no,no_phone_service,dsl,no,yes,yes,yes,yes,yes,one_year,yes,bank_transfer_(automatic),58.4,4113.15,no
female,0,yes,yes,7,yes,no,no,no_internet_service,no_internet_service,no_internet_service,no_internet_service,no_internet_service,no_internet_service,month-to-month,no,mailed_check,20.65,158.95,no
female,0,no,no,1,yes,no,no,no_internet_service,no_internet_service,no_internet_service,no_internet_service,no_internet_service,no_internet_service,month-to-month,no,credit_card_(automatic),20.3,20.3,no
female,0,no,no,38,yes,yes,dsl,yes,yes,yes,no,yes,yes,one_year,no,bank_transfer_(automatic),84.1,3187.65,no
female,0,no,no,23,yes,yes,fiber_optic,no,yes,no,no,no,no,month-to-month,yes,electronic_check,79.15,1676.95,yes
male,0,yes,yes,72,yes,yes,no,no_internet_service,no_internet_service,no_internet_service,no_internet_service,no_internet_service,no_internet_service,two_year,yes,credit_card_(automatic),25.1,1790.8,no
male,0,no,no,5,yes,no,dsl,no,no,yes,yes,yes,yes,month-to-month,no,bank_transfer_(automatic),75.15,392.65,no
female,1,no,no,20,yes,no,fiber_optic,no,no,no,no,yes,no,month-to-month,no,bank_transfer_(automatic),80.7,1614.2,no
male,1,no,no,9,yes,yes,fiber_optic,no,no,no,no,no,yes,month-to-month,yes,electronic_check,85.05,746.5,yes
female,0,yes,no,29,yes,yes,fiber_optic,no,no,no,no,no,no,month-to-month,yes,electronic_check,74.95,2149.05,no
male,0,yes,yes,11,yes,no,dsl,no,no,yes,no,yes,no,month-to-month,yes,bank_transfer_(automatic),59.65,683.25,no
female,0,yes,yes,51,yes,yes,fiber_optic,no,no,no,yes,no,no,month-to-month,yes,electronic_check,80.75,4116.9,no
male,0,no,no,2,yes,no,dsl,no,no,no,no,no,no,month-to-month,no,bank_transfer_(automatic),44.9,111.05,no
female,1,no,no,39,yes,yes,fiber_optic,no,no,yes,no,yes,yes,month-to-month,yes,electronic_check,99.75,4036.0,no
female,0,no,yes,26,yes,yes,dsl,no,no,no,no,no,no,month-to-month,yes,mailed_check,49.5,1265.65,no
female,0,yes,yes,6,yes,no,no,no_internet_service,no_internet_service,no_internet_service,no_internet_service,no_internet_service,no_internet_service,month-to-month,no,mailed_check,19.7,113.5,no
male,0,yes,no,57,yes,no,dsl,yes,yes,no,yes,no,no,two_year,yes,electronic_check,59.75,3450.15,no
male,0,yes,no,4,yes,yes,fiber_optic,no,yes,no,no,yes,yes,month-to-month,yes,electronic_check,100.2,420.2,yes
male,0,no,no,3,no,no_phone_service,dsl,no,yes,no,no,no,no,month-to-month,yes,electronic_check,29.6,79.45,yes
male,0,yes,yes,28,yes,no,fiber_optic,no,yes,yes,no,yes,yes,one_year,no,bank_transfer_(automatic),100.35,2799.0,no
male,0,yes,no,32,yes,no,dsl,yes,yes,no,yes,no,yes,one_year,no,mailed_check,70.5,2201.75,no
male,0,no,no,36,yes,no,no,no_internet_service,no_internet_service,no_internet_service,no_internet_service,no_internet_service,no_internet_service,one_year,yes,credit_card_(automatic),20.35,695.85,no
male,0,no,no,27,yes,no,dsl,yes,no,no,no,no,no,month-to-month,no,mailed_check,50.35,1411.35,no
female,0,yes,yes,3,yes,yes,dsl,no,yes,yes,no,yes,no,month-to-month,yes,bank_transfer_(automatic),69.15,235.0,no
female,0,no,no,62,yes,yes,dsl,no,yes,yes,yes,yes,yes,two_year,no,bank_transfer_(automatic),84.5,5193.2,no
female,0,yes,no,49,yes,no,no,no_internet_service,no_internet_service,no_internet_service,no_internet_service,no_internet_service,no_internet_service,one_year,no,bank_transfer_(automatic),20.45,900.9,no
male,0,no,no,19,yes,yes,dsl,no,no,yes,yes,no,no,month-to-month,no,electronic_check,59.55,1144.6,no
male,1,no,no,5,no,no_phone_service,dsl,no,no,yes,yes,yes,no,month-to-month,no,credit_card_(automatic),45.4,214.75,no
female,0,no,yes,1,yes,no,fiber_optic,no,no,no,no,yes,yes,month-to-month,yes,electronic_check,89.35,89.35,no
male,0,yes,no,3,yes,yes,no,no_internet_service,no_internet_service,no_internet_service,no_internet_service,no_internet_service,no_internet_service,month-to-month,yes,mailed_check,23.6,89.05,no
female,0,yes,no,10,yes,no,no,no_internet_service,no_internet_service,no_internet_service,no_internet_service,no_internet_service,no_internet_service,month-to-month,yes,mailed_check,20.55,252.75,no
female,0,yes,yes,33,yes,yes,dsl,no,no,yes,yes,yes,yes,one_year,yes,electronic_check,79.15,2531.4,no
female,0,yes,yes,14,yes,yes,no,no_internet_service,no_internet_service,no_internet_service,no_internet_service,no_internet_service,no_internet_service,month-to-month,no,mailed_check,25.55,372.45,no
male,1,yes,no,61,yes,yes,fiber_optic,no,yes,no,no,no,no,month-to-month,yes,electronic_check,82.15,4904.85,no
male,0,no,no,1,yes,yes,no,no_internet_service,no_internet_service,no_internet_service,no_internet_service,no_internet_service,no_internet_service,month-to-month,yes,mailed_check,25.0,25.0,no
male,0,yes,no,1,yes,no,dsl,yes,no,yes,no,no,no,month-to-month,no,mailed_check,55.7,55.7,no
male,0,no,no,18,yes,no,fiber_optic,no,no,no,yes,no,no,month-to-month,yes,bank_transfer_(automatic),75.9,1373.05,no
female,0,yes,no,60,yes,yes,fiber_optic,no,yes,no,no,yes,yes,month-to-month,yes,electronic_check,99.8,5985.75,no
male,0,no,no,7,yes,yes,fiber_optic,no,no,no,no,no,yes,month-to-month,yes,mailed_check,85.2,602.55,yes
female,0,no,no,15,yes,no,no,no_internet_service,no_internet_service,no_internet_service,no_internet_service,no_internet_service,no_internet_service,one_year,no,credit_card_(automatic),20.1,302.45,no
female,0,no,no,1,no,no_phone_service,dsl,no,no,no,no,no,no,month-to-month,no,mailed_check,24.4,24.4,no
male,0,yes,yes,17,no,no_phone_service,dsl,yes,no,yes,no,yes,no,one_year,no,credit_card_(automatic),44.45,792.15,no
female,0,yes,yes,72,yes,yes,dsl,yes,no,yes,yes,yes,yes,two_year,yes,bank_transfer_(automatic),83.3,6042.7,no
female,0,yes,yes,39,yes,no,fiber_optic,no,no,yes,yes,no,no,month-to-month,yes,bank_transfer_(automatic),81.5,3107.3,no
male,1,yes,no,7,yes,yes,fiber_optic,yes,yes,no,no,no,yes,month-to-month,yes,credit_card_(automatic),94.7,673.1,yes
female,0,no,no,30,yes,no,dsl,yes,yes,yes,yes,yes,yes,one_year,no,bank_transfer_(automatic),85.35,2530.4,yes
male,0,yes,yes,32,yes,no,fiber_optic,no,no,no,no,no,no,month-to-month,yes,bank_transfer_(automatic),69.75,2347.9,yes
male,0,no,no,58,yes,no,dsl,no,yes,yes,yes,yes,no,two_year,no,bank_transfer_(automatic),70.1,4048.95,no
male,0,yes,yes,68,yes,yes,dsl,no,yes,yes,yes,no,yes,one_year,yes,bank_transfer_(automatic),75.8,5293.95,yes
female,0,yes,no,64,yes,no,dsl,no,yes,yes,yes,no,yes,two_year,yes,mailed_check,68.3,4378.8,no
male,0,yes,yes,35,yes,yes,dsl,yes,yes,yes,yes,no,no,two_year,yes,credit_card_(automatic),69.15,2490.15,no
male,0,yes,yes,72,no,no_phone_service,dsl,yes,yes,yes,yes,yes,yes,two_year,yes,bank_transfer_(automatic),65.65,4664.5,no
female,0,yes,no,72,yes,yes,dsl,yes,yes,yes,yes,yes,yes,two_year,yes,bank_transfer_(automatic),91.15,6637.9,no
female,0,yes,no,2,yes,no,fiber_optic,yes,no,no,no,no,no,month-to-month,yes,electronic_check,74.4,139.4,yes
male,0,yes,yes,66,no,no_phone_service,dsl,no,yes,yes,no,yes,yes,two_year,yes,credit_card_(automatic),56.75,3708.4,no
male,0,yes,yes,65,yes,no,dsl,yes,no,no,yes,yes,yes,two_year,yes,bank_transfer_(automatic),74.8,4820.15,yes
female,0,no,no,61,yes,yes,fiber_optic,yes,yes,yes,yes,yes,yes,one_year,yes,mailed_check,115.1,6993.65,no
female,0,no,no,17,yes,no,fiber_optic,no,yes,no,no,yes,no,month-to-month,yes,electronic_check,83.55,1329.15,no
female,0,no,no,1,yes,yes,no,no_internet_service,no_internet_service,no_internet_service,no_internet_service,no_internet_service,no_internet_service,month-to-month,yes,mailed_check,25.75,25.75,no
female,0,no,no,38,yes,yes,no,no_internet_service,no_internet_service,no_internet_service,no_internet_service,no_internet_service,no_internet_service,one_year,yes,electronic_check,24.25,914.4,no
male,0,no,no,22,yes,no,dsl,yes,no,no,yes,no,no,month-to-month,no,mailed_check,55.1,1253.15,no
male,0,no,yes,1,no,no_phone_service,dsl,no,no,no,no,no,no,month-to-month,yes,electronic_check,25.3,25.3,yes
female,0,yes,yes,21,yes,no,dsl,no,no,no,no,no,no,month-to-month,yes,electronic_check,44.95,926.25,no
male,0,no,no,68,yes,yes,dsl,yes,yes,yes,no,no,yes,one_year,yes,credit_card_(automatic),76.9,5023.0,no
female,0,no,no,39,no,no_phone_service,dsl,no,no,yes,no,yes,yes,month-to-month,yes,credit_card_(automatic),50.65,1905.4,no
male,0,no,no,35,yes,no,dsl,no,no,no,no,yes,no,month-to-month,no,mailed_check,55.0,2010.55,yes
female,0,yes,no,52,no,no_phone_service,dsl,yes,yes,yes,yes,yes,yes,two_year,no,credit_card_(automatic),66.25,3330.1,no
male,0,yes,no,71,yes,yes,fiber_optic,no,yes,no,yes,yes,yes,two_year,yes,credit_card_(automatic),104.15,7365.3,no
female,0,no,yes,1,yes,no,dsl,no,no,yes,no,no,yes,month-to-month,no,electronic_check,59.2,59.2,yes
male,1,yes,no,43,yes,yes,fiber_optic,no,yes,yes,no,yes,yes,month-to-month,yes,electronic_check,103.0,4414.3,yes
male,0,yes,yes,72,yes,yes,fiber_optic,no,yes,yes,no,yes,yes,one_year,yes,credit_card_(automatic),104.45,7459.0,no
female,0,yes,yes,8,yes,no,no,no_internet_service,no_internet_service,no_internet_service,no_internet_service,no_internet_service,no_internet_service,two_year,yes,mailed_check,19.85,146.6,no
male,1,no,no,34,yes,no,fiber_optic,no,yes,yes,no,yes,yes,one_year,yes,electronic_check,99.85,3343.15,no
female,0,yes,yes,1,yes,no,no,no_internet_service,no_internet_service,no_internet_service,no_internet_service,no_internet_service,no_internet_service,month-to-month,no,electronic_check,20.0,20.0,no
female,0,yes,yes,72,yes,no,fiber_optic,yes,yes,yes,yes,yes,yes,two_year,yes,bank_transfer_(automatic),108.3,7679.65,no
female,0,no,no,11,yes,no,dsl,no,no,yes,yes,no,yes,one_year,no,credit_card_(automatic),64.9,697.25,no
male,0,yes,yes,16,yes,no,dsl,yes,yes,no,no,no,no,one_year,yes,mailed_check,55.85,857.8,no
male,0,no,no,45,yes,yes,fiber_optic,no,yes,no,no,yes,yes,month-to-month,yes,credit_card_(automatic),100.85,4740.0,yes
male,0,no,no,16,yes,yes,fiber_optic,no,no,no,yes,no,yes,month-to-month,yes,credit_card_(automatic),89.05,1448.6,yes
male,1,yes,no,37,yes,no,fiber_optic,no,no,no,no,no,no,month-to-month,yes,bank_transfer_(automatic),72.25,2575.45,no
male,0,no,no,16,yes,no,no,no_internet_service,no_internet_service,no_internet_service,no_internet_service,no_internet_service,no_internet_service,month-to-month,yes,credit_card_(automatic),20.6,330.25,no
male,0,yes,yes,25,yes,no,no,no_internet_service,no_internet_service,no_internet_service,no_internet_service,no_internet_service,no_internet_service,one_year,no,electronic_check,19.9,505.45,no
male,0,yes,yes,10,yes,no,dsl,no,yes,no,no,no,no,one_year,no,mailed_check,49.55,475.7,no
male,0,no,no,26,yes,yes,dsl,yes,yes,no,no,no,no,one_year,no,electronic_check,61.55,1581.95,no
male,0,no,no,42,yes,yes,fiber_optic,no,yes,no,no,yes,yes,month-to-month,yes,electronic_check,101.75,4273.45,yes
male,0,yes,yes,45,yes,yes,no,no_internet_service,no_internet_service,no_internet_service,no_internet_service,no_internet_service,no_internet_service,two_year,no,mailed_check,24.45,1088.25,no
female,0,no,no,47,yes,yes,fiber_optic,no,yes,yes,no,yes,yes,month-to-month,yes,electronic_check,106.4,5127.95,yes
female,0,yes,no,40,yes,yes,fiber_optic,yes,no,yes,no,yes,yes,one_year,no,bank_transfer_(automatic),105.75,4228.55,no
female,1,no,no,17,yes,yes,fiber_optic,no,no,yes,no,no,no,month-to-month,yes,credit_card_(automatic),82.65,1470.05,no
male,1,no,no,2,no,no_phone_service,dsl,no,no,no,no,no,no,month-to-month,yes,mailed_check,24.45,47.5,yes
female,0,yes,yes,23,yes,yes,fiber_optic,yes,no,no,no,no,no,one_year,no,credit_card_(automatic),81.85,1810.85,no
female,0,no,no,53,yes,no,no,no_internet_service,no_internet_service,no_internet_service,no_internet_service,no_internet_service,no_internet_service,two_year,no,credit_card_(automatic),19.85,1049.6,no
male,0,no,no,5,yes,no,fiber_optic,no,no,no,no,yes,no,month-to-month,yes,mailed_check,80.1,398.55,no
female,0,no,no,72,yes,no,dsl,yes,yes,yes,yes,no,yes,two_year,yes,credit_card_(automatic),73.0,5265.2,no
female,0,yes,yes,44,yes,yes,fiber_optic,no,yes,yes,no,no,yes,one_year,no,electronic_check,94.4,4295.35,no
female,0,yes,no,16,yes,no,no,no_internet_service,no_internet_service,no_internet_service,no_internet_service,no_internet_service,no_internet_service,month-to-month,no,mailed_check,19.6,314.45,no
female,0,yes,yes,71,yes,yes,fiber_optic,yes,yes,yes,yes,yes,yes,two_year,no,bank_transfer_(automatic),114.6,8100.25,no
female,0,yes,yes,63,yes,no,dsl,yes,yes,yes,yes,yes,no,two_year,no,credit_card_(automatic),75.55,4707.85,no
male,0,yes,yes,70,yes,yes,no,no_internet_service,no_internet_service,no_internet_service,no_internet_service,no_internet_service,no_internet_service,two_year,no,credit_card_(automatic),25.15,1790.15,no
female,1,no,no,19,yes,no,fiber_optic,yes,yes,no,yes,yes,yes,month-to-month,yes,mailed_check,105.0,2007.25,no
female,0,yes,no,58,yes,yes,fiber_optic,yes,yes,yes,no,yes,yes,two_year,yes,bank_transfer_(automatic),109.45,6144.55,yes
male,1,yes,no,41,yes,no,fiber_optic,no,yes,no,no,yes,yes,month-to-month,yes,electronic_check,94.55,3851.45,no
male,0,no,no,9,yes,no,fiber_optic,no,no,no,no,no,no,month-to-month,no,mailed_check,70.05,657.5,no
male,0,yes,yes,44,no,no_phone_service,dsl,no,no,yes,yes,yes,yes,one_year,yes,electronic_check,54.3,2317.1,no
female,1,yes,no,72,yes,yes,dsl,yes,yes,yes,yes,yes,yes,two_year,yes,bank_transfer_(automatic),89.85,6697.35,no
female,0,yes,no,62,yes,yes,fiber_optic,yes,yes,yes,yes,yes,yes,two_year,no,mailed_check,113.95,6891.4,no
male,0,no,no,41,yes,no,fiber_optic,no,yes,no,yes,yes,no,one_year,yes,electronic_check,89.55,3729.75,no
female,0,yes,yes,43,yes,no,dsl,no,yes,no,no,no,no,month-to-month,no,mailed_check,50.2,2169.4,no
female,0,yes,yes,20,yes,yes,no,no_internet_service,no_internet_service,no_internet_service,no_internet_service,no_internet_service,no_internet_service,month-to-month,yes,bank_transfer_(automatic),25.55,507.4,no
female,0,yes,yes,8,yes,no,dsl,no,no,no,no,no,no,month-to-month,yes,electronic_check,45.45,411.75,no
female,0,no,no,60,no,no_phone_service,dsl,yes,no,yes,no,no,yes,one_year,yes,electronic_check,44.45,2773.9,no
female,0,no,no,35,yes,no,no,no_internet_service,no_internet_service,no_internet_service,no_internet_service,no_internet_service,no_internet_service,one_year,no,mailed_check,21.1,741.0,no
female,0,yes,yes,45,no,no_phone_service,dsl,no,yes,yes,yes,no,yes,one_year,no,bank_transfer_(automatic),51.0,2264.5,no
female,0,no,no,2,yes,yes,fiber_optic,no,no,no,no,no,no,month-to-month,yes,electronic_check,75.55,166.3,yes
male,0,no,no,66,yes,no,fiber_optic,yes,no,yes,yes,yes,yes,two_year,yes,bank_transfer_(automatic),105.65,6844.5,no
female,0,no,no,3,yes,no,fiber_optic,yes,no,no,no,no,no,month-to-month,yes,electronic_check,74.55,233.65,no
female,0,yes,no,60,no,no_phone_service,dsl,yes,yes,yes,no,no,yes,one_year,no,electronic_check,50.05,2911.5,no
female,0,yes,yes,10,yes,no,dsl,no,yes,no,yes,no,yes,month-to-month,yes,electronic_check,65.5,616.9,no
female,1,no,no,50,yes,yes,fiber_optic,no,no,yes,yes,yes,yes,month-to-month,yes,electronic_check,104.95,5222.35,no
male,0,yes,yes,19,yes,yes,fiber_optic,no,no,no,no,no,yes,month-to-month,yes,electronic_check,83.65,1465.75,yes
male,0,yes,no,64,yes,yes,fiber_optic,yes,no,yes,yes,yes,yes,one_year,yes,mailed_check,108.5,6880.85,no
male,0,no,no,7,yes,no,fiber_optic,no,no,no,no,no,no,month-to-month,no,bank_transfer_(automatic),69.15,488.65,no
female,0,yes,yes,51,no,no_phone_service,dsl,yes,no,no,yes,no,no,two_year,no,bank_transfer_(automatic),34.2,1782.0,no
female,0,yes,no,37,yes,yes,fiber_optic,yes,no,yes,yes,no,yes,one_year,yes,electronic_check,99.2,3754.6,yes
female,0,no,no,10,yes,no,fiber_optic,yes,no,no,no,yes,no,month-to-month,yes,mailed_check,84.7,832.05,yes
male,0,no,yes,70,yes,yes,fiber_optic,yes,yes,yes,yes,yes,yes,two_year,yes,electronic_check,114.6,7882.5,no
female,0,yes,no,5,yes,no,fiber_optic,yes,no,yes,no,no,yes,month-to-month,yes,mailed_check,88.9,454.15,yes
female,1,no,no,64,yes,yes,fiber_optic,yes,no,yes,yes,yes,yes,month-to-month,yes,bank_transfer_(automatic),108.95,7111.3,no
male,1,yes,no,62,yes,yes,fiber_optic,no,yes,yes,no,yes,yes,one_year,yes,electronic_check,103.75,6383.35,yes
male,0,no,no,1,yes,no,fiber_optic,no,no,no,no,yes,yes,month-to-month,yes,electronic_check,88.35,88.35,yes
female,0,yes,no,20,yes,no,no,no_internet_service,no_internet_service,no_internet_service,no_internet_service,no_internet_service,no_internet_service,one_year,yes,mailed_check,20.0,416.45,no
male,0,yes,no,72,yes,yes,fiber_optic,yes,yes,yes,no,no,yes,two_year,yes,electronic_check,99.15,7422.1,no
male,0,no,no,2,yes,no,no,no_internet_service,no_internet_service,no_internet_service,no_internet_service,no_internet_service,no_internet_service,month-to-month,yes,mailed_check,19.65,38.8,no
female,0,yes,no,66,yes,yes,fiber_optic,no,yes,yes,no,yes,yes,month-to-month,yes,electronic_check,105.2,6936.85,no
male,0,no,no,19,yes,no,dsl,no,no,yes,yes,no,no,month-to-month,yes,credit_card_(automatic),55.0,1046.5,yes
female,0,yes,yes,1,yes,no,dsl,no,no,no,no,no,no,month-to-month,yes,bank_transfer_(automatic),44.35,44.35,yes
female,0,yes,yes,24,no,no_phone_service,dsl,yes,yes,yes,no,yes,yes,one_year,no,electronic_check,57.6,1367.75,no
female,0,no,no,16,yes,yes,fiber_optic,no,no,yes,no,no,yes,month-to-month,yes,electronic_check,88.45,1422.1,yes
female,0,no,no,6,yes,no,dsl,yes,yes,no,no,no,no,month-to-month,no,mailed_check,55.15,322.9,no
male,0,yes,no,15,yes,yes,fiber_optic,no,no,yes,no,yes,yes,month-to-month,yes,electronic_check,101.1,1504.05,yes
male,0,yes,no,72,yes,yes,fiber_optic,no,yes,yes,yes,yes,yes,two_year,yes,credit_card_(automatic),110.6,7962.2,no
female,0,yes,yes,70,yes,no,no,no_internet_service,no_internet_service,no_internet_service,no_internet_service,no_internet_service,no_internet_service,two_year,no,bank_transfer_(automatic),19.8,1378.75,no
male,1,no,no,2,yes,yes,fiber_optic,no,no,no,no,yes,yes,month-to-month,yes,electronic_check,93.85,196.75,yes
female,0,yes,yes,15,yes,no,dsl,no,no,no,no,no,no,month-to-month,no,electronic_check,46.3,639.45,no
female,0,yes,yes,33,yes,no,no,no_internet_service,no_internet_service,no_internet_service,no_internet_service,no_internet_service,no_internet_service,one_year,no,mailed_check,20.1,579.4,no
female,0,yes,yes,14,yes,yes,fiber_optic,no,yes,no,no,no,yes,month-to-month,yes,bank_transfer_(automatic),90.9,1259.0,yes
female,1,no,no,23,yes,yes,fiber_optic,no,no,yes,no,no,no,month-to-month,yes,mailed_check,79.35,1835.3,no
female,0,no,no,9,yes,no,no,no_internet_service,no_internet_service,no_internet_service,no_internet_service,no_internet_service,no_internet_service,month-to-month,no,bank_transfer_(automatic),20.15,238.15,no
female,1,no,no,60,yes,yes,fiber_optic,no,no,yes,yes,yes,yes,one_year,yes,electronic_check,106.0,6441.4,yes
female,0,no,no,32,yes,yes,fiber_optic,yes,no,yes,yes,yes,yes,one_year,yes,bank_transfer_(automatic),109.55,3608.0,no
female,0,no,no,23,yes,no,dsl,no,no,yes,no,no,no,month-to-month,no,credit_card_(automatic),49.7,1081.25,no
female,0,no,no,50,yes,no,no,no_internet_service,no_internet_service,no_internet_service,no_internet_service,no_internet_service,no_internet_service,one_year,yes,mailed_check,19.35,1033.0,no
female,0,no,no,72,yes,yes,dsl,no,yes,yes,yes,yes,yes,two_year,no,bank_transfer_(automatic),86.6,6350.5,no
male,0,yes,no,9,yes,no,fiber_optic,no,yes,yes,no,no,no,month-to-month,yes,electronic_check,79.9,741.7,yes
male,1,no,no,3,yes,yes,fiber_optic,no,no,no,no,no,no,month-to-month,yes,electronic_check,77.0,237.75,yes
female,0,yes,yes,72,yes,yes,dsl,yes,yes,no,yes,no,no,two_year,no,credit_card_(automatic),66.75,4760.3,no
female,0,yes,yes,11,yes,no,dsl,yes,no,no,no,no,no,month-to-month,no,bank_transfer_(automatic),51.0,581.7,no
female,0,yes,yes,39,yes,yes,fiber_optic,no,yes,yes,yes,no,no,one_year,yes,electronic_check,89.55,3474.45,yes
female,0,no,no,3,yes,no,fiber_optic,yes,yes,no,no,no,no,month-to-month,yes,electronic_check,79.1,246.5,yes
female,0,no,no,1,yes,no,fiber_optic,yes,no,no,no,no,no,month-to-month,no,mailed_check,75.3,75.3,yes
male,0,no,no,4,yes,no,fiber_optic,no,no,no,no,yes,no,month-to-month,yes,electronic_check,81.0,340.85,yes
male,0,no,no,2,yes,no,dsl,no,no,no,no,no,no,month-to-month,no,electronic_check,45.35,89.5,yes
male,0,no,yes,66,yes,yes,no,no_internet_service,no_internet_service,no_internet_service,no_internet_service,no_internet_service,no_internet_service,two_year,yes,credit_card_(automatic),25.3,1673.8,no
female,0,yes,yes,72,yes,yes,no,no_internet_service,no_internet_service,no_internet_service,no_internet_service,no_internet_service,no_internet_service,two_year,no,bank_transfer_(automatic),24.45,1709.1,no
female,0,yes,no,7,yes,yes,fiber_optic,no,no,no,no,yes,no,month-to-month,yes,electronic_check,86.5,582.5,yes
female,0,yes,no,17,no,no_phone_service,dsl,no,yes,yes,no,no,no,month-to-month,yes,credit_card_(automatic),35.65,646.05,no
male,0,yes,no,31,yes,yes,fiber_optic,no,yes,yes,no,yes,no,month-to-month,no,electronic_check,93.8,3019.5,yes
female,0,yes,yes,46,yes,yes,no,no_internet_service,no_internet_service,no_internet_service,no_internet_service,no_internet_service,no_internet_service,one_year,no,mailed_check,24.95,1165.9,no
male,1,no,no,2,yes,yes,fiber_optic,no,no,no,no,no,no,month-to-month,yes,mailed_check,72.6,154.3,no
female,0,no,no,4,yes,no,no,no_internet_service,no_internet_service,no_internet_service,no_internet_service,no_internet_service,no_internet_service,month-to-month,no,credit_card_(automatic),20.45,82.85,no
female,0,yes,no,2,yes,no,fiber_optic,no,no,no,no,no,no,month-to-month,yes,electronic_check,70.35,120.25,no
female,1,no,no,41,yes,yes,fiber_optic,yes,yes,yes,no,yes,yes,month-to-month,yes,electronic_check,113.2,4689.5,yes
female,0,yes,no,13,yes,yes,fiber_optic,no,yes,yes,no,yes,no,month-to-month,no,electronic_check,94.1,1215.6,yes
male,1,yes,yes,60,yes,yes,fiber_optic,yes,no,no,no,no,no,month-to-month,yes,electronic_check,80.95,4859.1,no
female,0,no,no,2,yes,no,fiber_optic,no,no,no,no,no,yes,month-to-month,no,electronic_check,80.75,159.45,yes
male,0,no,no,1,yes,yes,fiber_optic,no,no,no,no,no,yes,month-to-month,yes,electronic_check,86.6,86.6,yes
male,0,no,no,1,yes,yes,no,no_internet_service,no_internet_service,no_internet_service,no_internet_service,no_internet_service,no_internet_service,month-to-month,yes,mailed_check,24.05,24.05,yes
male,1,yes,no,27,yes,yes,fiber_optic,no,yes,yes,no,no,yes,month-to-month,yes,electronic_check,95.55,2510.2,yes
male,0,no,no,32,yes,no,no,no_internet_service,no_internet_service,no_internet_service,no_internet_service,no_internet_service,no_internet_service,one_year,no,mailed_check,19.8,607.7,no
female,0,yes,yes,2,yes,no,no,no_internet_service,no_internet_service,no_internet_service,no_internet_service,no_internet_service,no_internet_service,one_year,no,mailed_check,20.3,31.9,no
female,0,no,no,16,yes,no,no,no_internet_service,no_internet_service,no_internet_service,no_internet_service,no_internet_service,no_internet_service,one_year,no,bank_transfer_(automatic),20.1,318.6,no
female,0,yes,no,52,yes,no,dsl,yes,no,yes,no,yes,no,one_year,yes,mailed_check,64.3,3410.6,no
female,0,no,no,1,yes,no,fiber_optic,no,no,no,no,no,no,month-to-month,no,electronic_check,70.5,70.5,yes
male,0,yes,no,72,yes,yes,fiber_optic,yes,yes,yes,yes,yes,yes,two_year,yes,credit_card_(automatic),116.95,8594.4,no
female,0,yes,no,20,yes,no,fiber_optic,no,no,no,no,no,no,month-to-month,yes,bank_transfer_(automatic),69.8,1540.35,no
male,0,no,no,23,yes,yes,fiber_optic,no,no,no,yes,yes,no,month-to-month,yes,electronic_check,90.6,1943.2,yes
male,0,no,no,23,yes,no,dsl,no,no,no,no,yes,yes,one_year,yes,bank_transfer_(automatic),64.9,1509.8,no
female,0,no,no,15,yes,no,fiber_optic,yes,yes,no,no,yes,yes,month-to-month,yes,credit_card_(automatic),99.1,1426.4,yes
male,0,no,no,52,yes,no,fiber_optic,no,no,yes,no,no,yes,month-to-month,yes,credit_card_(automatic),83.8,4331.4,no
female,0,yes,yes,72,yes,no,no,no_internet_service,no_internet_service,no_internet_service,no_internet_service,no_internet_service,no_internet_service,two_year,no,bank_transfer_(automatic),19.55,1463.45,no
male,0,no,no,16,yes,no,no,no_internet_service,no_internet_service,no_internet_service,no_internet_service,no_internet_service,no_internet_service,two_year,no,mailed_check,19.75,284.35,no
male,0,yes,no,49,yes,yes,fiber_optic,yes,yes,no,no,yes,no,month-to-month,yes,bank_transfer_(automatic),93.85,4733.1,no
male,0,no,no,35,yes,no,no,no_internet_service,no_internet_service,no_internet_service,no_internet_service,no_internet_service,no_internet_service,two_year,yes,mailed_check,20.2,684.4,no
male,0,yes,yes,13,yes,yes,no,no_internet_service,no_internet_service,no_internet_service,no_internet_service,no_internet_service,no_internet_service,one_year,no,bank_transfer_(automatic),24.5,343.6,no
female,0,yes,yes,29,yes,yes,no,no_internet_service,no_internet_service,no_internet_service,no_internet_service,no_internet_service,no_internet_service,two_year,no,mailed_check,26.1,692.55,no
female,0,yes,yes,58,yes,yes,dsl,no,yes,no,no,yes,no,month-to-month,yes,bank_transfer_(automatic),66.8,3970.4,no
female,0,no,no,9,yes,no,dsl,no,yes,no,yes,yes,no,month-to-month,no,mailed_check,66.25,620.55,yes
female,0,no,no,1,yes,no,dsl,no,no,no,no,no,no,month-to-month,yes,electronic_check,44.1,44.1,yes
male,0,yes,no,2,yes,yes,fiber_optic,no,no,yes,no,yes,no,month-to-month,yes,electronic_check,91.45,171.45,no
female,1,no,no,49,yes,yes,fiber_optic,no,no,yes,no,no,yes,month-to-month,yes,credit_card_(automatic),90.85,4515.85,yes
male,1,no,no,26,yes,yes,fiber_optic,no,no,no,no,yes,yes,month-to-month,yes,electronic_check,93.6,2404.1,no
female,0,no,no,1,yes,no,dsl,no,no,no,no,no,yes,month-to-month,yes,electronic_check,55.45,55.45,no
female,0,no,no,10,yes,yes,fiber_optic,no,no,no,no,no,no,month-to-month,yes,mailed_check,75.75,777.3,no
male,0,yes,yes,2,yes,no,no,no_internet_service,no_internet_service,no_internet_service,no_internet_service,no_internet_service,no_internet_service,month-to-month,no,mailed_check,20.3,40.25,no
female,1,no,no,49,yes,yes,fiber_optic,yes,yes,yes,yes,no,yes,one_year,no,bank_transfer_(automatic),103.0,5166.2,no
male,0,no,no,39,yes,no,fiber_optic,no,no,yes,yes,no,no,one_year,no,electronic_check,81.9,3219.75,no
male,0,no,no,70,yes,yes,fiber_optic,yes,no,no,yes,yes,yes,two_year,yes,credit_card_(automatic),104.0,7250.15,yes
male,0,no,yes,28,yes,no,dsl,no,yes,no,yes,no,no,one_year,yes,credit_card_(automatic),54.4,1516.6,no
female,0,yes,yes,62,yes,yes,fiber_optic,no,yes,yes,yes,yes,yes,one_year,yes,electronic_check,110.8,6840.95,no
male,0,no,yes,71,yes,yes,fiber_optic,yes,yes,no,no,no,no,one_year,yes,credit_card_(automatic),85.45,6028.95,no
female,0,no,no,53,yes,no,fiber_optic,no,yes,yes,yes,no,yes,one_year,yes,credit_card_(automatic),94.45,5042.75,no
male,0,yes,no,4,yes,yes,fiber_optic,no,no,no,no,no,no,month-to-month,yes,electronic_check,74.65,301.4,yes
female,0,yes,no,72,yes,yes,dsl,yes,yes,yes,no,yes,yes,two_year,yes,credit_card_(automatic),82.65,5919.35,no
female,0,no,no,1,yes,no,fiber_optic,no,yes,no,no,no,no,month-to-month,no,electronic_check,74.35,74.35,no
male,0,yes,yes,47,yes,no,fiber_optic,yes,no,yes,no,no,yes,month-to-month,no,electronic_check,90.05,4137.2,no
male,0,yes,no,43,yes,yes,dsl,yes,no,yes,no,yes,yes,one_year,yes,electronic_check,80.2,3581.6,no
female,0,no,no,7,no,no_phone_service,dsl,no,no,no,no,no,no,month-to-month,no,bank_transfer_(automatic),25.05,189.95,no
male,1,yes,no,56,yes,no,dsl,yes,yes,yes,yes,yes,yes,two_year,yes,bank_transfer_(automatic),85.65,4824.45,no
male,1,no,no,11,yes,yes,fiber_optic,no,yes,yes,yes,yes,yes,month-to-month,yes,electronic_check,111.4,1183.05,no
female,0,no,no,29,no,no_phone_service,dsl,yes,yes,no,yes,no,no,one_year,no,credit_card_(automatic),39.5,1082.75,no
female,0,yes,yes,22,yes,no,dsl,no,yes,no,no,yes,yes,one_year,yes,bank_transfer_(automatic),69.5,1498.2,yes
female,0,no,no,23,yes,yes,dsl,no,no,no,yes,yes,yes,one_year,yes,mailed_check,73.75,1756.6,no
female,0,no,no,13,yes,no,fiber_optic,no,no,no,no,no,yes,month-to-month,yes,electronic_check,80.5,1011.8,no
male,0,no,no,64,yes,yes,dsl,no,yes,yes,yes,yes,yes,two_year,no,credit_card_(automatic),86.55,5632.55,no
male,0,no,no,62,yes,yes,fiber_optic,yes,yes,yes,no,no,no,month-to-month,no,bank_transfer_(automatic),90.7,5586.45,no
male,0,yes,yes,15,yes,no,no,no_internet_service,no_internet_service,no_internet_service,no_internet_service,no_internet_service,no_internet_service,one_year,no,mailed_check,19.65,332.65,no
female,0,yes,no,17,yes,yes,dsl,no,yes,no,no,yes,yes,month-to-month,yes,bank_transfer_(automatic),75.4,1322.55,no
female,0,yes,yes,72,yes,yes,fiber_optic,yes,yes,yes,yes,yes,yes,two_year,yes,bank_transfer_(automatic),113.1,8248.5,no
female,0,no,no,7,yes,no,fiber_optic,no,no,yes,no,yes,yes,month-to-month,yes,electronic_check,95.35,660.9,yes
female,0,no,no,2,yes,no,dsl,no,yes,no,yes,no,no,month-to-month,yes,credit_card_(automatic),55.05,102.75,yes
male,0,yes,yes,56,yes,yes,dsl,yes,yes,no,yes,no,yes,two_year,yes,credit_card_(automatic),75.85,4261.2,no
female,0,no,no,6,yes,no,no,no_internet_service,no_internet_service,no_internet_service,no_internet_service,no_internet_service,no_internet_service,month-to-month,no,credit_card_(automatic),19.7,129.55,no
male,0,yes,yes,64,yes,no,dsl,yes,no,yes,yes,yes,no,two_year,no,mailed_check,69.25,4447.75,no
male,1,yes,no,17,yes,no,fiber_optic,no,no,no,no,no,yes,month-to-month,no,bank_transfer_(automatic),81.5,1329.2,yes
male,0,no,no,1,yes,no,no,no_internet_service,no_internet_service,no_internet_service,no_internet_service,no_internet_service,no_internet_service,month-to-month,no,mailed_check,19.65,19.65,no
male,0,no,no,51,yes,yes,fiber_optic,no,no,no,no,no,yes,month-to-month,no,bank_transfer_(automatic),83.4,4149.45,no
male,0,yes,no,72,yes,yes,fiber_optic,yes,yes,yes,no,yes,yes,two_year,yes,electronic_check,109.65,7880.25,no
female,0,no,no,11,yes,no,dsl,no,no,yes,yes,no,no,one_year,no,bank_transfer_(automatic),53.8,651.55,no
female,0,yes,yes,72,yes,yes,fiber_optic,yes,yes,yes,yes,yes,no,two_year,no,credit_card_(automatic),106.1,7657.4,no
female,0,yes,yes,37,yes,no,no,no_internet_service,no_internet_service,no_internet_service,no_internet_service,no_internet_service,no_internet_service,month-to-month,no,electronic_check,19.35,683.75,no
female,0,yes,no,35,yes,no,fiber_optic,no,no,no,no,no,no,month-to-month,yes,electronic_check,70.3,2416.55,yes
male,1,yes,yes,66,yes,yes,fiber_optic,no,no,yes,no,yes,yes,month-to-month,yes,credit_card_(automatic),99.5,6822.15,yes
female,0,yes,no,15,yes,no,fiber_optic,yes,no,yes,no,yes,yes,month-to-month,no,electronic_check,101.75,1669.4,no
female,0,no,no,7,yes,no,fiber_optic,no,no,yes,yes,yes,yes,month-to-month,yes,electronic_check,100.4,715.0,no
female,0,yes,no,49,yes,yes,fiber_optic,yes,no,no,no,yes,yes,month-to-month,yes,mailed_check,100.85,4847.35,no
female,1,no,no,2,yes,no,fiber_optic,no,no,no,no,no,no,month-to-month,yes,electronic_check,70.65,142.35,yes
female,1,no,no,17,yes,no,no,no_internet_service,no_internet_service,no_internet_service,no_internet_service,no_internet_service,no_internet_service,one_year,no,mailed_check,20.65,330.6,no
male,0,no,no,28,yes,yes,fiber_optic,yes,yes,no,no,no,yes,month-to-month,yes,credit_card_(automatic),94.5,2659.4,yes
female,0,no,no,41,yes,yes,no,no_internet_service,no_internet_service,no_internet_service,no_internet_service,no_internet_service,no_internet_service,one_year,yes,mailed_check,24.85,962.25,no
male,0,yes,no,24,yes,yes,fiber_optic,no,yes,yes,no,yes,yes,month-to-month,yes,electronic_check,104.65,2542.45,yes
male,0,yes,yes,69,yes,yes,fiber_optic,no,no,yes,no,no,no,two_year,yes,credit_card_(automatic),79.2,5420.65,no
male,0,no,no,35,yes,no,fiber_optic,no,yes,yes,no,yes,yes,one_year,yes,bank_transfer_(automatic),102.35,3626.1,yes
male,0,yes,yes,44,yes,no,no,no_internet_service,no_internet_service,no_internet_service,no_internet_service,no_internet_service,no_internet_service,one_year,yes,bank_transfer_(automatic),20.5,865.05,no
male,0,no,no,32,yes,no,fiber_optic,no,no,no,yes,yes,yes,month-to-month,yes,electronic_check,96.2,3183.4,yes
male,0,yes,yes,72,yes,yes,dsl,yes,yes,yes,yes,yes,yes,two_year,yes,credit_card_(automatic),90.8,6397.6,no
male,0,no,no,1,yes,no,fiber_optic,no,no,no,yes,no,no,month-to-month,no,electronic_check,74.0,74.0,no
female,1,no,no,18,yes,no,no,no_internet_service,no_internet_service,no_internet_service,no_internet_service,no_internet_service,no_internet_service,one_year,no,bank_transfer_(automatic),20.35,369.6,no
male,1,yes,yes,58,yes,yes,fiber_optic,yes,yes,no,yes,no,no,one_year,yes,bank_transfer_(automatic),89.85,5125.75,no
male,0,no,no,15,yes,no,no,no_internet_service,no_internet_service,no_internet_service,no_internet_service,no_internet_service,no_internet_service,month-to-month,no,mailed_check,19.75,311.6,no
female,0,yes,no,72,yes,yes,dsl,yes,no,yes,yes,yes,yes,two_year,yes,credit_card_(automatic),84.4,6096.45,no
female,0,yes,no,70,yes,yes,dsl,no,yes,yes,yes,yes,yes,two_year,yes,bank_transfer_(automatic),84.8,5917.55,no
female,0,no,no,1,yes,no,no,no_internet_service,no_internet_service,no_internet_service,no_internet_service,no_internet_service,no_internet_service,month-to-month,no,mailed_check,19.55,19.55,no
female,0,no,no,23,yes,yes,no,no_internet_service,no_internet_service,no_internet_service,no_internet_service,no_internet_service,no_internet_service,one_year,no,credit_card_(automatic),24.8,615.35,no
male,0,no,yes,6,yes,no,fiber_optic,no,no,yes,no,yes,yes,month-to-month,no,mailed_check,94.5,575.45,yes
male,0,yes,yes,28,yes,no,fiber_optic,no,no,yes,no,yes,no,month-to-month,no,electronic_check,85.45,2289.9,no
male,0,yes,yes,54,yes,no,fiber_optic,no,yes,no,yes,no,no,two_year,yes,bank_transfer_(automatic),79.95,4362.05,no
male,0,yes,no,71,yes,no,dsl,yes,no,no,yes,no,no,two_year,no,bank_transfer_(automatic),54.5,3778.2,no
male,0,no,yes,39,no,no_phone_service,dsl,yes,no,no,yes,yes,no,one_year,no,bank_transfer_(automatic),45.05,1790.6,no
male,0,yes,yes,67,yes,yes,fiber_optic,yes,yes,yes,no,yes,yes,one_year,yes,electronic_check,111.3,7482.1,yes
male,0,yes,yes,10,yes,yes,no,no_internet_service,no_internet_service,no_internet_service,no_internet_service,no_internet_service,no_internet_service,month-to-month,yes,mailed_check,24.4,253.9,no
male,0,no,no,1,yes,no,fiber_optic,no,no,no,no,no,no,month-to-month,yes,mailed_check,71.55,71.55,yes
female,0,yes,no,45,yes,no,fiber_optic,no,no,no,yes,yes,yes,two_year,yes,credit_card_(automatic),95.2,4285.8,no
female,0,yes,yes,48,yes,no,no,no_internet_service,no_internet_service,no_internet_service,no_internet_service,no_internet_service,no_internet_service,two_year,no,mailed_check,20.0,935.9,no
male,0,no,no,12,yes,yes,fiber_optic,no,no,no,no,yes,yes,month-to-month,no,electronic_check,94.55,1173.55,no
male,0,yes,yes,28,no,no_phone_service,dsl,yes,no,yes,yes,yes,no,one_year,no,mailed_check,50.8,1386.8,no
male,0,yes,yes,6,yes,no,no,no_internet_service,no_internet_service,no_internet_service,no_internet_service,no_internet_service,no_internet_service,two_year,yes,credit_card_(automatic),20.4,107.6,no
male,0,yes,no,43,yes,no,dsl,no,no,no,no,yes,no,one_year,yes,mailed_check,56.35,2391.15,no
female,1,no,yes,33,yes,yes,fiber_optic,no,yes,yes,no,yes,yes,month-to-month,yes,bank_transfer_(automatic),105.35,3465.05,no
female,0,no,no,1,yes,no,no,no_internet_service,no_internet_service,no_internet_service,no_internet_service,no_internet_service,no_internet_service,month-to-month,yes,mailed_check,20.2,20.2,yes
male,1,yes,no,27,no,no_phone_service,dsl,no,no,no,no,no,yes,month-to-month,no,bank_transfer_(automatic),36.5,1032.0,yes
male,0,yes,no,9,yes,yes,fiber_optic,yes,no,no,no,no,yes,month-to-month,yes,electronic_check,88.05,801.3,no
female,0,no,no,36,yes,yes,dsl,no,yes,no,yes,no,yes,one_year,yes,mailed_check,70.7,2511.95,no
male,0,yes,no,52,yes,yes,fiber_optic,yes,no,yes,yes,no,no,two_year,yes,credit_card_(automatic),91.6,4627.8,no
female,0,no,no,7,yes,no,dsl,no,no,no,no,yes,yes,month-to-month,yes,electronic_check,66.85,458.1,no
male,0,no,no,27,yes,yes,fiber_optic,no,no,yes,no,no,no,month-to-month,yes,electronic_check,81.3,2272.8,no
female,0,yes,yes,10,yes,no,dsl,no,yes,yes,no,no,no,month-to-month,yes,mailed_check,55.55,551.3,no
female,0,no,no,11,yes,no,dsl,no,yes,no,no,no,no,month-to-month,no,electronic_check,51.1,531.15,no
female,0,yes,yes,71,yes,yes,no,no_internet_service,no_internet_service,no_internet_service,no_internet_service,no_internet_service,no_internet_service,two_year,no,bank_transfer_(automatic),25.45,1813.35,no
male,1,no,no,48,yes,yes,fiber_optic,no,yes,no,no,yes,yes,one_year,yes,electronic_check,99.0,4744.35,no
male,0,no,no,4,yes,no,no,no_internet_service,no_internet_service,no_internet_service,no_internet_service,no_internet_service,no_internet_service,month-to-month,no,mailed_check,19.0,78.9,no
female,1,no,no,57,no,no_phone_service,dsl,no,yes,yes,no,yes,yes,month-to-month,yes,electronic_check,55.0,3094.05,no
female,0,no,no,1,yes,no,no,no_internet_service,no_internet_service,no_internet_service,no_internet_service,no_internet_service,no_internet_service,month-to-month,no,mailed_check,20.4,20.4,no
female,0,yes,no,49,yes,no,no,no_internet_service,no_internet_service,no_internet_service,no_internet_service,no_internet_service,no_internet_service,two_year,yes,bank_transfer_(automatic),20.15,973.35,no
female,0,yes,yes,35,yes,yes,dsl,yes,yes,no,no,no,no,month-to-month,yes,credit_card_(automatic),59.45,2136.9,no
male,0,yes,yes,8,yes,no,no,no_internet_service,no_internet_service,no_internet_service,no_internet_service,no_internet_service,no_internet_service,two_year,no,mailed_check,19.7,130.25,no
male,0,no,no,2,yes,no,no,no_internet_service,no_internet_service,no_internet_service,no_internet_service,no_internet_service,no_internet_service,month-to-month,no,mailed_check,20.35,33.2,yes
female,0,yes,yes,6,yes,no,no,no_internet_service,no_internet_service,no_internet_service,no_internet_service,no_internet_service,no_internet_service,month-to-month,no,mailed_check,19.85,119.3,no
male,0,yes,no,63,yes,no,dsl,yes,yes,no,yes,yes,no,one_year,no,credit_card_(automatic),70.8,4448.8,no
male,0,yes,yes,67,yes,no,fiber_optic,no,yes,yes,yes,yes,yes,two_year,no,bank_transfer_(automatic),103.15,6895.5,no
female,0,no,no,47,yes,yes,dsl,yes,no,yes,yes,no,no,two_year,yes,mailed_check,65.0,2879.9,no
male,0,yes,yes,37,yes,yes,dsl,yes,no,yes,yes,no,no,two_year,yes,credit_card_(automatic),62.8,2278.75,no
male,1,no,no,69,yes,no,no,no_internet_service,no_internet_service,no_internet_service,no_internet_service,no_internet_service,no_internet_service,two_year,no,credit_card_(automatic),20.3,1356.3,no
male,1,yes,no,72,yes,yes,fiber_optic,no,yes,yes,yes,yes,yes,two_year,yes,bank_transfer_(automatic),109.75,7932.5,no
male,0,yes,yes,15,yes,no,fiber_optic,yes,no,no,yes,yes,yes,one_year,no,electronic_check,101.9,1667.25,no
male,0,yes,no,33,yes,no,fiber_optic,no,no,no,no,yes,yes,month-to-month,no,electronic_check,91.25,2964.05,no
female,1,no,no,67,yes,no,fiber_optic,yes,yes,no,yes,yes,no,two_year,yes,bank_transfer_(automatic),92.45,6140.85,no
male,0,yes,no,17,yes,yes,fiber_optic,no,yes,no,no,no,no,month-to-month,yes,bank_transfer_(automatic),80.5,1336.9,no
female,0,yes,yes,15,yes,no,dsl,no,yes,yes,yes,yes,yes,month-to-month,no,bank_transfer_(automatic),76.5,1155.6,no
male,0,no,no,54,yes,no,no,no_internet_service,no_internet_service,no_internet_service,no_internet_service,no_internet_service,no_internet_service,two_year,no,credit_card_(automatic),19.65,1008.7,no
male,0,yes,yes,67,yes,yes,fiber_optic,no,yes,yes,yes,yes,yes,two_year,yes,bank_transfer_(automatic),111.2,7530.8,no
female,0,no,no,6,yes,no,fiber_optic,no,no,no,no,yes,yes,month-to-month,yes,electronic_check,89.5,573.3,yes
female,1,no,no,9,yes,yes,fiber_optic,no,no,no,no,no,yes,month-to-month,yes,electronic_check,84.45,762.5,yes
male,1,no,no,2,yes,no,dsl,no,no,yes,no,no,no,month-to-month,no,mailed_check,49.95,107.1,no
male,0,no,no,17,yes,no,fiber_optic,no,no,no,no,no,no,month-to-month,yes,electronic_check,70.8,1207.0,no
male,0,no,yes,48,yes,yes,dsl,yes,no,yes,no,yes,yes,one_year,yes,credit_card_(automatic),78.75,3682.45,no
male,0,yes,yes,6,yes,no,fiber_optic,no,no,no,no,no,no,month-to-month,yes,electronic_check,69.8,377.85,no
female,0,yes,no,10,yes,no,no,no_internet_service,no_internet_service,no_internet_service,no_internet_service,no_internet_service,no_internet_service,one_year,no,mailed_check,20.1,184.4,no
male,0,yes,no,72,yes,yes,dsl,yes,yes,yes,yes,no,no,two_year,yes,bank_transfer_(automatic),67.8,4804.65,no
female,0,yes,no,56,yes,yes,no,no_internet_service,no_internet_service,no_internet_service,no_internet_service,no_internet_service,no_internet_service,one_year,no,electronic_check,24.3,1261.7,no
female,0,no,no,30,yes,no,no,no_internet_service,no_internet_service,no_internet_service,no_internet_service,no_internet_service,no_internet_service,two_year,no,credit_card_(automatic),19.4,578.5,no
female,0,no,no,43,yes,yes,fiber_optic,yes,yes,yes,yes,yes,yes,two_year,no,credit_card_(automatic),115.05,4895.1,no
male,1,no,no,50,yes,yes,dsl,yes,yes,no,no,yes,no,month-to-month,yes,bank_transfer_(automatic),70.35,3454.6,no
female,0,yes,yes,47,yes,no,no,no_internet_service,no_internet_service,no_internet_service,no_internet_service,no_internet_service,no_internet_service,two_year,yes,bank_transfer_(automatic),21.3,1041.8,no
female,0,yes,yes,33,yes,no,dsl,yes,yes,yes,no,no,no,one_year,yes,mailed_check,58.45,1955.4,no
male,0,no,no,28,yes,no,fiber_optic,no,no,yes,yes,no,yes,month-to-month,no,electronic_check,91.0,2626.15,no
female,1,yes,no,1,yes,no,fiber_optic,no,no,no,no,no,no,month-to-month,yes,mailed_check,70.45,70.45,yes
male,0,yes,no,5,yes,yes,fiber_optic,no,yes,no,no,no,no,month-to-month,yes,electronic_check,78.75,412.1,yes
male,0,no,no,63,yes,yes,fiber_optic,no,yes,no,no,no,yes,one_year,no,credit_card_(automatic),90.45,5825.5,no
male,1,no,no,1,yes,no,fiber_optic,no,no,no,no,no,no,month-to-month,no,electronic_check,69.1,69.1,yes
male,0,yes,yes,31,yes,no,dsl,no,no,yes,yes,no,no,month-to-month,no,mailed_check,54.35,1647.0,no
female,0,yes,no,21,yes,no,fiber_optic,no,no,no,yes,yes,no,month-to-month,yes,electronic_check,86.05,1818.9,no
female,0,no,no,29,yes,yes,dsl,yes,yes,no,yes,no,no,month-to-month,no,mailed_check,67.45,1801.1,no
female,1,yes,no,27,yes,yes,fiber_optic,yes,no,no,yes,yes,yes,month-to-month,yes,bank_transfer_(automatic),104.3,2867.75,yes
male,0,no,no,41,no,no_phone_service,dsl,no,no,yes,no,yes,yes,one_year,yes,electronic_check,51.35,2075.1,no
male,0,yes,yes,65,yes,yes,fiber_optic,yes,no,yes,yes,yes,yes,two_year,no,bank_transfer_(automatic),108.65,6937.95,yes
female,0,no,no,6,yes,no,no,no_internet_service,no_internet_service,no_internet_service,no_internet_service,no_internet_service,no_internet_service,month-to-month,no,mailed_check,20.0,109.2,no
female,0,yes,yes,53,yes,no,fiber_optic,no,yes,yes,yes,yes,yes,month-to-month,yes,bank_transfer_(automatic),108.25,5935.1,no
male,0,no,no,1,yes,no,no,no_internet_service,no_internet_service,no_internet_service,no_internet_service,no_internet_service,no_internet_service,month-to-month,no,mailed_check,20.05,20.05,no
female,0,no,no,8,yes,yes,fiber_optic,no,no,no,no,no,no,month-to-month,yes,electronic_check,73.5,632.2,no
male,0,yes,yes,60,yes,no,no,no_internet_service,no_internet_service,no_internet_service,no_internet_service,no_internet_service,no_internet_service,two_year,no,credit_card_(automatic),19.65,1161.75,no
male,0,no,no,1,yes,no,fiber_optic,no,no,no,no,yes,yes,month-to-month,yes,electronic_check,89.9,89.9,yes
male,0,no,no,1,yes,no,fiber_optic,no,no,no,no,yes,yes,month-to-month,yes,electronic_check,90.55,90.55,yes
female,0,yes,yes,63,yes,no,dsl,yes,yes,yes,yes,no,no,two_year,no,mailed_check,63.55,4014.2,no
female,1,no,no,2,yes,yes,fiber_optic,no,no,yes,no,no,no,month-to-month,yes,electronic_check,78.55,149.55,yes
female,0,yes,yes,71,yes,yes,fiber_optic,yes,yes,yes,no,yes,no,two_year,no,bank_transfer_(automatic),100.5,7030.65,no
female,0,yes,no,31,yes,no,dsl,yes,no,no,yes,no,yes,one_year,yes,electronic_check,64.0,1910.75,no
male,0,no,no,22,yes,no,no,no_internet_service,no_internet_service,no_internet_service,no_internet_service,no_internet_service,no_internet_service,one_year,no,mailed_check,19.6,422.5,no
male,0,no,no,63,yes,yes,fiber_optic,no,yes,no,yes,yes,yes,month-to-month,no,electronic_check,105.4,6713.2,no
male,1,yes,yes,72,yes,yes,fiber_optic,yes,yes,yes,yes,yes,yes,two_year,yes,credit_card_(automatic),115.75,8399.15,no
female,1,yes,no,66,yes,yes,dsl,no,yes,yes,no,yes,yes,two_year,yes,bank_transfer_(automatic),80.55,5265.1,yes
male,0,no,no,3,yes,no,dsl,no,no,no,yes,no,no,month-to-month,yes,mailed_check,50.5,147.75,no
male,0,no,no,15,yes,yes,dsl,no,no,no,no,no,no,month-to-month,no,electronic_check,51.55,765.5,yes
male,0,no,no,2,yes,no,dsl,yes,yes,no,no,no,no,month-to-month,yes,mailed_check,53.85,108.15,yes
female,1,no,no,7,yes,no,fiber_optic,yes,no,no,no,no,no,month-to-month,no,bank_transfer_(automatic),76.45,503.6,yes
female,0,no,no,2,yes,no,no,no_internet_service,no_internet_service,no_internet_service,no_internet_service,no_internet_service,no_internet_service,month-to-month,no,mailed_check,20.65,38.7,yes
male,0,yes,yes,72,yes,yes,fiber_optic,no,no,no,no,no,yes,two_year,yes,credit_card_(automatic),84.5,6130.85,no
female,0,no,no,6,yes,no,dsl,yes,yes,no,no,no,no,month-to-month,no,electronic_check,56.25,389.1,yes
male,0,no,yes,10,yes,yes,fiber_optic,no,no,no,no,yes,yes,month-to-month,no,electronic_check,95.2,930.4,yes
male,0,yes,yes,71,yes,yes,dsl,yes,yes,yes,yes,yes,yes,two_year,no,credit_card_(automatic),90.3,6287.3,no
male,0,no,no,69,yes,no,no,no_internet_service,no_internet_service,no_internet_service,no_internet_service,no_internet_service,no_internet_service,two_year,no,credit_card_(automatic),19.95,1399.35,no
male,1,no,no,24,yes,no,fiber_optic,no,no,no,no,no,no,month-to-month,no,credit_card_(automatic),70.0,1732.6,no
female,0,no,no,9,yes,no,no,no_internet_service,no_internet_service,no_internet_service,no_internet_service,no_internet_service,no_internet_service,month-to-month,no,mailed_check,19.05,157.65,no
female,1,no,no,7,yes,no,fiber_optic,no,no,no,no,yes,yes,month-to-month,yes,electronic_check,89.15,574.35,no
female,1,yes,yes,72,yes,yes,dsl,yes,yes,yes,yes,yes,yes,two_year,yes,credit_card_(automatic),88.05,6425.65,no
female,0,no,no,68,no,no_phone_service,dsl,no,yes,no,yes,no,yes,month-to-month,no,electronic_check,44.95,3085.35,no
female,1,yes,yes,72,yes,yes,dsl,yes,yes,yes,yes,yes,yes,two_year,yes,bank_transfer_(automatic),90.15,6716.45,no
male,0,no,no,1,yes,no,no,no_internet_service,no_internet_service,no_internet_service,no_internet_service,no_internet_service,no_internet_service,month-to-month,no,mailed_check,20.3,20.3,no
female,0,yes,yes,40,yes,yes,fiber_optic,no,yes,yes,no,yes,no,month-to-month,yes,credit_card_(automatic),96.35,3915.4,no
male,0,yes,yes,16,yes,yes,fiber_optic,no,no,yes,no,yes,no,month-to-month,yes,bank_transfer_(automatic),90.8,1442.2,no
female,0,no,no,2,yes,no,dsl,no,no,no,no,no,no,month-to-month,no,electronic_check,44.45,82.7,no
female,0,no,no,6,yes,yes,fiber_optic,no,no,no,no,yes,yes,month-to-month,yes,bank_transfer_(automatic),93.55,536.4,yes
male,0,yes,yes,20,yes,no,no,no_internet_service,no_internet_service,no_internet_service,no_internet_service,no_internet_service,no_internet_service,two_year,no,mailed_check,20.05,400.0,no
female,0,no,no,36,no,no_phone_service,dsl,yes,yes,yes,yes,no,yes,two_year,yes,mailed_check,53.1,1901.25,no
male,0,yes,no,3,yes,no,no,no_internet_service,no_internet_service,no_internet_service,no_internet_service,no_internet_service,no_internet_service,month-to-month,no,bank_transfer_(automatic),20.0,49.65,no
female,1,yes,no,50,yes,yes,fiber_optic,no,no,no,yes,yes,yes,one_year,yes,electronic_check,100.65,5189.75,no
female,0,no,no,30,yes,no,dsl,yes,no,no,no,no,no,month-to-month,yes,mailed_check,48.8,1536.75,no
female,0,no,no,39,yes,yes,fiber_optic,no,yes,yes,no,yes,yes,month-to-month,yes,electronic_check,103.45,3994.45,yes
female,1,yes,no,42,yes,no,fiber_optic,yes,no,no,no,no,no,month-to-month,yes,credit_card_(automatic),74.15,3229.4,yes
female,0,yes,no,6,yes,yes,fiber_optic,no,yes,no,no,no,yes,month-to-month,yes,electronic_check,90.75,512.25,no
female,0,no,no,2,yes,no,no,no_internet_service,no_internet_service,no_internet_service,no_internet_service,no_internet_service,no_internet_service,month-to-month,yes,mailed_check,20.45,42.45,no
male,0,yes,yes,35,yes,yes,fiber_optic,no,yes,no,no,yes,no,month-to-month,yes,bank_transfer_(automatic),89.65,3161.6,no
male,0,yes,yes,22,yes,no,no,no_internet_service,no_internet_service,no_internet_service,no_internet_service,no_internet_service,no_internet_service,one_year,no,bank_transfer_(automatic),20.25,488.25,no
female,0,yes,no,15,yes,no,no,no_internet_service,no_internet_service,no_internet_service,no_internet_service,no_internet_service,no_internet_service,month-to-month,no,credit_card_(automatic),20.45,330.8,no
female,0,yes,yes,8,yes,yes,dsl,no,yes,no,no,no,no,month-to-month,no,electronic_check,55.75,446.8,no
female,1,yes,yes,72,yes,yes,dsl,yes,yes,yes,yes,yes,yes,two_year,yes,credit_card_(automatic),89.55,6448.85,no
female,0,no,no,27,yes,no,no,no_internet_service,no_internet_service,no_internet_service,no_internet_service,no_internet_service,no_internet_service,two_year,yes,mailed_check,19.6,561.15,no
male,0,yes,yes,70,no,no_phone_service,dsl,no,yes,yes,yes,yes,yes,one_year,no,electronic_check,60.35,4138.7,no
male,1,yes,no,16,yes,no,fiber_optic,no,yes,no,no,no,no,month-to-month,yes,credit_card_(automatic),74.3,1178.25,yes
male,0,yes,no,71,yes,no,fiber_optic,no,yes,yes,yes,yes,yes,two_year,yes,electronic_check,105.25,7291.75,no
female,0,no,no,65,yes,yes,fiber_optic,yes,yes,no,yes,no,no,one_year,yes,electronic_check,89.85,5844.65,no
male,0,no,no,1,yes,no,fiber_optic,no,yes,no,no,no,no,month-to-month,yes,electronic_check,74.35,74.35,yes
female,0,no,no,1,yes,no,dsl,no,no,no,no,no,yes,month-to-month,yes,mailed_check,54.75,54.75,yes
male,0,no,yes,23,no,no_phone_service,dsl,yes,no,yes,yes,no,no,two_year,no,mailed_check,40.1,857.75,no
female,0,yes,yes,13,yes,no,no,no_internet_service,no_internet_service,no_internet_service,no_internet_service,no_internet_service,no_internet_service,month-to-month,no,mailed_check,18.8,251.25,no
female,0,no,no,11,yes,no,dsl,yes,no,yes,no,no,yes,month-to-month,no,bank_transfer_(automatic),64.05,733.95,no
female,0,no,no,32,yes,no,no,no_internet_service,no_internet_service,no_internet_service,no_internet_service,no_internet_service,no_internet_service,one_year,no,bank_transfer_(automatic),19.75,624.15,no
male,0,yes,no,53,yes,no,fiber_optic,no,yes,no,no,yes,yes,one_year,yes,bank_transfer_(automatic),94.25,4867.95,yes
female,0,no,no,3,yes,yes,dsl,no,no,no,no,no,no,month-to-month,yes,mailed_check,50.65,151.3,yes
female,0,no,no,33,yes,yes,fiber_optic,yes,no,no,no,no,yes,month-to-month,yes,electronic_check,90.65,2989.6,no
male,1,no,no,49,yes,yes,fiber_optic,no,no,no,no,yes,yes,month-to-month,yes,electronic_check,96.2,4718.25,yes
male,0,yes,yes,23,yes,no,no,no_internet_service,no_internet_service,no_internet_service,no_internet_service,no_internet_service,no_internet_service,two_year,no,mailed_check,20.9,454.0,no
male,0,yes,no,38,yes,yes,fiber_optic,yes,no,yes,yes,yes,yes,one_year,yes,electronic_check,110.7,4428.6,no
male,0,no,no,67,no,no_phone_service,dsl,yes,no,no,yes,yes,no,two_year,no,electronic_check,43.9,3097.2,no
male,0,no,no,54,yes,no,fiber_optic,yes,yes,no,yes,yes,yes,one_year,yes,credit_card_(automatic),105.4,5643.4,yes
female,1,no,no,50,yes,yes,fiber_optic,no,yes,no,yes,yes,yes,one_year,yes,electronic_check,106.8,5347.95,no
female,0,no,no,64,yes,yes,fiber_optic,no,yes,yes,yes,yes,yes,two_year,yes,credit_card_(automatic),110.5,7069.25,no
female,0,no,no,6,yes,no,no,no_internet_service,no_internet_service,no_internet_service,no_internet_service,no_internet_service,no_internet_service,two_year,no,mailed_check,19.55,124.45,no
female,0,yes,no,58,yes,yes,dsl,yes,no,no,yes,no,no,one_year,yes,bank_transfer_(automatic),61.05,3478.75,no
male,0,no,no,26,no,no_phone_service,dsl,yes,no,no,yes,yes,yes,one_year,no,credit_card_(automatic),54.55,1362.85,no
female,0,no,no,48,yes,yes,no,no_internet_service,no_internet_service,no_internet_service,no_internet_service,no_internet_service,no_internet_service,two_year,no,credit_card_(automatic),24.0,1183.05,no
male,0,no,no,24,yes,no,fiber_optic,no,yes,yes,yes,no,no,month-to-month,yes,electronic_check,85.95,2107.15,no
female,1,yes,yes,47,yes,no,fiber_optic,no,no,no,no,no,no,month-to-month,no,bank_transfer_(automatic),70.55,3309.25,yes
female,1,no,no,44,yes,yes,fiber_optic,yes,yes,yes,no,yes,yes,one_year,yes,credit_card_(automatic),109.8,4860.35,no
female,0,yes,no,22,yes,no,fiber_optic,no,no,no,no,yes,no,month-to-month,yes,credit_card_(automatic),80.0,1706.45,no
male,0,yes,yes,23,yes,no,no,no_internet_service,no_internet_service,no_internet_service,no_internet_service,no_internet_service,no_internet_service,one_year,no,mailed_check,19.65,436.9,no
female,0,yes,yes,68,yes,yes,dsl,yes,yes,yes,no,yes,no,one_year,yes,credit_card_(automatic),73.0,5163.0,no
male,0,no,yes,13,yes,no,dsl,no,no,no,no,yes,yes,month-to-month,no,credit_card_(automatic),66.4,831.75,no
male,0,yes,yes,53,yes,no,no,no_internet_service,no_internet_service,no_internet_service,no_internet_service,no_internet_service,no_internet_service,two_year,yes,mailed_check,19.4,1110.35,no
male,1,no,no,1,yes,no,dsl,no,no,no,no,no,no,month-to-month,no,electronic_check,45.1,45.1,yes
female,0,no,no,1,no,no_phone_service,dsl,no,no,yes,yes,no,no,month-to-month,no,mailed_check,35.9,35.9,no
female,0,yes,yes,66,yes,yes,fiber_optic,no,no,no,no,no,no,one_year,yes,bank_transfer_(automatic),74.25,4859.25,no
female,0,yes,no,70,yes,no,dsl,yes,yes,yes,yes,yes,yes,two_year,no,credit_card_(automatic),86.45,5950.2,no
male,0,yes,yes,47,yes,yes,fiber_optic,no,yes,no,no,yes,yes,month-to-month,yes,electronic_check,99.35,4749.15,yes
female,0,yes,no,65,yes,no,dsl,no,no,no,yes,yes,no,two_year,yes,credit_card_(automatic),59.8,3808.2,no
male,0,yes,yes,36,yes,no,no,no_internet_service,no_internet_service,no_internet_service,no_internet_service,no_internet_service,no_internet_service,two_year,no,credit_card_(automatic),19.45,754.5,no
male,0,yes,yes,68,yes,no,no,no_internet_service,no_internet_service,no_internet_service,no_internet_service,no_internet_service,no_internet_service,two_year,no,bank_transfer_(automatic),19.95,1377.7,no
female,1,yes,no,70,yes,no,no,no_internet_service,no_internet_service,no_internet_service,no_internet_service,no_internet_service,no_internet_service,two_year,yes,credit_card_(automatic),19.55,1462.05,no
female,1,no,no,2,yes,no,dsl,no,no,no,no,no,no,month-to-month,yes,electronic_check,44.3,89.3,no
male,1,yes,no,69,yes,yes,fiber_optic,yes,no,yes,yes,yes,yes,one_year,yes,mailed_check,110.55,7610.1,no
female,0,no,no,34,yes,no,fiber_optic,no,no,no,no,no,no,month-to-month,yes,credit_card_(automatic),70.0,2416.1,yes
female,0,no,no,14,yes,no,dsl,no,yes,no,no,no,no,one_year,no,credit_card_(automatic),51.45,727.85,no
female,0,yes,yes,28,yes,no,fiber_optic,no,no,no,no,no,yes,month-to-month,yes,electronic_check,81.05,2227.1,yes
female,0,yes,no,67,yes,no,no,no_internet_service,no_internet_service,no_internet_service,no_internet_service,no_internet_service,no_internet_service,two_year,no,mailed_check,19.65,1335.2,no
male,0,no,no,5,yes,yes,fiber_optic,no,yes,yes,no,no,yes,month-to-month,no,electronic_check,96.55,500.1,no
female,0,no,no,2,yes,no,dsl,yes,no,no,no,no,no,month-to-month,no,mailed_check,50.95,123.05,no
male,1,yes,no,41,yes,yes,fiber_optic,yes,no,yes,no,no,no,month-to-month,yes,bank_transfer_(automatic),83.75,3273.55,yes
male,0,yes,yes,69,yes,no,dsl,yes,yes,yes,no,no,no,two_year,yes,bank_transfer_(automatic),59.75,4069.9,no
female,0,yes,yes,64,yes,yes,no,no_internet_service,no_internet_service,no_internet_service,no_internet_service,no_internet_service,no_internet_service,two_year,yes,mailed_check,24.05,1559.15,no
female,0,yes,yes,33,yes,yes,no,no_internet_service,no_internet_service,no_internet_service,no_internet_service,no_internet_service,no_internet_service,two_year,yes,mailed_check,24.5,740.3,yes
female,0,yes,yes,67,yes,yes,fiber_optic,yes,no,yes,yes,yes,yes,two_year,yes,credit_card_(automatic),108.75,7156.2,yes
female,0,yes,no,53,yes,no,no,no_internet_service,no_internet_service,no_internet_service,no_internet_service,no_internet_service,no_internet_service,one_year,no,bank_transfer_(automatic),20.8,1021.8,yes
female,0,no,no,48,yes,yes,dsl,yes,yes,yes,no,yes,yes,one_year,yes,credit_card_(automatic),83.45,3887.85,no
female,0,yes,yes,14,yes,no,fiber_optic,no,no,no,no,no,no,month-to-month,no,electronic_check,70.2,1046.5,no
female,0,no,no,46,yes,no,dsl,no,no,yes,yes,no,no,two_year,no,credit_card_(automatic),54.35,2460.15,yes
female,0,yes,no,49,yes,yes,dsl,no,no,no,no,no,no,month-to-month,yes,credit_card_(automatic),52.15,2583.75,no
male,0,no,no,2,yes,no,fiber_optic,yes,yes,no,no,yes,yes,month-to-month,no,electronic_check,100.2,198.5,no
female,0,no,yes,19,yes,no,no,no_internet_service,no_internet_service,no_internet_service,no_internet_service,no_internet_service,no_internet_service,two_year,no,mailed_check,20.5,398.55,no
female,1,no,no,1,no,no_phone_service,dsl,no,no,no,no,no,no,month-to-month,yes,electronic_check,25.2,25.2,yes
male,1,yes,no,72,yes,yes,dsl,yes,yes,yes,no,yes,yes,two_year,no,credit_card_(automatic),84.45,5899.85,no
male,0,yes,no,72,yes,no,dsl,yes,yes,yes,yes,yes,yes,two_year,no,mailed_check,84.45,6033.1,no
male,0,yes,no,5,yes,yes,fiber_optic,no,yes,no,yes,no,no,month-to-month,yes,electronic_check,85.4,401.1,yes
female,0,no,no,29,yes,yes,fiber_optic,no,no,yes,no,yes,yes,month-to-month,yes,credit_card_(automatic),98.6,2933.2,yes
male,0,no,no,46,yes,yes,fiber_optic,no,yes,yes,yes,yes,yes,two_year,no,electronic_check,108.65,4903.2,no
female,0,no,no,10,no,no_phone_service,dsl,no,yes,no,yes,no,no,month-to-month,no,electronic_check,36.25,374.0,no
female,0,yes,no,66,yes,yes,fiber_optic,yes,yes,no,yes,no,no,one_year,no,electronic_check,89.0,5898.6,no
male,0,yes,yes,34,yes,yes,dsl,no,no,yes,no,yes,yes,one_year,no,bank_transfer_(automatic),77.2,2753.8,no
female,0,no,no,1,yes,no,dsl,no,no,no,no,no,no,month-to-month,no,mailed_check,45.95,45.95,yes
male,1,no,no,5,yes,yes,fiber_optic,no,yes,no,no,no,yes,month-to-month,yes,electronic_check,89.8,502.6,yes
male,0,no,yes,66,yes,yes,dsl,yes,yes,no,yes,no,no,two_year,no,bank_transfer_(automatic),65.7,4378.9,no
male,0,yes,yes,46,yes,no,no,no_internet_service,no_internet_service,no_internet_service,no_internet_service,no_internet_service,no_internet_service,two_year,no,credit_card_(automatic),19.95,862.4,no
female,0,no,no,1,yes,no,no,no_internet_service,no_internet_service,no_internet_service,no_internet_service,no_internet_service,no_internet_service,month-to-month,no,mailed_check,19.75,19.75,no
female,1,no,no,18,yes,yes,fiber_optic,no,yes,no,yes,no,no,month-to-month,yes,electronic_check,85.45,1505.85,yes
female,0,yes,yes,9,yes,yes,dsl,no,yes,no,no,no,no,month-to-month,yes,mailed_check,55.3,501.2,no
female,0,no,no,34,yes,yes,dsl,yes,yes,no,yes,no,no,one_year,yes,mailed_check,64.4,2088.75,yes
male,0,yes,no,72,yes,yes,dsl,yes,yes,yes,yes,yes,yes,two_year,yes,bank_transfer_(automatic),89.05,6254.45,no
male,0,yes,no,37,yes,no,no,no_internet_service,no_internet_service,no_internet_service,no_internet_service,no_internet_service,no_internet_service,month-to-month,no,bank_transfer_(automatic),20.35,697.65,no
male,0,no,no,38,yes,no,no,no_internet_service,no_internet_service,no_internet_service,no_internet_service,no_internet_service,no_internet_service,one_year,no,mailed_check,20.1,730.1,no
male,0,yes,yes,68,yes,yes,fiber_optic,yes,yes,yes,no,yes,yes,two_year,yes,electronic_check,110.2,7467.5,no
female,0,yes,yes,71,yes,no,dsl,yes,no,yes,yes,yes,yes,two_year,yes,credit_card_(automatic),82.0,5999.85,no
male,0,yes,no,72,yes,yes,dsl,no,yes,yes,yes,yes,yes,two_year,yes,bank_transfer_(automatic),85.15,6316.2,no
female,0,yes,yes,49,yes,yes,fiber_optic,no,no,no,no,yes,yes,month-to-month,yes,electronic_check,95.6,4783.5,yes
male,1,yes,no,65,yes,yes,fiber_optic,yes,no,no,no,yes,yes,one_year,yes,electronic_check,100.75,6674.65,no
female,0,yes,no,57,no,no_phone_service,dsl,yes,yes,yes,no,yes,yes,month-to-month,yes,bank_transfer_(automatic),58.75,3437.45,no
female,0,yes,yes,67,yes,no,fiber_optic,yes,yes,yes,no,no,no,one_year,no,bank_transfer_(automatic),84.8,5598.3,no
female,0,no,no,10,yes,yes,fiber_optic,no,no,no,no,no,yes,month-to-month,no,electronic_check,86.45,830.85,yes
female,0,no,no,22,yes,no,no,no_internet_service,no_internet_service,no_internet_service,no_internet_service,no_internet_service,no_internet_service,one_year,yes,mailed_check,19.25,412.55,no
male,0,no,no,58,yes,no,no,no_internet_service,no_internet_service,no_internet_service,no_internet_service,no_internet_service,no_internet_service,two_year,yes,bank_transfer_(automatic),19.15,1035.5,no
female,1,yes,no,2,yes,no,fiber_optic,no,no,no,no,no,no,month-to-month,yes,electronic_check,69.3,153.8,no
female,0,no,yes,4,yes,yes,fiber_optic,no,yes,no,no,yes,no,month-to-month,no,mailed_check,89.6,365.65,yes
male,1,no,no,1,yes,no,no,no_internet_service,no_internet_service,no_internet_service,no_internet_service,no_internet_service,no_internet_service,month-to-month,no,mailed_check,20.05,20.05,yes
male,0,yes,no,46,yes,yes,fiber_optic,no,yes,yes,no,yes,no,one_year,yes,electronic_check,94.65,4312.5,no
female,0,yes,yes,41,yes,yes,fiber_optic,yes,yes,yes,no,no,yes,one_year,yes,bank_transfer_(automatic),101.6,3930.55,no
male,1,no,no,68,yes,yes,fiber_optic,no,yes,yes,no,no,yes,month-to-month,yes,electronic_check,95.9,6503.2,no
male,0,yes,yes,57,yes,yes,fiber_optic,no,no,no,no,no,no,month-to-month,yes,electronic_check,74.3,4018.35,no
male,0,yes,yes,72,yes,no,no,no_internet_service,no_internet_service,no_internet_service,no_internet_service,no_internet_service,no_internet_service,two_year,no,electronic_check,20.55,1432.55,no
female,0,yes,no,2,yes,no,dsl,no,no,yes,no,yes,yes,month-to-month,no,credit_card_(automatic),69.0,147.8,no
female,0,no,no,18,yes,yes,fiber_optic,no,no,no,yes,yes,yes,month-to-month,yes,bank_transfer_(automatic),99.85,1776.95,yes
female,1,no,no,46,yes,no,fiber_optic,no,yes,no,no,yes,yes,one_year,no,credit_card_(automatic),95.25,4424.2,yes
male,0,yes,yes,12,yes,yes,no,no_internet_service,no_internet_service,no_internet_service,no_internet_service,no_internet_service,no_internet_service,two_year,yes,bank_transfer_(automatic),24.0,269.65,no
male,0,yes,no,52,yes,no,fiber_optic,yes,no,no,no,yes,no,month-to-month,no,electronic_check,84.1,4348.65,yes
female,0,yes,yes,59,yes,no,no,no_internet_service,no_internet_service,no_internet_service,no_internet_service,no_internet_service,no_internet_service,two_year,no,credit_card_(automatic),19.5,1222.65,no
male,0,yes,yes,72,no,no_phone_service,dsl,yes,yes,yes,yes,yes,yes,two_year,yes,credit_card_(automatic),64.8,4719.75,no
male,0,no,no,29,yes,no,no,no_internet_service,no_internet_service,no_internet_service,no_internet_service,no_internet_service,no_internet_service,one_year,yes,mailed_check,19.8,572.2,no
female,1,yes,no,46,yes,yes,fiber_optic,no,no,no,yes,yes,yes,one_year,no,electronic_check,100.25,4753.85,no
female,1,no,no,9,yes,no,fiber_optic,no,no,yes,no,no,no,month-to-month,no,credit_card_(automatic),75.5,637.4,no
male,0,no,no,1,yes,no,no,no_internet_service,no_internet_service,no_internet_service,no_internet_service,no_internet_service,no_internet_service,month-to-month,no,electronic_check,19.2,19.2,no
male,1,no,no,1,yes,no,dsl,no,no,no,no,no,no,month-to-month,no,electronic_check,46.3,46.3,no
male,0,yes,yes,71,yes,no,no,no_internet_service,no_internet_service,no_internet_service,no_internet_service,no_internet_service,no_internet_service,two_year,no,mailed_check,19.45,1378.45,no
female,1,no,no,35,yes,yes,fiber_optic,yes,yes,yes,no,yes,yes,one_year,yes,electronic_check,108.35,3726.15,no
male,0,no,no,1,yes,no,dsl,yes,no,no,no,no,no,month-to-month,yes,credit_card_(automatic),49.8,49.8,no
female,0,yes,no,72,yes,yes,fiber_optic,no,yes,yes,yes,yes,yes,two_year,yes,electronic_check,110.15,7998.8,no
male,0,no,no,10,yes,yes,no,no_internet_service,no_internet_service,no_internet_service,no_internet_service,no_internet_service,no_internet_service,month-to-month,yes,electronic_check,24.0,226.55,no
female,0,yes,yes,72,no,no_phone_service,dsl,yes,no,yes,no,yes,yes,two_year,yes,credit_card_(automatic),53.8,3952.45,no
male,0,no,no,1,no,no_phone_service,dsl,yes,no,no,no,no,no,month-to-month,no,mailed_check,29.7,29.7,yes
female,0,no,no,11,yes,yes,fiber_optic,no,no,yes,no,yes,no,month-to-month,yes,electronic_check,89.2,990.3,no
male,1,yes,no,58,yes,yes,fiber_optic,no,no,yes,no,yes,yes,month-to-month,yes,electronic_check,98.7,5812.6,yes
female,0,yes,yes,72,yes,yes,dsl,yes,yes,yes,yes,no,yes,two_year,yes,bank_transfer_(automatic),79.5,5661.7,no
female,0,yes,yes,50,yes,yes,dsl,yes,yes,yes,yes,no,yes,one_year,yes,bank_transfer_(automatic),80.05,4042.2,no
male,0,no,no,17,no,no_phone_service,dsl,no,no,no,no,no,no,month-to-month,no,credit_card_(automatic),25.1,382.8,no
female,0,yes,yes,6,yes,no,dsl,no,no,no,no,yes,no,month-to-month,no,electronic_check,54.85,355.1,no
male,0,no,no,12,yes,no,dsl,no,yes,no,no,no,no,month-to-month,yes,bank_transfer_(automatic),49.05,593.05,no
male,0,no,no,1,yes,yes,dsl,no,no,no,no,no,no,month-to-month,yes,electronic_check,50.45,50.45,yes
female,0,no,no,2,yes,no,dsl,yes,no,no,no,yes,yes,month-to-month,yes,electronic_check,70.75,146.9,yes
male,0,yes,yes,29,yes,no,fiber_optic,yes,no,no,no,yes,yes,month-to-month,no,credit_card_(automatic),94.65,2649.15,yes
male,0,no,no,4,yes,no,dsl,no,no,no,no,no,no,month-to-month,yes,credit_card_(automatic),44.8,176.2,no
female,1,no,no,45,no,no_phone_service,dsl,no,no,no,no,no,yes,one_year,no,electronic_check,34.2,1596.6,no
female,0,yes,no,2,yes,no,no,no_internet_service,no_internet_service,no_internet_service,no_internet_service,no_internet_service,no_internet_service,month-to-month,no,bank_transfer_(automatic),19.85,52.0,no
female,0,yes,yes,41,yes,yes,fiber_optic,yes,yes,no,no,yes,no,month-to-month,yes,bank_transfer_(automatic),94.3,3893.6,no
male,1,yes,no,30,yes,yes,fiber_optic,no,no,no,no,no,no,month-to-month,no,mailed_check,77.9,2351.45,no
male,0,yes,no,72,yes,yes,dsl,no,yes,yes,yes,yes,yes,two_year,no,bank_transfer_(automatic),85.95,6151.9,no
female,0,no,no,64,yes,yes,no,no_internet_service,no_internet_service,no_internet_service,no_internet_service,no_internet_service,no_internet_service,one_year,no,mailed_check,24.7,1642.75,no
male,1,yes,no,72,no,no_phone_service,dsl,yes,yes,yes,yes,yes,yes,two_year,yes,credit_card_(automatic),64.45,4641.1,no
female,0,no,no,31,no,no_phone_service,dsl,yes,yes,no,yes,no,yes,two_year,yes,bank_transfer_(automatic),49.85,1520.1,no
female,0,no,no,2,no,no_phone_service,dsl,no,no,no,yes,no,no,month-to-month,yes,electronic_check,30.9,59.05,yes
male,0,no,no,35,yes,yes,fiber_optic,yes,no,yes,yes,yes,yes,two_year,yes,electronic_check,108.95,4025.5,no
male,0,no,no,7,no,no_phone_service,dsl,no,no,yes,yes,no,no,one_year,yes,credit_card_(automatic),35.5,249.55,no
male,0,yes,yes,70,yes,no,no,no_internet_service,no_internet_service,no_internet_service,no_internet_service,no_internet_service,no_internet_service,two_year,no,credit_card_(automatic),20.05,1360.25,no
male,1,yes,no,7,yes,yes,fiber_optic,no,no,no,no,no,no,month-to-month,yes,electronic_check,74.85,485.25,no
female,0,yes,no,72,yes,yes,fiber_optic,yes,yes,yes,yes,yes,yes,two_year,no,credit_card_(automatic),112.1,7965.95,no
male,0,no,no,60,yes,yes,fiber_optic,no,yes,no,no,yes,no,month-to-month,yes,bank_transfer_(automatic),89.9,5450.7,no
male,1,no,no,22,yes,yes,fiber_optic,no,no,no,yes,yes,no,month-to-month,yes,bank_transfer_(automatic),90.5,1910.6,yes
male,0,yes,yes,15,yes,no,no,no_internet_service,no_internet_service,no_internet_service,no_internet_service,no_internet_service,no_internet_service,one_year,yes,mailed_check,19.5,239.75,no
female,0,no,no,4,yes,yes,fiber_optic,no,yes,no,no,no,no,month-to-month,no,bank_transfer_(automatic),77.95,305.55,yes
female,1,no,no,15,yes,yes,dsl,no,no,no,yes,no,no,month-to-month,no,credit_card_(automatic),55.0,757.1,yes
male,0,no,no,57,no,no_phone_service,dsl,no,yes,no,no,yes,no,month-to-month,yes,electronic_check,39.3,2111.45,yes
male,0,yes,no,71,yes,yes,fiber_optic,yes,yes,yes,no,yes,yes,one_year,yes,electronic_check,109.6,7854.15,no
female,0,yes,yes,72,yes,yes,fiber_optic,yes,no,no,no,no,no,two_year,no,bank_transfer_(automatic),79.05,5730.7,no
female,1,yes,no,53,yes,no,fiber_optic,no,yes,yes,yes,yes,no,one_year,yes,electronic_check,94.0,4871.45,no
male,1,yes,no,44,no,no_phone_service,dsl,no,yes,no,no,no,no,month-to-month,yes,electronic_check,30.35,1359.7,yes
male,0,no,no,1,yes,no,dsl,no,no,no,no,no,no,month-to-month,no,mailed_check,44.6,44.6,no
male,0,yes,yes,23,yes,no,no,no_internet_service,no_internet_service,no_internet_service,no_internet_service,no_internet_service,no_internet_service,one_year,yes,credit_card_(automatic),20.0,445.3,no
male,0,no,no,2,yes,no,no,no_internet_service,no_internet_service,no_internet_service,no_internet_service,no_internet_service,no_internet_service,month-to-month,no,mailed_check,20.0,32.7,no
male,0,yes,yes,7,no,no_phone_service,dsl,yes,yes,yes,no,no,no,two_year,no,mailed_check,38.55,280.0,no
female,0,no,no,11,yes,no,fiber_optic,no,yes,yes,yes,no,yes,month-to-month,yes,electronic_check,94.2,999.9,no
female,1,yes,no,65,yes,no,fiber_optic,no,yes,yes,yes,yes,yes,two_year,yes,credit_card_(automatic),105.85,6725.5,no
female,1,yes,no,72,yes,yes,fiber_optic,yes,yes,yes,yes,yes,yes,two_year,yes,bank_transfer_(automatic),114.85,8317.95,no
male,0,no,yes,3,yes,no,dsl,no,no,no,no,yes,no,month-to-month,yes,credit_card_(automatic),54.7,169.45,yes
female,0,yes,yes,23,yes,no,fiber_optic,no,no,yes,no,no,no,month-to-month,yes,credit_card_(automatic),75.3,1702.9,no
male,1,no,no,19,yes,yes,fiber_optic,yes,no,no,no,yes,no,month-to-month,yes,electronic_check,90.6,1660.0,yes
male,0,yes,yes,63,yes,yes,dsl,yes,no,yes,yes,no,yes,two_year,no,mailed_check,75.7,4676.7,no
male,0,no,no,3,yes,no,no,no_internet_service,no_internet_service,no_internet_service,no_internet_service,no_internet_service,no_internet_service,one_year,no,mailed_check,21.2,52.05,no
male,0,yes,yes,57,yes,no,dsl,yes,yes,no,yes,no,no,one_year,no,mailed_check,59.6,3509.4,no
male,0,yes,no,22,yes,yes,fiber_optic,yes,no,no,yes,yes,no,month-to-month,no,credit_card_(automatic),95.9,2234.95,no
male,0,yes,yes,1,yes,no,fiber_optic,no,yes,no,no,no,no,month-to-month,no,credit_card_(automatic),74.6,74.6,no
male,0,no,no,54,yes,no,dsl,yes,yes,no,yes,yes,no,month-to-month,yes,mailed_check,69.9,3883.3,no
female,0,yes,yes,3,yes,yes,fiber_optic,no,no,no,no,no,yes,month-to-month,yes,bank_transfer_(automatic),84.75,264.85,yes
male,0,yes,no,52,yes,yes,fiber_optic,no,yes,no,yes,no,yes,month-to-month,yes,credit_card_(automatic),95.65,5088.4,no
female,1,no,no,53,yes,no,fiber_optic,yes,yes,no,yes,no,yes,one_year,yes,mailed_check,96.75,5206.55,no
female,1,no,no,69,yes,yes,fiber_optic,yes,no,yes,yes,yes,yes,two_year,no,credit_card_(automatic),110.25,7467.55,no
male,0,yes,yes,53,yes,yes,dsl,yes,yes,no,yes,no,no,one_year,no,bank_transfer_(automatic),64.15,3491.55,no
male,0,yes,yes,50,yes,yes,no,no_internet_service,no_internet_service,no_internet_service,no_internet_service,no_internet_service,no_internet_service,two_year,no,mailed_check,24.95,1261.45,no
male,0,yes,no,63,yes,yes,fiber_optic,no,yes,yes,no,yes,yes,month-to-month,yes,electronic_check,103.4,6603.0,yes
female,0,no,no,8,yes,no,dsl,no,no,no,no,no,no,month-to-month,no,mailed_check,44.45,369.3,no
male,0,no,no,2,no,no_phone_service,dsl,no,no,yes,no,yes,yes,month-to-month,yes,electronic_check,49.25,90.35,yes
male,0,yes,yes,28,yes,yes,fiber_optic,no,no,no,no,yes,yes,one_year,no,bank_transfer_(automatic),92.2,2568.15,no
female,0,no,no,32,yes,yes,fiber_optic,no,no,yes,no,yes,yes,month-to-month,yes,electronic_check,101.35,3334.9,no
male,0,no,no,2,yes,yes,no,no_internet_service,no_internet_service,no_internet_service,no_internet_service,no_internet_service,no_internet_service,month-to-month,no,mailed_check,24.85,62.0,no
female,0,no,no,12,no,no_phone_service,dsl,no,yes,yes,yes,yes,yes,one_year,no,electronic_check,60.65,743.3,no
male,0,no,yes,12,yes,yes,fiber_optic,no,no,no,no,no,no,month-to-month,yes,credit_card_(automatic),73.75,871.4,yes
male,0,no,no,72,no,no_phone_service,dsl,yes,no,yes,yes,yes,yes,two_year,yes,credit_card_(automatic),61.2,4390.25,no
female,0,no,yes,17,yes,no,dsl,no,no,no,no,yes,yes,month-to-month,yes,mailed_check,64.7,1093.1,yes
male,0,yes,yes,42,yes,no,no,no_internet_service,no_internet_service,no_internet_service,no_internet_service,no_internet_service,no_internet_service,two_year,no,mailed_check,19.35,867.3,no
female,0,no,no,19,yes,yes,dsl,no,no,yes,no,no,no,month-to-month,yes,mailed_check,56.1,1033.9,no
male,1,no,no,50,yes,yes,fiber_optic,no,no,no,no,yes,yes,month-to-month,yes,electronic_check,95.7,4816.7,yes
female,0,no,no,43,yes,yes,fiber_optic,no,yes,yes,no,yes,yes,two_year,yes,electronic_check,104.6,4759.85,yes
female,0,no,no,67,no,no_phone_service,dsl,no,no,yes,yes,yes,yes,month-to-month,yes,credit_card_(automatic),53.4,3579.15,no
male,1,yes,no,34,yes,yes,fiber_optic,no,no,no,no,no,no,month-to-month,yes,electronic_check,75.55,2425.4,no
male,0,no,no,56,yes,yes,fiber_optic,no,yes,no,yes,no,yes,month-to-month,yes,electronic_check,94.45,5124.6,yes
female,0,no,no,63,yes,yes,dsl,yes,yes,yes,yes,no,yes,two_year,yes,credit_card_(automatic),80.3,4995.35,no
female,0,yes,no,25,yes,yes,dsl,no,yes,no,no,no,no,month-to-month,no,electronic_check,54.1,1373.0,no
male,0,no,no,64,yes,no,no,no_internet_service,no_internet_service,no_internet_service,no_internet_service,no_internet_service,no_internet_service,two_year,no,mailed_check,19.55,1240.15,no
female,0,no,yes,11,no,no_phone_service,dsl,no,no,no,no,no,no,month-to-month,no,electronic_check,25.2,321.05,no
male,0,no,yes,62,yes,no,no,no_internet_service,no_internet_service,no_internet_service,no_internet_service,no_internet_service,no_internet_service,two_year,no,bank_transfer_(automatic),20.0,1250.1,no
female,0,no,no,58,yes,yes,dsl,yes,yes,yes,yes,no,no,one_year,yes,credit_card_(automatic),71.1,4299.2,no
female,1,no,no,65,yes,yes,fiber_optic,no,yes,yes,no,yes,no,month-to-month,yes,bank_transfer_(automatic),95.45,6223.3,no
female,0,yes,yes,17,yes,yes,dsl,no,no,yes,yes,no,no,one_year,yes,mailed_check,61.95,1070.7,no
male,0,yes,yes,25,yes,no,fiber_optic,no,no,no,no,yes,yes,one_year,yes,electronic_check,90.4,2178.6,yes
female,0,no,no,9,yes,no,fiber_optic,no,no,no,no,no,no,month-to-month,no,electronic_check,69.05,651.5,no
female,0,yes,no,34,yes,yes,no,no_internet_service,no_internet_service,no_internet_service,no_internet_service,no_internet_service,no_internet_service,month-to-month,no,electronic_check,24.7,780.2,no
male,0,no,no,1,yes,no,dsl,no,no,no,no,no,yes,month-to-month,yes,mailed_check,55.7,55.7,yes
male,0,yes,yes,8,yes,no,no,no_internet_service,no_internet_service,no_internet_service,no_internet_service,no_internet_service,no_internet_service,two_year,no,mailed_check,20.15,165.5,no
male,1,no,no,54,no,no_phone_service,dsl,no,yes,yes,no,yes,yes,one_year,yes,electronic_check,55.45,2966.95,no
male,0,yes,yes,71,yes,yes,dsl,yes,yes,yes,yes,yes,yes,two_year,no,bank_transfer_(automatic),86.85,6263.8,no
male,0,no,no,49,no,no_phone_service,dsl,no,no,yes,no,no,no,month-to-month,yes,bank_transfer_(automatic),30.2,1453.1,no
male,1,no,no,27,yes,yes,fiber_optic,no,yes,no,yes,yes,yes,one_year,yes,bank_transfer_(automatic),104.65,2964.0,no
female,0,no,no,13,no,no_phone_service,dsl,no,yes,no,no,no,no,month-to-month,no,electronic_check,29.15,357.15,no
female,0,no,no,47,yes,no,no,no_internet_service,no_internet_service,no_internet_service,no_internet_service,no_internet_service,no_internet_service,two_year,no,credit_card_(automatic),20.25,1029.8,no
female,1,no,no,1,yes,no,fiber_optic,no,no,no,no,no,no,month-to-month,yes,electronic_check,69.65,69.65,yes
male,0,yes,yes,71,yes,no,fiber_optic,yes,yes,yes,no,yes,yes,one_year,yes,bank_transfer_(automatic),104.65,7288.4,no
female,0,yes,no,71,no,no_phone_service,dsl,yes,yes,yes,yes,no,no,two_year,yes,bank_transfer_(automatic),47.6,3377.8,no
male,0,yes,yes,49,yes,no,dsl,yes,yes,no,yes,no,no,month-to-month,no,credit_card_(automatic),59.6,2970.3,no
female,0,yes,no,56,yes,yes,fiber_optic,yes,no,no,no,yes,yes,one_year,yes,electronic_check,98.0,5270.6,no
female,0,yes,yes,11,no,no_phone_service,dsl,yes,no,no,no,yes,yes,month-to-month,no,electronic_check,50.55,565.35,no
female,1,no,no,1,no,no_phone_service,dsl,no,no,no,no,no,no,month-to-month,no,electronic_check,25.25,25.25,yes
female,0,no,no,1,yes,no,fiber_optic,yes,yes,no,yes,no,no,month-to-month,yes,mailed_check,83.4,83.4,no
female,0,no,no,30,yes,yes,fiber_optic,no,no,yes,no,yes,yes,month-to-month,no,electronic_check,100.45,3096.9,no
female,1,no,no,56,yes,yes,fiber_optic,no,yes,yes,yes,yes,yes,one_year,yes,electronic_check,111.95,6418.9,yes
female,0,no,no,3,yes,yes,fiber_optic,no,no,no,no,no,no,month-to-month,yes,electronic_check,74.25,210.3,yes
male,0,no,yes,60,yes,no,no,no_internet_service,no_internet_service,no_internet_service,no_internet_service,no_internet_service,no_internet_service,two_year,no,mailed_check,19.95,1189.9,no
male,1,yes,yes,35,yes,no,dsl,no,yes,no,yes,yes,yes,month-to-month,yes,electronic_check,76.05,2747.2,no
female,0,no,no,12,yes,yes,fiber_optic,yes,yes,yes,no,no,yes,month-to-month,yes,bank_transfer_(automatic),99.7,1238.45,yes
male,0,no,no,10,yes,yes,no,no_internet_service,no_internet_service,no_internet_service,no_internet_service,no_internet_service,no_internet_service,two_year,no,bank_transfer_(automatic),25.7,251.6,no
female,0,yes,yes,17,yes,no,dsl,yes,no,no,yes,no,no,month-to-month,yes,credit_card_(automatic),55.35,920.5,no
female,0,yes,yes,18,yes,no,dsl,no,no,yes,yes,no,no,one_year,yes,credit_card_(automatic),54.4,957.1,no
female,0,yes,no,72,yes,yes,dsl,yes,yes,yes,yes,yes,yes,two_year,no,bank_transfer_(automatic),92.0,6474.4,no
female,0,no,no,50,yes,no,no,no_internet_service,no_internet_service,no_internet_service,no_internet_service,no_internet_service,no_internet_service,two_year,no,credit_card_(automatic),19.4,1023.95,no
female,0,no,no,35,yes,yes,fiber_optic,no,yes,no,yes,no,no,month-to-month,no,credit_card_(automatic),85.3,2917.5,yes
female,0,yes,no,4,yes,yes,fiber_optic,no,yes,no,no,yes,no,month-to-month,yes,electronic_check,91.65,365.4,yes
male,0,no,no,35,yes,no,no,no_internet_service,no_internet_service,no_internet_service,no_internet_service,no_internet_service,no_internet_service,two_year,no,bank_transfer_(automatic),21.45,705.45,no
male,0,yes,yes,13,yes,no,dsl,no,no,no,no,yes,yes,one_year,yes,electronic_check,64.75,877.35,no
male,0,no,no,19,yes,yes,dsl,no,no,no,no,yes,yes,month-to-month,no,mailed_check,69.6,1394.55,no
female,0,no,no,46,yes,no,dsl,no,no,no,no,no,no,month-to-month,no,bank_transfer_(automatic),44.95,2168.9,no
male,0,no,no,11,yes,no,fiber_optic,no,no,yes,no,no,no,month-to-month,no,electronic_check,72.9,818.45,no
male,1,yes,no,65,yes,yes,fiber_optic,no,yes,yes,no,yes,yes,one_year,yes,bank_transfer_(automatic),103.15,6792.45,no
male,0,no,no,3,yes,yes,fiber_optic,no,yes,yes,no,yes,yes,month-to-month,no,mailed_check,107.95,313.6,no
female,0,yes,yes,59,yes,no,dsl,no,yes,no,yes,yes,yes,two_year,yes,credit_card_(automatic),75.95,4542.35,no
male,0,yes,no,71,yes,no,dsl,no,yes,yes,yes,yes,yes,two_year,yes,credit_card_(automatic),79.1,5564.85,no
male,0,no,yes,1,yes,no,no,no_internet_service,no_internet_service,no_internet_service,no_internet_service,no_internet_service,no_internet_service,month-to-month,no,mailed_check,20.05,20.05,no
male,0,no,no,1,yes,no,dsl,no,no,no,no,no,no,month-to-month,yes,electronic_check,45.6,45.6,yes
male,0,no,no,1,yes,no,no,no_internet_service,no_internet_service,no_internet_service,no_internet_service,no_internet_service,no_internet_service,month-to-month,no,bank_transfer_(automatic),20.95,20.95,no
male,0,yes,yes,4,yes,yes,fiber_optic,no,yes,yes,no,no,no,month-to-month,yes,bank_transfer_(automatic),84.8,371.9,yes
female,1,yes,no,58,yes,no,fiber_optic,yes,yes,no,yes,yes,yes,one_year,yes,credit_card_(automatic),105.5,6205.5,yes
female,0,no,no,58,yes,no,fiber_optic,no,no,no,yes,yes,yes,month-to-month,yes,electronic_check,95.3,5817.7,no
male,0,yes,yes,8,yes,no,no,no_internet_service,no_internet_service,no_internet_service,no_internet_service,no_internet_service,no_internet_service,month-to-month,yes,mailed_check,19.35,152.6,no
male,0,no,no,48,yes,no,no,no_internet_service,no_internet_service,no_internet_service,no_internet_service,no_internet_service,no_internet_service,one_year,no,bank_transfer_(automatic),19.95,1004.5,no
female,0,yes,no,38,yes,yes,fiber_optic,no,no,yes,yes,yes,yes,month-to-month,yes,electronic_check,105.0,4026.4,yes
female,0,yes,yes,51,yes,no,no,no_internet_service,no_internet_service,no_internet_service,no_internet_service,no_internet_service,no_internet_service,two_year,no,mailed_check,19.95,1028.75,no
female,0,yes,yes,48,yes,yes,dsl,no,yes,no,yes,yes,yes,two_year,no,electronic_check,79.65,3870.3,no
female,0,yes,yes,61,yes,yes,fiber_optic,yes,yes,yes,yes,yes,yes,two_year,no,credit_card_(automatic),115.1,7008.15,no
female,0,yes,yes,69,yes,yes,dsl,yes,no,yes,yes,no,no,two_year,yes,credit_card_(automatic),64.15,4254.1,no
female,0,no,yes,3,yes,no,no,no_internet_service,no_internet_service,no_internet_service,no_internet_service,no_internet_service,no_internet_service,one_year,yes,credit_card_(automatic),20.55,57.4,no
male,0,no,yes,72,yes,no,no,no_internet_service,no_internet_service,no_internet_service,no_internet_service,no_internet_service,no_internet_service,two_year,no,credit_card_(automatic),19.9,1529.65,no
male,0,yes,no,13,yes,yes,dsl,yes,no,no,no,no,yes,month-to-month,yes,electronic_check,65.85,902.25,no
female,0,yes,no,18,yes,no,fiber_optic,no,no,yes,no,yes,yes,month-to-month,yes,credit_card_(automatic),95.95,1745.5,no
female,0,no,no,38,yes,yes,dsl,no,yes,no,yes,no,yes,month-to-month,no,credit_card_(automatic),68.15,2656.3,no
female,0,no,no,40,yes,yes,fiber_optic,no,yes,yes,no,yes,no,month-to-month,yes,bank_transfer_(automatic),93.4,3756.4,no
female,1,no,no,72,yes,yes,fiber_optic,no,yes,yes,yes,yes,yes,two_year,yes,bank_transfer_(automatic),108.1,7774.05,no
female,0,no,yes,1,yes,yes,no,no_internet_service,no_internet_service,no_internet_service,no_internet_service,no_internet_service,no_internet_service,month-to-month,no,mailed_check,24.0,24.0,no
female,0,no,yes,41,yes,no,no,no_internet_service,no_internet_service,no_internet_service,no_internet_service,no_internet_service,no_internet_service,one_year,yes,credit_card_(automatic),20.25,865.0,no
female,1,yes,no,54,yes,yes,fiber_optic,yes,yes,yes,yes,yes,yes,one_year,yes,bank_transfer_(automatic),115.6,6431.05,no
female,0,no,no,23,yes,no,fiber_optic,no,yes,yes,yes,no,no,month-to-month,no,bank_transfer_(automatic),83.2,2032.3,no
female,0,no,yes,2,yes,no,dsl,no,yes,no,no,no,no,month-to-month,no,mailed_check,51.55,106.2,no
male,0,no,no,56,yes,yes,no,no_internet_service,no_internet_service,no_internet_service,no_internet_service,no_internet_service,no_internet_service,two_year,yes,bank_transfer_(automatic),25.95,1444.05,no
male,0,yes,yes,59,yes,no,no,no_internet_service,no_internet_service,no_internet_service,no_internet_service,no_internet_service,no_internet_service,two_year,no,credit_card_(automatic),19.3,1192.7,no
male,0,yes,yes,60,yes,yes,fiber_optic,no,no,no,no,no,no,month-to-month,no,bank_transfer_(automatic),74.35,4453.3,no
female,0,yes,yes,66,yes,yes,dsl,yes,yes,yes,no,no,no,month-to-month,yes,bank_transfer_(automatic),67.45,4508.65,no
male,0,yes,no,41,yes,yes,dsl,no,no,yes,no,yes,yes,one_year,yes,electronic_check,73.0,3001.2,yes
male,0,no,no,39,yes,no,dsl,no,no,no,yes,no,no,two_year,yes,bank_transfer_(automatic),49.8,1971.15,no
female,0,yes,yes,6,no,no_phone_service,dsl,no,yes,yes,yes,no,no,two_year,no,mailed_check,40.55,217.5,no
male,0,yes,yes,68,yes,yes,dsl,yes,yes,yes,yes,yes,yes,two_year,yes,credit_card_(automatic),88.85,6132.7,no
female,0,no,no,4,yes,yes,fiber_optic,no,yes,no,no,no,yes,month-to-month,yes,electronic_check,88.95,355.2,yes
male,0,no,no,1,no,no_phone_service,dsl,no,no,no,no,no,no,month-to-month,no,bank_transfer_(automatic),24.8,24.8,yes
female,0,no,no,29,yes,no,no,no_internet_service,no_internet_service,no_internet_service,no_internet_service,no_internet_service,no_internet_service,one_year,no,mailed_check,20.35,617.35,no
male,0,no,no,3,yes,yes,fiber_optic,no,no,no,no,no,no,month-to-month,yes,electronic_check,76.95,228.4,yes
male,0,yes,no,42,yes,yes,dsl,yes,no,no,no,no,no,one_year,no,credit_card_(automatic),56.1,2386.85,no
female,0,no,no,4,yes,no,fiber_optic,no,no,no,no,no,no,month-to-month,no,electronic_check,70.4,281.0,yes
female,1,yes,no,56,yes,yes,fiber_optic,no,no,yes,no,yes,yes,month-to-month,yes,bank_transfer_(automatic),100.65,5688.05,yes
female,0,yes,no,18,no,no_phone_service,dsl,no,no,yes,no,yes,no,month-to-month,yes,electronic_check,39.05,669.85,yes
male,0,no,no,1,yes,no,dsl,no,no,yes,yes,no,no,month-to-month,no,mailed_check,55.05,55.05,no
female,0,yes,yes,67,yes,yes,fiber_optic,yes,no,no,yes,yes,yes,two_year,no,credit_card_(automatic),106.7,7009.5,no
female,0,yes,yes,1,yes,no,no,no_internet_service,no_internet_service,no_internet_service,no_internet_service,no_internet_service,no_internet_service,month-to-month,yes,mailed_check,20.5,20.5,yes
male,0,no,no,18,yes,no,fiber_optic,no,yes,yes,no,yes,yes,month-to-month,no,credit_card_(automatic),101.3,1794.65,no
male,0,no,no,18,yes,yes,fiber_optic,no,yes,no,no,no,no,month-to-month,yes,electronic_check,80.65,1451.9,yes
female,0,yes,yes,69,no,no_phone_service,dsl,no,yes,yes,no,yes,yes,two_year,yes,credit_card_(automatic),54.95,3772.5,no
male,1,no,no,35,yes,yes,fiber_optic,no,no,yes,no,yes,yes,month-to-month,yes,electronic_check,101.4,3496.3,yes
female,0,no,no,1,yes,no,dsl,no,no,no,no,no,no,month-to-month,yes,mailed_check,45.4,45.4,yes
male,1,no,no,1,yes,no,fiber_optic,no,no,no,no,no,no,month-to-month,yes,bank_transfer_(automatic),69.5,69.5,yes
female,0,yes,yes,23,yes,no,fiber_optic,yes,yes,no,yes,no,no,month-to-month,no,mailed_check,84.4,1936.85,no
male,0,no,no,4,yes,no,no,no_internet_service,no_internet_service,no_internet_service,no_internet_service,no_internet_service,no_internet_service,month-to-month,yes,credit_card_(automatic),20.7,83.75,no
male,0,yes,no,72,yes,yes,fiber_optic,yes,yes,yes,yes,yes,yes,two_year,no,credit_card_(automatic),115.8,8332.15,no
female,0,no,no,46,yes,no,dsl,no,no,no,no,no,yes,one_year,no,credit_card_(automatic),55.65,2688.85,no
male,0,no,no,3,yes,no,fiber_optic,no,no,no,no,yes,yes,month-to-month,no,mailed_check,90.7,237.65,no
male,0,no,no,1,yes,no,no,no_internet_service,no_internet_service,no_internet_service,no_internet_service,no_internet_service,no_internet_service,month-to-month,no,electronic_check,20.55,20.55,yes
male,1,no,no,12,no,no_phone_service,dsl,no,yes,no,no,no,no,month-to-month,yes,credit_card_(automatic),29.35,381.2,no
male,0,no,no,11,yes,no,dsl,no,no,no,no,no,no,month-to-month,no,credit_card_(automatic),45.2,492.0,no
male,1,yes,no,27,no,no_phone_service,dsl,yes,no,no,no,no,no,month-to-month,no,credit_card_(automatic),30.75,805.1,yes
male,0,yes,yes,72,no,no_phone_service,dsl,yes,yes,yes,yes,no,no,two_year,no,credit_card_(automatic),45.25,3139.8,no
male,0,yes,no,1,yes,no,fiber_optic,no,no,no,no,yes,yes,month-to-month,yes,electronic_check,90.75,90.75,yes
male,1,no,no,8,yes,no,fiber_optic,no,no,no,no,no,no,month-to-month,yes,credit_card_(automatic),69.95,562.7,no
female,0,yes,yes,17,yes,no,fiber_optic,no,no,yes,yes,yes,yes,one_year,no,bank_transfer_(automatic),98.6,1704.95,yes
female,0,no,no,1,yes,no,dsl,no,no,no,no,no,no,month-to-month,yes,electronic_check,45.3,45.3,yes
male,0,no,no,1,yes,no,no,no_internet_service,no_internet_service,no_internet_service,no_internet_service,no_internet_service,no_internet_service,month-to-month,yes,mailed_check,20.2,20.2,yes
female,0,yes,yes,3,yes,no,dsl,no,no,no,no,no,no,month-to-month,no,mailed_check,44.3,134.5,yes
male,0,yes,no,72,yes,yes,fiber_optic,yes,yes,yes,no,yes,no,two_year,yes,credit_card_(automatic),97.95,7114.25,no
male,0,yes,yes,13,yes,no,no,no_internet_service,no_internet_service,no_internet_service,no_internet_service,no_internet_service,no_internet_service,month-to-month,yes,mailed_check,19.85,252.0,no
male,1,no,no,72,yes,yes,no,no_internet_service,no_internet_service,no_internet_service,no_internet_service,no_internet_service,no_internet_service,two_year,yes,credit_card_(automatic),25.1,1789.9,no
male,0,yes,no,68,yes,yes,fiber_optic,no,yes,yes,yes,yes,yes,two_year,yes,bank_transfer_(automatic),110.0,7611.85,yes
female,0,yes,yes,71,yes,no,no,no_internet_service,no_internet_service,no_internet_service,no_internet_service,no_internet_service,no_internet_service,two_year,no,credit_card_(automatic),19.7,1415.85,no
male,0,no,no,22,yes,yes,fiber_optic,yes,no,no,no,yes,yes,month-to-month,yes,electronic_check,100.75,2095.0,yes
male,0,no,yes,61,yes,no,no,no_internet_service,no_internet_service,no_internet_service,no_internet_service,no_internet_service,no_internet_service,two_year,no,mailed_check,19.75,1124.2,no
female,1,no,no,13,yes,no,fiber_optic,no,no,yes,no,yes,yes,month-to-month,yes,electronic_check,96.85,1235.55,no
female,1,no,no,5,yes,no,fiber_optic,no,no,no,no,no,no,month-to-month,yes,mailed_check,69.05,318.5,yes
female,0,no,no,2,yes,no,no,no_internet_service,no_internet_service,no_internet_service,no_internet_service,no_internet_service,no_internet_service,month-to-month,yes,mailed_check,20.0,40.9,no
female,1,no,no,3,yes,yes,fiber_optic,no,no,no,no,no,no,month-to-month,yes,credit_card_(automatic),75.05,256.25,yes
female,0,yes,no,59,yes,no,fiber_optic,yes,no,yes,no,no,no,one_year,yes,credit_card_(automatic),81.25,4639.45,no
male,0,no,no,4,yes,no,fiber_optic,no,no,no,no,no,no,month-to-month,yes,electronic_check,70.2,237.95,yes
male,0,no,no,28,yes,no,fiber_optic,no,yes,no,yes,yes,no,one_year,yes,bank_transfer_(automatic),91.25,2483.65,no
male,0,no,no,40,yes,no,dsl,yes,no,yes,no,no,yes,month-to-month,no,electronic_check,67.45,2731.0,no
female,1,no,no,5,yes,no,fiber_optic,no,no,yes,no,yes,no,month-to-month,yes,mailed_check,84.85,415.55,yes
female,0,yes,yes,14,yes,no,no,no_internet_service,no_internet_service,no_internet_service,no_internet_service,no_internet_service,no_internet_service,one_year,no,mailed_check,19.55,294.5,no
male,0,yes,no,28,yes,no,dsl,yes,no,no,yes,no,no,one_year,no,mailed_check,54.35,1426.45,no
female,0,no,yes,18,yes,yes,dsl,yes,no,no,no,no,no,month-to-month,no,mailed_check,57.65,992.7,no
male,0,yes,yes,72,yes,yes,dsl,yes,no,no,no,no,no,two_year,no,bank_transfer_(automatic),55.3,3983.6,no
female,0,no,no,47,no,no_phone_service,dsl,yes,no,yes,yes,no,no,two_year,no,mailed_check,41.9,1875.25,no
male,0,no,no,18,yes,yes,dsl,no,no,yes,yes,yes,yes,one_year,yes,credit_card_(automatic),82.0,1425.45,yes
female,1,no,no,11,yes,no,fiber_optic,no,no,no,no,yes,yes,month-to-month,no,bank_transfer_(automatic),89.7,1047.7,yes
female,0,no,no,5,yes,no,dsl,no,yes,no,no,no,no,month-to-month,no,bank_transfer_(automatic),50.55,244.75,no
female,0,yes,no,42,yes,yes,dsl,no,no,no,no,no,no,month-to-month,yes,electronic_check,50.25,2203.65,yes
male,0,yes,yes,23,no,no_phone_service,dsl,no,no,no,yes,no,no,month-to-month,yes,bank_transfer_(automatic),30.35,678.75,no
male,0,yes,no,2,yes,no,no,no_internet_service,no_internet_service,no_internet_service,no_internet_service,no_internet_service,no_internet_service,month-to-month,no,mailed_check,20.0,38.0,no
female,0,yes,no,56,yes,no,fiber_optic,yes,no,yes,no,no,no,two_year,no,bank_transfer_(automatic),80.3,4513.65,no
female,0,yes,yes,61,yes,yes,no,no_internet_service,no_internet_service,no_internet_service,no_internet_service,no_internet_service,no_internet_service,two_year,yes,mailed_check,24.2,1445.2,no
male,0,yes,no,18,yes,no,dsl,no,no,no,no,no,no,month-to-month,yes,bank_transfer_(automatic),44.35,768.05,no
female,0,yes,no,72,yes,yes,fiber_optic,yes,yes,yes,yes,yes,yes,two_year,yes,credit_card_(automatic),113.65,8124.2,no
male,0,no,no,24,no,no_phone_service,dsl,yes,no,no,no,yes,yes,one_year,yes,mailed_check,50.6,1288.75,no
male,1,yes,no,10,yes,yes,fiber_optic,no,no,no,no,no,yes,month-to-month,no,electronic_check,85.55,851.75,yes
male,0,no,no,31,no,no_phone_service,dsl,no,no,yes,no,yes,yes,one_year,yes,electronic_check,50.05,1523.4,no
female,0,no,no,45,yes,no,dsl,yes,yes,no,yes,no,no,one_year,yes,credit_card_(automatic),62.55,2796.45,no
male,0,yes,no,68,yes,yes,no,no_internet_service,no_internet_service,no_internet_service,no_internet_service,no_internet_service,no_internet_service,two_year,no,bank_transfer_(automatic),25.25,1728.2,no
male,1,no,no,2,yes,yes,fiber_optic,no,no,no,no,yes,yes,month-to-month,yes,electronic_check,94.0,181.7,yes
male,0,no,no,50,yes,yes,fiber_optic,yes,yes,yes,yes,yes,yes,one_year,no,credit_card_(automatic),114.35,5791.1,no
male,0,no,no,38,yes,yes,fiber_optic,no,yes,yes,no,no,yes,month-to-month,yes,credit_card_(automatic),95.1,3691.2,no
female,0,yes,no,64,yes,yes,fiber_optic,no,yes,yes,yes,yes,yes,month-to-month,yes,electronic_check,111.15,6953.4,no
male,0,no,yes,3,yes,no,no,no_internet_service,no_internet_service,no_internet_service,no_internet_service,no_internet_service,no_internet_service,month-to-month,no,mailed_check,20.85,60.65,no
male,0,yes,no,61,yes,yes,dsl,no,yes,yes,no,yes,yes,two_year,no,bank_transfer_(automatic),80.9,4932.5,no
male,0,no,no,1,yes,no,fiber_optic,no,no,no,no,no,no,month-to-month,no,mailed_check,70.6,70.6,yes
female,0,yes,yes,5,yes,no,dsl,yes,no,no,no,no,no,month-to-month,yes,mailed_check,49.4,232.55,no
female,0,no,no,11,yes,yes,no,no_internet_service,no_internet_service,no_internet_service,no_internet_service,no_internet_service,no_internet_service,one_year,no,electronic_check,25.2,245.15,no
male,0,yes,no,64,yes,yes,dsl,no,yes,yes,yes,yes,no,two_year,yes,bank_transfer_(automatic),76.1,4818.8,no
female,0,yes,yes,66,yes,no,dsl,no,no,no,yes,no,no,one_year,yes,credit_card_(automatic),49.4,3251.85,no
female,0,yes,yes,58,yes,yes,no,no_internet_service,no_internet_service,no_internet_service,no_internet_service,no_internet_service,no_internet_service,two_year,no,credit_card_(automatic),25.15,1509.9,no
female,0,no,no,18,yes,no,no,no_internet_service,no_internet_service,no_internet_service,no_internet_service,no_internet_service,no_internet_service,month-to-month,no,mailed_check,19.65,391.7,no
male,0,yes,yes,69,yes,no,no,no_internet_service,no_internet_service,no_internet_service,no_internet_service,no_internet_service,no_internet_service,two_year,no,bank_transfer_(automatic),19.9,1356.7,no
male,0,yes,yes,43,yes,no,no,no_internet_service,no_internet_service,no_internet_service,no_internet_service,no_internet_service,no_internet_service,one_year,yes,mailed_check,19.2,776.25,no
male,0,no,no,71,yes,yes,dsl,yes,yes,yes,yes,no,yes,two_year,no,bank_transfer_(automatic),80.6,5708.2,no
male,0,yes,yes,70,yes,yes,fiber_optic,yes,yes,no,no,yes,no,month-to-month,yes,credit_card_(automatic),97.55,6669.05,no
female,0,no,no,19,yes,yes,no,no_internet_service,no_internet_service,no_internet_service,no_internet_service,no_internet_service,no_internet_service,month-to-month,no,bank_transfer_(automatic),24.7,465.85,no
male,0,no,no,67,yes,yes,fiber_optic,yes,yes,yes,yes,yes,yes,one_year,yes,bank_transfer_(automatic),118.35,7804.15,yes
male,0,no,no,61,yes,yes,fiber_optic,yes,yes,yes,no,yes,yes,one_year,yes,electronic_check,107.75,6521.9,no
female,0,no,yes,4,no,no_phone_service,dsl,yes,yes,yes,no,yes,yes,month-to-month,yes,mailed_check,57.2,223.75,no
female,0,no,no,37,yes,yes,fiber_optic,no,no,no,yes,yes,yes,month-to-month,no,credit_card_(automatic),100.3,3541.4,no
female,0,yes,yes,45,yes,yes,no,no_internet_service,no_internet_service,no_internet_service,no_internet_service,no_internet_service,no_internet_service,two_year,yes,bank_transfer_(automatic),24.65,1138.8,no
female,1,yes,no,63,yes,yes,fiber_optic,no,yes,yes,no,yes,yes,month-to-month,yes,electronic_check,103.5,6479.4,no
male,0,yes,no,55,yes,no,dsl,yes,yes,yes,no,no,no,two_year,no,electronic_check,58.6,3068.6,no
male,0,yes,no,8,yes,no,no,no_internet_service,no_internet_service,no_internet_service,no_internet_service,no_internet_service,no_internet_service,month-to-month,no,mailed_check,20.25,158.35,no
male,0,no,no,11,yes,yes,dsl,no,no,yes,no,no,no,month-to-month,no,electronic_check,53.75,608.0,yes
male,0,yes,no,5,yes,yes,fiber_optic,yes,no,no,no,no,yes,month-to-month,yes,electronic_check,89.15,413.25,no
female,0,no,no,15,yes,no,no,no_internet_service,no_internet_service,no_internet_service,no_internet_service,no_internet_service,no_internet_service,month-to-month,no,mailed_check,19.6,299.4,no
male,0,yes,yes,66,yes,no,no,no_internet_service,no_internet_service,no_internet_service,no_internet_service,no_internet_service,no_internet_service,two_year,yes,mailed_check,19.75,1344.5,no
male,1,no,no,20,yes,no,fiber_optic,no,no,no,no,no,no,month-to-month,no,credit_card_(automatic),71.3,1389.2,yes
male,0,yes,no,70,no,no_phone_service,dsl,no,yes,yes,yes,no,yes,one_year,yes,bank_transfer_(automatic),51.05,3635.15,no
female,0,no,no,12,yes,yes,fiber_optic,no,no,no,no,yes,yes,month-to-month,yes,electronic_check,94.2,1046.1,yes
female,1,no,no,67,yes,yes,dsl,no,yes,no,no,no,no,month-to-month,no,electronic_check,54.9,3725.5,no
male,1,yes,no,63,yes,no,dsl,yes,yes,yes,yes,yes,yes,one_year,yes,bank_transfer_(automatic),84.0,5329.55,no
male,0,no,no,13,yes,no,no,no_internet_service,no_internet_service,no_internet_service,no_internet_service,no_internet_service,no_internet_service,one_year,no,mailed_check,19.45,270.2,no
female,0,yes,yes,0,no,no_phone_service,dsl,yes,yes,yes,yes,yes,no,two_year,no,credit_card_(automatic),56.05,0.0,no
male,0,yes,no,51,yes,yes,fiber_optic,yes,no,yes,yes,yes,yes,one_year,yes,electronic_check,111.55,5720.35,no
female,0,yes,yes,35,yes,no,no,no_internet_service,no_internet_service,no_internet_service,no_internet_service,no_internet_service,no_internet_service,two_year,yes,mailed_check,19.85,739.35,no
male,0,no,no,11,no,no_phone_service,dsl,no,no,yes,no,yes,no,one_year,yes,electronic_check,41.6,470.6,yes
male,0,yes,no,72,yes,yes,no,no_internet_service,no_internet_service,no_internet_service,no_internet_service,no_internet_service,no_internet_service,two_year,no,credit_card_(automatic),25.75,1864.2,no
female,0,no,no,42,yes,no,no,no_internet_service,no_internet_service,no_internet_service,no_internet_service,no_internet_service,no_internet_service,two_year,yes,bank_transfer_(automatic),20.75,844.45,no
female,0,no,no,8,yes,no,dsl,yes,no,no,yes,no,yes,month-to-month,no,bank_transfer_(automatic),66.05,574.5,no
male,0,yes,yes,71,yes,yes,dsl,yes,yes,no,yes,no,no,one_year,yes,credit_card_(automatic),66.85,4748.7,no
female,1,no,no,56,yes,yes,fiber_optic,no,yes,yes,no,yes,yes,one_year,yes,bank_transfer_(automatic),104.75,5510.65,yes
female,0,yes,yes,34,yes,no,dsl,yes,yes,yes,yes,yes,yes,two_year,no,mailed_check,84.75,2839.45,no
male,0,yes,no,12,yes,no,fiber_optic,yes,no,no,yes,no,no,month-to-month,no,bank_transfer_(automatic),80.85,866.45,yes
male,0,yes,yes,20,yes,no,dsl,no,no,yes,no,no,no,month-to-month,yes,electronic_check,49.6,939.8,no
male,0,yes,no,66,yes,yes,fiber_optic,no,yes,yes,no,yes,yes,month-to-month,yes,credit_card_(automatic),105.0,7133.25,yes
female,1,no,no,1,no,no_phone_service,dsl,no,no,no,no,no,no,month-to-month,no,mailed_check,25.05,25.05,yes
female,0,yes,yes,4,yes,no,dsl,yes,no,no,no,no,no,month-to-month,no,electronic_check,50.3,217.1,no
male,0,no,no,51,yes,yes,no,no_internet_service,no_internet_service,no_internet_service,no_internet_service,no_internet_service,no_internet_service,one_year,yes,bank_transfer_(automatic),24.6,1266.4,no
male,0,no,no,11,yes,no,fiber_optic,no,yes,no,no,no,no,month-to-month,yes,electronic_check,74.55,824.75,yes
male,0,no,yes,33,no,no_phone_service,dsl,yes,no,no,yes,no,no,one_year,no,credit_card_(automatic),34.05,1113.95,no
male,0,no,no,72,yes,yes,no,no_internet_service,no_internet_service,no_internet_service,no_internet_service,no_internet_service,no_internet_service,two_year,no,bank_transfer_(automatic),24.75,1777.6,no
female,0,yes,yes,55,yes,yes,fiber_optic,yes,no,no,no,yes,yes,one_year,no,mailed_check,100.9,5448.6,no
male,0,no,no,8,yes,no,dsl,yes,no,yes,no,no,yes,month-to-month,yes,electronic_check,66.7,579.0,no
male,0,yes,no,63,yes,yes,fiber_optic,no,yes,yes,no,yes,yes,month-to-month,yes,electronic_check,102.4,6444.05,no
female,1,yes,no,54,yes,yes,fiber_optic,no,yes,no,no,yes,yes,one_year,yes,credit_card_(automatic),101.5,5373.1,yes
male,0,no,no,66,yes,yes,fiber_optic,no,yes,no,yes,yes,yes,one_year,yes,electronic_check,104.25,6860.6,no
female,0,no,no,1,yes,yes,fiber_optic,no,no,no,no,no,no,month-to-month,no,electronic_check,76.0,76.0,yes
female,1,yes,no,1,yes,yes,fiber_optic,no,yes,no,no,yes,no,month-to-month,yes,electronic_check,90.6,90.6,yes
female,1,yes,no,22,yes,yes,no,no_internet_service,no_internet_service,no_internet_service,no_internet_service,no_internet_service,no_internet_service,one_year,no,bank_transfer_(automatic),25.6,548.8,no
male,0,yes,yes,68,yes,yes,fiber_optic,yes,yes,yes,yes,yes,yes,two_year,yes,electronic_check,113.15,7856.0,yes
male,0,no,no,4,no,no_phone_service,dsl,yes,yes,no,yes,no,no,month-to-month,no,mailed_check,42.4,146.4,no
female,0,no,no,2,yes,yes,fiber_optic,no,no,no,no,yes,yes,month-to-month,yes,electronic_check,96.0,174.8,yes
female,1,no,no,6,yes,yes,fiber_optic,no,yes,no,no,yes,yes,month-to-month,yes,electronic_check,98.25,560.6,yes
male,0,yes,yes,68,yes,yes,no,no_internet_service,no_internet_service,no_internet_service,no_internet_service,no_internet_service,no_internet_service,two_year,no,bank_transfer_(automatic),25.4,1620.2,no
female,0,yes,yes,69,yes,no,no,no_internet_service,no_internet_service,no_internet_service,no_internet_service,no_internet_service,no_internet_service,two_year,no,bank_transfer_(automatic),19.75,1375.4,no
male,0,no,no,18,yes,no,no,no_internet_service,no_internet_service,no_internet_service,no_internet_service,no_internet_service,no_internet_service,one_year,no,mailed_check,20.1,401.85,no
male,1,yes,no,16,yes,yes,fiber_optic,no,no,no,no,yes,no,month-to-month,yes,credit_card_(automatic),85.05,1391.15,no
female,0,no,no,15,yes,no,dsl,yes,yes,yes,yes,yes,yes,month-to-month,no,mailed_check,84.45,1287.85,no
female,0,no,no,22,yes,no,dsl,yes,no,no,no,no,no,month-to-month,yes,credit_card_(automatic),48.8,1054.6,yes
female,0,yes,yes,45,yes,no,dsl,no,yes,no,yes,no,no,one_year,yes,credit_card_(automatic),54.15,2319.8,yes
male,0,no,no,5,yes,yes,fiber_optic,no,yes,yes,no,no,no,month-to-month,yes,electronic_check,85.3,424.15,yes
female,0,no,no,4,no,no_phone_service,dsl,yes,yes,no,no,no,no,month-to-month,yes,electronic_check,33.65,137.85,yes
male,0,no,no,42,yes,yes,fiber_optic,no,no,no,yes,yes,yes,month-to-month,yes,electronic_check,100.3,4222.95,no
male,0,no,no,2,yes,no,fiber_optic,no,no,no,no,no,no,month-to-month,no,credit_card_(automatic),70.7,140.7,yes
male,0,yes,no,15,yes,no,fiber_optic,no,no,no,no,no,no,month-to-month,yes,bank_transfer_(automatic),68.6,1108.6,no
male,0,yes,no,22,yes,no,fiber_optic,no,no,yes,no,yes,yes,month-to-month,yes,credit_card_(automatic),94.7,1914.9,yes
female,0,yes,no,6,yes,no,dsl,no,no,no,no,no,no,month-to-month,no,mailed_check,45.65,323.45,no
female,0,yes,no,58,yes,yes,fiber_optic,yes,yes,yes,no,yes,yes,one_year,yes,credit_card_(automatic),110.65,6526.65,no
female,1,yes,no,26,yes,yes,fiber_optic,no,no,yes,no,yes,yes,month-to-month,yes,bank_transfer_(automatic),98.1,2510.7,no
male,0,yes,no,22,yes,no,no,no_internet_service,no_internet_service,no_internet_service,no_internet_service,no_internet_service,no_internet_service,month-to-month,yes,bank_transfer_(automatic),20.45,471.55,no
female,0,no,no,4,yes,yes,no,no_internet_service,no_internet_service,no_internet_service,no_internet_service,no_internet_service,no_internet_service,one_year,no,electronic_check,23.9,97.5,no
female,0,no,no,39,yes,no,fiber_optic,no,no,yes,yes,no,no,two_year,yes,electronic_check,80.45,3201.55,yes
male,1,no,no,1,yes,no,fiber_optic,no,no,no,yes,no,no,month-to-month,no,electronic_check,74.7,74.7,no
female,0,no,no,35,no,no_phone_service,dsl,no,no,no,no,no,no,month-to-month,no,electronic_check,24.15,812.5,no
male,0,yes,no,63,yes,no,no,no_internet_service,no_internet_service,no_internet_service,no_internet_service,no_internet_service,no_internet_service,two_year,yes,bank_transfer_(automatic),19.95,1234.8,no
female,0,no,no,1,yes,no,no,no_internet_service,no_internet_service,no_internet_service,no_internet_service,no_internet_service,no_internet_service,month-to-month,no,mailed_check,19.65,19.65,yes
male,0,yes,yes,5,yes,yes,fiber_optic,yes,no,yes,no,no,no,month-to-month,yes,electronic_check,84.5,453.75,yes
male,0,yes,yes,61,yes,yes,fiber_optic,yes,yes,no,no,yes,yes,one_year,yes,electronic_check,106.0,6547.7,yes
female,0,yes,yes,37,yes,no,dsl,yes,yes,no,no,yes,yes,one_year,no,bank_transfer_(automatic),75.1,2658.8,no
male,1,yes,no,29,yes,yes,fiber_optic,no,yes,yes,no,no,yes,month-to-month,yes,electronic_check,95.9,2745.2,yes
male,0,no,no,9,yes,yes,fiber_optic,no,no,no,no,no,no,month-to-month,yes,electronic_check,75.85,724.65,no
male,0,no,no,4,yes,yes,fiber_optic,no,no,no,no,no,yes,month-to-month,yes,electronic_check,85.65,338.9,yes
male,0,yes,yes,16,yes,yes,dsl,yes,yes,no,yes,yes,yes,month-to-month,no,electronic_check,84.9,1398.25,no
male,0,yes,yes,70,no,no_phone_service,dsl,yes,no,yes,yes,yes,yes,two_year,no,bank_transfer_(automatic),59.5,4144.8,no
male,0,yes,yes,51,no,no_phone_service,dsl,yes,yes,yes,no,yes,yes,one_year,no,electronic_check,59.3,3014.65,yes
female,0,yes,yes,55,yes,no,no,no_internet_service,no_internet_service,no_internet_service,no_internet_service,no_internet_service,no_internet_service,two_year,no,credit_card_(automatic),19.4,1083.0,no
male,0,yes,yes,54,yes,yes,dsl,no,yes,no,yes,yes,no,one_year,yes,electronic_check,70.7,3770.0,no
female,1,no,no,44,yes,no,dsl,no,no,yes,yes,yes,yes,one_year,no,bank_transfer_(automatic),74.85,3268.05,no
female,0,no,yes,1,yes,no,fiber_optic,no,no,no,no,no,yes,month-to-month,yes,electronic_check,79.6,79.6,yes
female,1,no,no,13,yes,yes,fiber_optic,no,no,no,no,no,yes,month-to-month,yes,electronic_check,82.0,1127.2,yes
male,0,no,no,39,yes,yes,dsl,no,no,no,yes,no,no,two_year,yes,credit_card_(automatic),53.85,2200.7,no
male,0,yes,no,17,yes,no,dsl,yes,yes,no,no,no,yes,one_year,no,mailed_check,64.8,1175.6,no
female,1,yes,no,72,yes,yes,fiber_optic,no,yes,yes,no,yes,yes,one_year,no,credit_card_(automatic),105.0,7578.05,no
female,0,no,no,1,yes,no,dsl,yes,no,no,no,no,no,month-to-month,yes,credit_card_(automatic),48.6,48.6,yes
male,0,yes,yes,59,yes,yes,fiber_optic,no,no,yes,no,yes,yes,two_year,yes,credit_card_(automatic),99.5,5861.75,no
female,0,no,no,35,yes,yes,dsl,yes,no,yes,yes,yes,yes,one_year,yes,credit_card_(automatic),85.95,3110.1,yes
male,0,yes,yes,52,yes,yes,no,no_internet_service,no_internet_service,no_internet_service,no_internet_service,no_internet_service,no_internet_service,two_year,no,mailed_check,25.75,1345.85,no
male,0,no,yes,69,yes,yes,dsl,yes,yes,yes,yes,yes,no,two_year,yes,credit_card_(automatic),79.45,5502.55,no
female,0,yes,no,24,yes,yes,fiber_optic,no,no,no,no,no,no,month-to-month,yes,credit_card_(automatic),75.4,1747.85,yes
female,0,yes,no,71,yes,yes,dsl,yes,yes,yes,yes,yes,yes,two_year,no,credit_card_(automatic),93.2,6506.15,no
male,1,yes,no,51,no,no_phone_service,dsl,no,yes,no,no,no,no,month-to-month,yes,credit_card_(automatic),29.45,1459.35,no
male,0,no,no,13,yes,no,fiber_optic,no,no,no,no,no,no,month-to-month,yes,electronic_check,70.15,931.75,no
male,0,yes,yes,71,yes,yes,dsl,yes,yes,yes,yes,yes,yes,two_year,no,electronic_check,90.4,6668.05,no
female,0,yes,yes,72,yes,yes,no,no_internet_service,no_internet_service,no_internet_service,no_internet_service,no_internet_service,no_internet_service,two_year,no,mailed_check,24.9,1859.2,no
male,0,yes,no,57,yes,yes,fiber_optic,no,no,yes,yes,yes,yes,two_year,no,electronic_check,107.95,5969.85,no
male,0,no,no,1,yes,no,no,no_internet_service,no_internet_service,no_internet_service,no_internet_service,no_internet_service,no_internet_service,month-to-month,no,mailed_check,19.7,19.7,yes
male,1,yes,no,12,yes,no,fiber_optic,no,no,no,no,no,yes,month-to-month,yes,electronic_check,80.45,950.2,yes
female,0,yes,no,46,yes,no,dsl,no,yes,no,yes,yes,no,two_year,yes,credit_card_(automatic),64.2,3009.5,no
male,0,no,no,26,yes,yes,dsl,no,no,no,no,no,no,one_year,yes,credit_card_(automatic),51.55,1295.4,no
male,0,yes,yes,72,yes,yes,dsl,yes,yes,yes,yes,no,yes,two_year,no,credit_card_(automatic),81.0,5750.0,no
male,1,yes,no,57,yes,yes,dsl,no,yes,yes,no,yes,no,one_year,yes,credit_card_(automatic),71.1,4140.1,no
male,0,no,no,5,yes,no,fiber_optic,no,no,no,yes,yes,yes,month-to-month,yes,electronic_check,96.1,453.4,yes
male,0,yes,no,69,yes,no,no,no_internet_service,no_internet_service,no_internet_service,no_internet_service,no_internet_service,no_internet_service,two_year,no,mailed_check,19.9,1363.45,no
female,0,no,no,3,yes,no,no,no_internet_service,no_internet_service,no_internet_service,no_internet_service,no_internet_service,no_internet_service,month-to-month,yes,mailed_check,20.0,61.7,no
female,0,no,no,68,yes,no,dsl,yes,no,yes,no,no,no,one_year,yes,credit_card_(automatic),54.45,3674.95,no
male,0,no,no,45,yes,no,no,no_internet_service,no_internet_service,no_internet_service,no_internet_service,no_internet_service,no_internet_service,one_year,yes,electronic_check,20.4,930.45,yes
female,1,no,no,45,yes,no,fiber_optic,yes,yes,no,yes,no,no,month-to-month,yes,bank_transfer_(automatic),85.7,3778.1,no
female,0,yes,no,39,yes,no,fiber_optic,yes,no,yes,yes,yes,yes,one_year,yes,credit_card_(automatic),104.7,4134.85,yes
male,0,yes,no,55,yes,yes,no,no_internet_service,no_internet_service,no_internet_service,no_internet_service,no_internet_service,no_internet_service,two_year,no,bank_transfer_(automatic),25.7,1443.65,no
female,0,yes,no,27,yes,yes,fiber_optic,no,no,yes,no,no,yes,month-to-month,no,bank_transfer_(automatic),90.15,2423.4,no
male,1,yes,no,72,yes,yes,dsl,no,yes,yes,yes,yes,no,two_year,no,credit_card_(automatic),77.35,5396.25,no
female,1,no,no,40,yes,no,fiber_optic,yes,yes,no,no,no,no,month-to-month,yes,credit_card_(automatic),79.2,3233.85,yes
male,0,yes,no,39,yes,no,no,no_internet_service,no_internet_service,no_internet_service,no_internet_service,no_internet_service,no_internet_service,two_year,yes,bank_transfer_(automatic),20.45,790.0,no
female,0,yes,no,54,yes,yes,fiber_optic,yes,yes,no,no,yes,yes,one_year,no,bank_transfer_(automatic),106.55,5763.3,yes
male,0,no,no,26,yes,yes,fiber_optic,no,no,yes,no,yes,yes,month-to-month,yes,electronic_check,98.35,2515.3,yes
female,0,no,no,28,yes,no,dsl,yes,yes,no,yes,no,no,one_year,yes,electronic_check,59.9,1654.7,no
male,0,no,no,28,yes,no,no,no_internet_service,no_internet_service,no_internet_service,no_internet_service,no_internet_service,no_internet_service,one_year,no,credit_card_(automatic),18.25,534.7,no
female,0,no,no,1,yes,no,no,no_internet_service,no_internet_service,no_internet_service,no_internet_service,no_internet_service,no_internet_service,month-to-month,no,mailed_check,19.1,19.1,no
female,0,yes,no,55,yes,yes,fiber_optic,no,yes,no,no,no,no,month-to-month,yes,credit_card_(automatic),77.75,4266.4,no
female,0,no,yes,17,yes,yes,fiber_optic,no,yes,yes,yes,no,no,month-to-month,yes,credit_card_(automatic),92.7,1556.85,no
female,0,no,no,7,yes,yes,fiber_optic,yes,no,no,no,no,no,month-to-month,yes,mailed_check,79.65,604.7,yes
male,0,yes,yes,1,yes,no,no,no_internet_service,no_internet_service,no_internet_service,no_internet_service,no_internet_service,no_internet_service,one_year,no,mailed_check,18.8,18.8,no
male,1,no,no,27,yes,yes,fiber_optic,no,yes,no,no,no,no,month-to-month,yes,electronic_check,81.45,2122.05,yes
male,1,yes,no,20,yes,no,fiber_optic,no,yes,no,no,no,no,month-to-month,yes,electronic_check,73.65,1463.5,yes
female,0,yes,yes,72,yes,yes,no,no_internet_service,no_internet_service,no_internet_service,no_internet_service,no_internet_service,no_internet_service,two_year,no,credit_card_(automatic),24.25,1784.5,no
female,0,yes,yes,5,yes,no,fiber_optic,no,yes,no,no,no,yes,month-to-month,yes,electronic_check,83.6,404.2,yes
female,0,no,no,37,yes,no,no,no_internet_service,no_internet_service,no_internet_service,no_internet_service,no_internet_service,no_internet_service,two_year,no,mailed_check,19.8,813.3,no
female,0,no,no,5,yes,no,no,no_internet_service,no_internet_service,no_internet_service,no_internet_service,no_internet_service,no_internet_service,month-to-month,yes,credit_card_(automatic),19.65,92.05,no
male,0,no,no,1,yes,no,dsl,no,no,no,yes,no,no,month-to-month,no,mailed_check,49.05,49.05,no
male,0,no,no,22,no,no_phone_service,dsl,no,no,yes,yes,yes,yes,two_year,no,bank_transfer_(automatic),56.75,1304.85,no
female,1,no,no,1,yes,no,fiber_optic,no,no,no,no,yes,no,month-to-month,yes,electronic_check,79.2,79.2,yes
male,0,yes,no,72,yes,yes,fiber_optic,yes,yes,yes,yes,yes,yes,two_year,no,credit_card_(automatic),114.45,8375.05,no
female,0,yes,no,59,yes,no,fiber_optic,no,yes,no,yes,yes,yes,two_year,yes,mailed_check,100.05,6034.85,no
female,0,yes,no,64,yes,yes,fiber_optic,yes,no,yes,no,yes,no,two_year,yes,credit_card_(automatic),94.6,5948.7,no
female,0,yes,yes,72,no,no_phone_service,dsl,yes,yes,yes,yes,yes,yes,two_year,yes,bank_transfer_(automatic),63.8,4684.3,no
male,0,yes,yes,52,yes,yes,no,no_internet_service,no_internet_service,no_internet_service,no_internet_service,no_internet_service,no_internet_service,two_year,no,mailed_check,24.55,1331.05,no
female,1,yes,no,1,yes,yes,fiber_optic,no,no,yes,no,yes,yes,month-to-month,yes,electronic_check,100.8,100.8,yes
female,0,yes,no,42,yes,yes,no,no_internet_service,no_internet_service,no_internet_service,no_internet_service,no_internet_service,no_internet_service,two_year,no,electronic_check,25.25,1108.2,no
female,0,no,no,40,yes,yes,fiber_optic,no,no,no,no,no,yes,month-to-month,no,bank_transfer_(automatic),83.85,3532.25,no
female,0,yes,no,9,yes,no,fiber_optic,no,no,no,no,no,yes,month-to-month,yes,electronic_check,79.75,769.1,no
female,0,yes,yes,10,yes,yes,no,no_internet_service,no_internet_service,no_internet_service,no_internet_service,no_internet_service,no_internet_service,two_year,no,credit_card_(automatic),26.1,225.55,no
female,0,no,no,26,yes,no,fiber_optic,yes,no,yes,yes,no,no,one_year,yes,credit_card_(automatic),87.15,2274.1,no
female,1,no,no,2,yes,no,dsl,no,no,no,no,no,no,month-to-month,no,electronic_check,43.95,85.1,no
male,0,no,no,44,yes,no,fiber_optic,yes,yes,yes,no,yes,yes,one_year,yes,electronic_check,106.05,4510.8,no
male,0,yes,yes,50,yes,no,fiber_optic,no,yes,yes,yes,yes,yes,one_year,yes,bank_transfer_(automatic),103.4,5236.4,no
female,0,yes,yes,35,yes,yes,no,no_internet_service,no_internet_service,no_internet_service,no_internet_service,no_internet_service,no_internet_service,two_year,no,bank_transfer_(automatic),24.3,821.6,no
male,0,no,no,34,yes,no,dsl,no,yes,no,no,no,no,month-to-month,yes,electronic_check,49.8,1734.2,no
female,0,yes,yes,72,yes,yes,fiber_optic,yes,yes,yes,yes,yes,yes,two_year,yes,bank_transfer_(automatic),115.8,8476.5,no
male,0,yes,yes,43,no,no_phone_service,dsl,no,yes,no,no,no,no,month-to-month,no,credit_card_(automatic),29.3,1224.05,no
female,0,no,no,3,yes,no,fiber_optic,no,no,yes,no,no,no,month-to-month,yes,mailed_check,74.75,238.1,no
male,1,yes,no,21,yes,no,fiber_optic,no,no,yes,no,yes,no,month-to-month,no,bank_transfer_(automatic),86.55,1857.25,no
female,0,no,no,1,yes,no,dsl,no,no,yes,yes,yes,yes,one_year,no,credit_card_(automatic),74.1,74.1,no
female,0,yes,yes,70,yes,yes,dsl,yes,yes,yes,yes,yes,yes,two_year,yes,bank_transfer_(automatic),89.0,6293.2,no
female,1,yes,yes,56,yes,no,dsl,yes,no,no,yes,yes,yes,two_year,yes,credit_card_(automatic),72.6,4084.35,no
male,0,yes,yes,61,yes,no,dsl,yes,yes,yes,yes,yes,yes,one_year,no,bank_transfer_(automatic),84.9,5264.5,no
male,0,no,no,7,yes,no,no,no_internet_service,no_internet_service,no_internet_service,no_internet_service,no_internet_service,no_internet_service,month-to-month,yes,mailed_check,19.4,168.65,no
male,0,yes,yes,60,yes,no,no,no_internet_service,no_internet_service,no_internet_service,no_internet_service,no_internet_service,no_internet_service,two_year,no,mailed_check,20.55,1205.05,no
female,0,no,no,23,yes,no,no,no_internet_service,no_internet_service,no_internet_service,no_internet_service,no_internet_service,no_internet_service,month-to-month,yes,mailed_check,19.5,470.2,no
male,0,no,no,53,yes,no,fiber_optic,no,yes,no,yes,no,no,month-to-month,yes,mailed_check,80.6,4348.1,no
female,0,yes,no,59,yes,yes,fiber_optic,no,no,yes,yes,yes,no,month-to-month,no,electronic_check,93.35,5386.5,no
male,0,no,yes,21,yes,yes,no,no_internet_service,no_internet_service,no_internet_service,no_internet_service,no_internet_service,no_internet_service,month-to-month,no,mailed_check,24.7,467.15,no
male,0,yes,no,70,yes,yes,fiber_optic,yes,yes,yes,yes,yes,yes,one_year,no,credit_card_(automatic),115.65,7968.85,yes
female,0,yes,yes,40,yes,no,dsl,yes,yes,no,yes,no,yes,month-to-month,yes,mailed_check,71.35,2847.2,no
female,0,no,no,70,yes,yes,fiber_optic,no,yes,no,no,yes,yes,one_year,no,electronic_check,98.9,6838.6,no
male,0,yes,no,42,yes,yes,fiber_optic,no,yes,yes,no,yes,no,month-to-month,yes,bank_transfer_(automatic),95.25,3959.35,yes
male,0,yes,no,70,yes,no,dsl,yes,yes,no,yes,no,yes,two_year,no,mailed_check,67.95,4664.15,no
female,0,yes,yes,71,yes,yes,fiber_optic,yes,yes,yes,yes,no,no,one_year,yes,credit_card_(automatic),95.15,6770.85,no
male,0,no,no,1,yes,no,no,no_internet_service,no_internet_service,no_internet_service,no_internet_service,no_internet_service,no_internet_service,month-to-month,no,credit_card_(automatic),20.75,20.75,no
female,0,no,no,46,yes,yes,fiber_optic,no,no,no,no,yes,yes,month-to-month,no,bank_transfer_(automatic),96.05,4399.5,yes
female,0,yes,yes,7,yes,no,no,no_internet_service,no_internet_service,no_internet_service,no_internet_service,no_internet_service,no_internet_service,one_year,no,mailed_check,20.65,134.05,no
male,0,no,yes,1,yes,no,dsl,no,yes,no,no,no,no,month-to-month,yes,electronic_check,49.9,49.9,no
female,0,yes,yes,14,yes,no,no,no_internet_service,no_internet_service,no_internet_service,no_internet_service,no_internet_service,no_internet_service,two_year,no,mailed_check,18.8,255.55,no
male,0,no,no,1,yes,yes,fiber_optic,no,no,no,no,no,no,month-to-month,yes,mailed_check,74.25,74.25,yes
male,0,no,no,8,yes,yes,fiber_optic,no,yes,no,no,yes,yes,month-to-month,no,electronic_check,100.85,819.55,yes
male,1,no,no,17,yes,no,fiber_optic,no,yes,yes,no,yes,yes,month-to-month,yes,electronic_check,101.8,1752.45,no
female,0,yes,yes,32,yes,no,dsl,yes,yes,no,yes,no,no,month-to-month,no,bank_transfer_(automatic),61.4,1864.65,no
male,0,no,yes,72,no,no_phone_service,dsl,yes,yes,yes,yes,yes,yes,two_year,no,credit_card_(automatic),67.2,4671.7,no
female,0,no,no,52,yes,no,no,no_internet_service,no_internet_service,no_internet_service,no_internet_service,no_internet_service,no_internet_service,one_year,no,mailed_check,20.65,1022.95,no
female,1,no,yes,1,yes,no,fiber_optic,no,no,no,no,no,no,month-to-month,yes,electronic_check,71.0,71.0,yes
female,0,no,no,7,yes,yes,fiber_optic,no,yes,no,no,no,no,month-to-month,yes,bank_transfer_(automatic),78.55,522.95,no
male,1,yes,no,19,yes,no,dsl,yes,no,yes,no,yes,no,month-to-month,no,bank_transfer_(automatic),66.4,1286.05,no
female,0,yes,yes,19,yes,yes,fiber_optic,no,no,no,yes,no,yes,one_year,yes,bank_transfer_(automatic),89.35,1686.85,no
female,0,no,no,34,yes,no,dsl,yes,yes,no,no,no,no,one_year,no,mailed_check,55.0,1885.15,no
male,0,no,no,35,yes,yes,dsl,yes,no,no,no,no,no,two_year,no,mailed_check,55.25,1924.1,no
male,1,no,no,14,yes,no,fiber_optic,no,no,no,no,yes,yes,month-to-month,no,credit_card_(automatic),90.45,1266.1,yes
female,0,yes,no,25,yes,no,fiber_optic,no,no,yes,no,no,no,month-to-month,yes,electronic_check,74.6,1797.75,no
male,0,yes,yes,19,yes,yes,fiber_optic,no,no,yes,yes,yes,yes,month-to-month,no,electronic_check,103.3,2012.7,yes
female,0,yes,no,1,yes,no,dsl,no,no,no,no,yes,no,month-to-month,no,mailed_check,55.2,55.2,yes
female,0,no,no,9,yes,no,fiber_optic,no,yes,yes,no,no,no,month-to-month,no,electronic_check,80.55,653.9,no
male,0,no,no,3,yes,no,fiber_optic,no,yes,yes,no,no,yes,month-to-month,no,electronic_check,90.4,268.45,no
male,0,no,no,3,yes,no,no,no_internet_service,no_internet_service,no_internet_service,no_internet_service,no_internet_service,no_internet_service,one_year,yes,mailed_check,19.45,69.25,no
male,0,no,yes,19,yes,yes,no,no_internet_service,no_internet_service,no_internet_service,no_internet_service,no_internet_service,no_internet_service,month-to-month,yes,credit_card_(automatic),24.1,439.2,no
male,0,yes,yes,32,no,no_phone_service,dsl,no,no,yes,no,yes,yes,month-to-month,no,credit_card_(automatic),50.6,1653.45,no
male,0,no,no,39,no,no_phone_service,dsl,no,no,no,yes,no,yes,month-to-month,yes,electronic_check,40.6,1494.5,no
male,0,no,yes,66,yes,no,no,no_internet_service,no_internet_service,no_internet_service,no_internet_service,no_internet_service,no_internet_service,two_year,no,mailed_check,20.55,1357.1,no
male,0,yes,yes,38,yes,yes,no,no_internet_service,no_internet_service,no_internet_service,no_internet_service,no_internet_service,no_internet_service,two_year,no,credit_card_(automatic),25.05,963.95,no
male,0,no,no,6,no,no_phone_service,dsl,no,yes,no,no,no,no,month-to-month,yes,credit_card_(automatic),30.5,208.7,yes
male,0,yes,no,72,no,no_phone_service,dsl,yes,yes,yes,yes,yes,yes,two_year,yes,electronic_check,64.7,4746.05,no
female,0,yes,no,61,yes,yes,fiber_optic,no,yes,no,no,yes,yes,two_year,yes,bank_transfer_(automatic),101.05,5971.25,no
male,0,yes,yes,52,yes,no,no,no_internet_service,no_internet_service,no_internet_service,no_internet_service,no_internet_service,no_internet_service,two_year,no,mailed_check,19.2,1054.75,no
male,0,no,yes,5,yes,no,no,no_internet_service,no_internet_service,no_internet_service,no_internet_service,no_internet_service,no_internet_service,two_year,no,mailed_check,20.45,106.9,no
male,0,yes,no,32,yes,yes,fiber_optic,no,no,yes,no,no,no,month-to-month,yes,electronic_check,78.9,2447.95,yes
female,0,yes,no,4,yes,no,dsl,yes,yes,no,no,no,no,month-to-month,no,mailed_check,54.7,235.05,no
female,0,no,yes,67,yes,yes,fiber_optic,no,yes,no,yes,yes,yes,one_year,yes,bank_transfer_(automatic),106.6,7244.7,no
male,0,yes,yes,68,no,no_phone_service,dsl,yes,yes,yes,yes,no,yes,two_year,yes,mailed_check,56.4,3948.45,no
male,0,no,no,14,yes,no,no,no_internet_service,no_internet_service,no_internet_service,no_internet_service,no_internet_service,no_internet_service,month-to-month,yes,electronic_check,20.05,299.3,no
male,0,no,no,67,yes,no,no,no_internet_service,no_internet_service,no_internet_service,no_internet_service,no_internet_service,no_internet_service,two_year,no,bank_transfer_(automatic),19.95,1311.75,no
female,0,yes,yes,52,yes,no,fiber_optic,yes,no,yes,no,yes,yes,one_year,no,electronic_check,100.3,5244.45,no
male,0,no,no,1,yes,no,no,no_internet_service,no_internet_service,no_internet_service,no_internet_service,no_internet_service,no_internet_service,month-to-month,yes,mailed_check,19.3,19.3,yes
female,0,yes,no,2,yes,no,dsl,no,no,no,no,no,no,month-to-month,yes,electronic_check,45.0,89.75,no
female,0,no,no,33,yes,yes,no,no_internet_service,no_internet_service,no_internet_service,no_internet_service,no_internet_service,no_internet_service,two_year,no,credit_card_(automatic),25.7,826.1,no
male,0,yes,yes,39,yes,no,dsl,yes,yes,yes,no,no,no,one_year,no,electronic_check,59.8,2343.85,no
male,0,no,no,16,yes,yes,dsl,no,yes,yes,no,no,yes,month-to-month,yes,bank_transfer_(automatic),71.4,1212.1,no
male,0,yes,no,24,yes,yes,fiber_optic,no,no,yes,no,yes,yes,month-to-month,yes,electronic_check,101.05,2391.8,yes
male,1,no,no,4,yes,no,fiber_optic,no,no,no,no,no,no,month-to-month,no,electronic_check,69.35,261.65,no
male,0,no,no,1,yes,no,dsl,no,no,no,no,no,no,month-to-month,yes,bank_transfer_(automatic),45.1,45.1,yes
female,0,yes,yes,57,yes,no,no,no_internet_service,no_internet_service,no_internet_service,no_internet_service,no_internet_service,no_internet_service,two_year,no,bank_transfer_(automatic),19.5,1167.6,no
female,0,no,no,4,yes,no,fiber_optic,yes,no,yes,yes,no,yes,month-to-month,yes,bank_transfer_(automatic),94.4,387.2,yes
female,0,yes,yes,64,yes,yes,fiber_optic,yes,yes,yes,yes,yes,yes,one_year,no,electronic_check,113.35,7222.75,no
female,0,yes,yes,48,yes,yes,fiber_optic,no,no,no,no,no,yes,one_year,yes,mailed_check,82.05,4029.95,yes
female,0,no,no,22,yes,no,no,no_internet_service,no_internet_service,no_internet_service,no_internet_service,no_internet_service,no_internet_service,month-to-month,yes,mailed_check,20.05,470.2,no
male,0,no,no,23,yes,yes,fiber_optic,no,no,yes,yes,yes,no,month-to-month,yes,credit_card_(automatic),96.9,2085.45,no
male,1,yes,no,35,yes,yes,fiber_optic,no,no,yes,no,yes,yes,month-to-month,yes,electronic_check,100.8,3437.5,no
female,0,no,no,5,yes,yes,fiber_optic,no,no,yes,yes,no,no,month-to-month,yes,electronic_check,82.75,417.75,no
female,0,no,no,63,yes,yes,no,no_internet_service,no_internet_service,no_internet_service,no_internet_service,no_internet_service,no_internet_service,two_year,no,mailed_check,24.2,1618.2,no
female,0,no,no,48,yes,yes,dsl,no,yes,yes,yes,yes,no,one_year,yes,bank_transfer_(automatic),73.85,3581.4,no
female,0,no,no,4,yes,no,no,no_internet_service,no_internet_service,no_internet_service,no_internet_service,no_internet_service,no_internet_service,month-to-month,no,mailed_check,20.05,83.3,no
male,0,no,no,4,yes,no,no,no_internet_service,no_internet_service,no_internet_service,no_internet_service,no_internet_service,no_internet_service,month-to-month,yes,electronic_check,19.85,63.0,no
female,0,yes,no,28,yes,yes,fiber_optic,no,no,yes,yes,yes,yes,month-to-month,yes,electronic_check,104.8,3046.05,yes
male,0,no,no,42,yes,no,no,no_internet_service,no_internet_service,no_internet_service,no_internet_service,no_internet_service,no_internet_service,one_year,yes,mailed_check,19.55,839.4,no
female,0,yes,yes,63,yes,no,no,no_internet_service,no_internet_service,no_internet_service,no_internet_service,no_internet_service,no_internet_service,two_year,no,credit_card_(automatic),20.0,1209.25,no
female,1,no,no,40,yes,no,fiber_optic,no,no,no,no,yes,yes,month-to-month,yes,electronic_check,91.55,3673.6,no
male,0,yes,no,72,yes,yes,dsl,yes,no,yes,yes,yes,yes,two_year,no,credit_card_(automatic),86.65,6094.25,no
female,0,no,no,1,yes,no,dsl,no,no,no,no,no,no,month-to-month,no,electronic_check,43.8,43.8,no
female,1,yes,no,56,yes,yes,dsl,yes,yes,yes,yes,no,no,one_year,yes,credit_card_(automatic),68.45,4014.0,no
female,0,yes,yes,71,yes,no,no,no_internet_service,no_internet_service,no_internet_service,no_internet_service,no_internet_service,no_internet_service,two_year,no,bank_transfer_(automatic),20.1,1389.6,no
female,0,no,no,1,yes,no,no,no_internet_service,no_internet_service,no_internet_service,no_internet_service,no_internet_service,no_internet_service,month-to-month,no,mailed_check,20.9,20.9,yes
female,0,yes,yes,32,yes,yes,fiber_optic,yes,no,no,no,yes,no,month-to-month,no,electronic_check,89.6,2901.8,no
male,1,no,no,43,yes,no,fiber_optic,no,no,no,no,yes,yes,month-to-month,yes,mailed_check,89.55,3856.75,yes
male,0,no,no,6,yes,no,dsl,yes,no,yes,yes,yes,yes,two_year,yes,mailed_check,80.25,493.4,no
female,0,yes,no,65,yes,no,dsl,yes,yes,yes,no,no,yes,two_year,no,bank_transfer_(automatic),71.0,4386.2,no
male,0,no,no,33,yes,no,fiber_optic,no,yes,no,yes,no,no,two_year,no,bank_transfer_(automatic),80.6,2651.1,no
male,1,yes,no,46,yes,yes,fiber_optic,no,no,yes,no,yes,yes,month-to-month,yes,electronic_check,101.0,4680.05,yes
male,0,no,yes,1,yes,no,no,no_internet_service,no_internet_service,no_internet_service,no_internet_service,no_internet_service,no_internet_service,month-to-month,yes,mailed_check,19.45,19.45,yes
male,0,no,no,63,yes,yes,dsl,yes,no,yes,yes,no,yes,two_year,yes,bank_transfer_(automatic),71.9,4479.2,no
male,0,no,no,57,yes,no,no,no_internet_service,no_internet_service,no_internet_service,no_internet_service,no_internet_service,no_internet_service,two_year,no,bank_transfer_(automatic),20.65,1125.6,no
female,1,no,no,7,yes,no,dsl,yes,no,no,no,no,no,month-to-month,yes,electronic_check,48.2,340.35,no
female,0,no,yes,24,yes,no,no,no_internet_service,no_internet_service,no_internet_service,no_internet_service,no_internet_service,no_internet_service,one_year,no,bank_transfer_(automatic),21.05,531.55,no
female,0,no,no,1,yes,yes,dsl,no,no,no,no,no,no,month-to-month,yes,mailed_check,50.1,50.1,yes
female,0,no,no,55,yes,no,fiber_optic,no,yes,yes,no,no,no,month-to-month,yes,electronic_check,81.55,4509.5,no
female,0,yes,yes,29,yes,no,no,no_internet_service,no_internet_service,no_internet_service,no_internet_service,no_internet_service,no_internet_service,one_year,no,electronic_check,20.0,540.05,no
male,0,no,no,11,no,no_phone_service,dsl,no,yes,yes,no,no,no,month-to-month,no,mailed_check,34.7,383.55,no
male,0,yes,yes,50,yes,no,dsl,yes,no,no,yes,yes,yes,one_year,no,electronic_check,75.5,4025.6,no
male,0,yes,yes,29,yes,yes,dsl,yes,no,no,yes,yes,no,one_year,no,bank_transfer_(automatic),69.05,1958.45,no
female,0,no,no,69,yes,no,dsl,yes,no,yes,yes,yes,yes,two_year,yes,credit_card_(automatic),82.45,5555.3,no
female,0,no,no,1,yes,no,no,no_internet_service,no_internet_service,no_internet_service,no_internet_service,no_internet_service,no_internet_service,month-to-month,no,electronic_check,19.3,19.3,yes
female,0,no,no,1,yes,no,no,no_internet_service,no_internet_service,no_internet_service,no_internet_service,no_internet_service,no_internet_service,month-to-month,no,mailed_check,20.9,20.9,yes
female,0,yes,yes,64,yes,yes,dsl,yes,yes,yes,yes,yes,yes,two_year,yes,mailed_check,90.6,5817.45,no
female,0,no,no,29,yes,no,no,no_internet_service,no_internet_service,no_internet_service,no_internet_service,no_internet_service,no_internet_service,one_year,no,mailed_check,20.0,599.3,no
female,0,no,no,29,yes,yes,dsl,no,yes,no,no,no,no,one_year,yes,electronic_check,55.25,1620.2,no
male,0,yes,yes,59,yes,no,no,no_internet_service,no_internet_service,no_internet_service,no_internet_service,no_internet_service,no_internet_service,two_year,no,mailed_check,19.85,1188.25,no
male,1,no,no,1,yes,no,fiber_optic,no,no,no,no,no,no,month-to-month,yes,electronic_check,69.65,69.65,yes
female,0,yes,yes,51,yes,yes,fiber_optic,yes,no,no,yes,yes,no,one_year,yes,mailed_check,95.15,5000.05,no
female,0,yes,yes,30,yes,yes,no,no_internet_service,no_internet_service,no_internet_service,no_internet_service,no_internet_service,no_internet_service,two_year,yes,mailed_check,25.1,789.55,no
male,0,no,no,25,yes,yes,fiber_optic,no,no,no,no,no,yes,month-to-month,yes,electronic_check,84.8,2043.45,yes
female,0,yes,yes,10,yes,no,fiber_optic,no,no,no,no,yes,yes,month-to-month,yes,electronic_check,88.85,929.45,no
male,0,no,no,38,yes,no,fiber_optic,no,no,no,no,no,no,one_year,yes,bank_transfer_(automatic),70.45,2597.6,yes
female,0,yes,yes,70,yes,yes,dsl,yes,no,no,yes,yes,yes,two_year,yes,bank_transfer_(automatic),80.6,5460.2,no
female,0,no,no,1,yes,no,no,no_internet_service,no_internet_service,no_internet_service,no_internet_service,no_internet_service,no_internet_service,month-to-month,no,mailed_check,20.35,20.35,no
male,0,no,no,2,yes,no,dsl,no,no,no,no,no,no,month-to-month,no,bank_transfer_(automatic),46.05,80.35,yes
female,0,no,no,2,yes,no,fiber_optic,yes,yes,no,yes,no,no,month-to-month,yes,electronic_check,86.25,181.65,yes
male,1,yes,no,18,yes,no,fiber_optic,no,no,no,no,no,yes,month-to-month,no,electronic_check,78.55,1422.65,yes
male,0,no,no,2,yes,no,dsl,no,no,no,yes,yes,yes,month-to-month,no,electronic_check,70.3,132.4,no
female,0,no,no,1,yes,no,fiber_optic,no,no,no,no,no,no,month-to-month,yes,electronic_check,70.1,70.1,yes
male,0,yes,yes,18,yes,no,dsl,yes,no,yes,yes,yes,yes,month-to-month,no,electronic_check,83.25,1611.15,no
male,0,no,no,22,yes,no,fiber_optic,no,no,no,no,no,no,month-to-month,yes,mailed_check,69.7,1490.4,no
female,0,yes,yes,41,yes,no,no,no_internet_service,no_internet_service,no_internet_service,no_internet_service,no_internet_service,no_internet_service,two_year,no,bank_transfer_(automatic),19.3,772.4,no
female,1,yes,no,26,yes,no,dsl,no,no,yes,no,no,yes,one_year,no,mailed_check,60.7,1597.4,no
male,0,yes,no,5,yes,no,fiber_optic,no,no,yes,no,yes,yes,month-to-month,yes,electronic_check,94.45,498.1,yes
male,0,no,yes,53,yes,no,fiber_optic,yes,yes,yes,no,no,yes,one_year,no,electronic_check,95.95,5036.9,no
male,0,no,yes,30,yes,no,dsl,no,yes,yes,no,yes,no,one_year,no,credit_card_(automatic),64.5,1929.95,no
female,0,yes,no,64,yes,no,dsl,yes,yes,yes,yes,no,yes,two_year,yes,mailed_check,74.35,4759.55,no
female,0,no,no,1,yes,no,no,no_internet_service,no_internet_service,no_internet_service,no_internet_service,no_internet_service,no_internet_service,month-to-month,yes,mailed_check,19.6,19.6,yes
male,0,no,no,38,yes,yes,fiber_optic,no,no,yes,yes,yes,no,one_year,no,bank_transfer_(automatic),95.0,3605.6,no
female,0,yes,yes,12,no,no_phone_service,dsl,no,yes,no,no,no,no,month-to-month,no,mailed_check,29.2,309.1,yes
male,0,yes,yes,2,yes,no,fiber_optic,yes,no,no,no,yes,yes,month-to-month,no,electronic_check,97.1,184.15,no
male,1,no,no,51,yes,yes,no,no_internet_service,no_internet_service,no_internet_service,no_internet_service,no_internet_service,no_internet_service,one_year,no,bank_transfer_(automatic),25.0,1260.7,no
female,0,no,no,1,yes,no,dsl,no,no,no,no,no,no,month-to-month,no,electronic_check,45.8,45.8,yes
male,0,yes,no,71,yes,yes,no,no_internet_service,no_internet_service,no_internet_service,no_internet_service,no_internet_service,no_internet_service,two_year,yes,electronic_check,24.5,1816.2,no
male,1,no,no,1,yes,no,fiber_optic,no,no,no,no,no,no,month-to-month,yes,electronic_check,70.05,70.05,no
male,0,yes,yes,67,yes,no,dsl,yes,no,yes,yes,no,yes,two_year,no,mailed_check,67.85,4627.65,no
male,1,no,no,67,yes,yes,fiber_optic,yes,yes,yes,yes,yes,yes,two_year,yes,credit_card_(automatic),116.1,7839.85,no
female,0,no,no,13,yes,no,no,no_internet_service,no_internet_service,no_internet_service,no_internet_service,no_internet_service,no_internet_service,two_year,yes,mailed_check,20.4,261.3,no
female,0,yes,no,8,yes,no,no,no_internet_service,no_internet_service,no_internet_service,no_internet_service,no_internet_service,no_internet_service,month-to-month,no,bank_transfer_(automatic),20.15,156.25,yes
female,0,no,no,37,yes,yes,fiber_optic,no,yes,yes,no,yes,yes,month-to-month,yes,bank_transfer_(automatic),101.9,3545.35,yes
male,1,yes,no,54,yes,yes,fiber_optic,no,no,no,no,no,no,month-to-month,no,bank_transfer_(automatic),74.0,3919.15,no
female,1,no,no,45,yes,yes,dsl,yes,no,no,yes,no,yes,month-to-month,yes,electronic_check,70.05,3062.45,no
male,0,no,no,2,yes,no,no,no_internet_service,no_internet_service,no_internet_service,no_internet_service,no_internet_service,no_internet_service,month-to-month,no,mailed_check,20.05,42.7,no
female,0,no,no,16,no,no_phone_service,dsl,yes,no,no,no,yes,no,month-to-month,yes,electronic_check,38.9,664.4,no
female,0,no,no,47,yes,yes,fiber_optic,no,yes,yes,no,yes,yes,month-to-month,yes,electronic_check,106.35,4849.1,no
male,0,yes,no,72,yes,yes,dsl,no,yes,yes,yes,yes,yes,two_year,yes,credit_card_(automatic),85.45,6227.5,no
male,0,no,no,17,yes,yes,fiber_optic,no,no,yes,yes,no,no,one_year,no,electronic_check,86.75,1410.25,no
male,0,no,no,5,no,no_phone_service,dsl,yes,yes,yes,yes,no,no,month-to-month,yes,mailed_check,43.25,219.0,yes
male,0,yes,yes,50,yes,yes,fiber_optic,yes,no,yes,no,yes,yes,month-to-month,no,credit_card_(automatic),105.95,5341.8,yes
male,0,yes,yes,55,yes,no,dsl,no,no,yes,yes,no,no,two_year,yes,credit_card_(automatic),55.25,3119.9,no
male,0,no,yes,1,yes,no,no,no_internet_service,no_internet_service,no_internet_service,no_internet_service,no_internet_service,no_internet_service,month-to-month,yes,mailed_check,21.05,21.05,no
female,1,no,no,32,yes,no,dsl,no,yes,no,yes,no,no,month-to-month,no,bank_transfer_(automatic),54.65,1830.1,no
male,0,yes,yes,51,yes,yes,fiber_optic,no,yes,no,yes,no,no,one_year,no,bank_transfer_(automatic),84.2,4299.75,no
male,0,yes,no,14,yes,no,dsl,no,no,no,yes,no,no,month-to-month,no,bank_transfer_(automatic),48.8,664.4,no
female,0,yes,yes,69,no,no_phone_service,dsl,yes,yes,yes,yes,no,no,two_year,no,bank_transfer_(automatic),46.25,3121.4,no
male,0,no,no,26,yes,no,dsl,yes,no,no,yes,yes,yes,one_year,no,bank_transfer_(automatic),75.0,1908.35,no
female,0,yes,no,70,yes,yes,dsl,yes,no,yes,yes,no,no,two_year,no,credit_card_(automatic),65.3,4759.75,yes
male,0,yes,no,11,yes,no,dsl,no,no,no,no,no,no,month-to-month,yes,bank_transfer_(automatic),45.9,521.9,no
female,0,yes,no,55,yes,no,dsl,yes,yes,no,yes,no,no,two_year,no,mailed_check,56.8,3112.05,no
female,1,yes,no,27,yes,no,fiber_optic,yes,no,no,no,no,no,month-to-month,yes,bank_transfer_(automatic),75.2,1929.35,yes
female,0,yes,no,34,yes,no,dsl,no,no,no,yes,no,no,month-to-month,no,bank_transfer_(automatic),50.2,1815.3,no
female,0,no,no,13,yes,no,fiber_optic,no,yes,no,no,no,no,one_year,yes,mailed_check,74.65,966.25,no
male,0,no,no,72,yes,yes,dsl,yes,yes,yes,yes,yes,yes,two_year,no,bank_transfer_(automatic),92.0,6632.75,no
female,0,yes,no,72,yes,yes,fiber_optic,yes,yes,yes,yes,no,no,two_year,yes,bank_transfer_(automatic),97.0,7104.2,no
male,1,yes,no,46,yes,no,fiber_optic,no,no,no,no,no,yes,month-to-month,yes,electronic_check,80.4,3605.2,yes
female,0,yes,yes,58,yes,yes,fiber_optic,no,yes,yes,no,yes,yes,one_year,yes,credit_card_(automatic),105.2,6225.4,no
male,0,no,no,13,yes,no,fiber_optic,no,no,yes,no,yes,no,month-to-month,yes,electronic_check,83.2,1060.6,yes
female,0,no,no,65,yes,yes,fiber_optic,no,yes,yes,no,yes,no,one_year,yes,electronic_check,95.5,6153.85,no
male,0,no,no,5,yes,no,dsl,no,no,yes,yes,no,no,month-to-month,no,electronic_check,56.15,291.45,no
female,0,no,no,1,yes,no,fiber_optic,no,yes,no,no,no,no,month-to-month,yes,credit_card_(automatic),74.3,74.3,yes
male,0,yes,yes,20,yes,no,fiber_optic,no,no,no,no,no,no,month-to-month,yes,electronic_check,70.45,1470.95,yes
female,0,no,no,68,yes,yes,dsl,yes,yes,yes,yes,yes,yes,two_year,yes,electronic_check,88.15,6148.45,no
male,0,yes,no,71,yes,no,no,no_internet_service,no_internet_service,no_internet_service,no_internet_service,no_internet_service,no_internet_service,one_year,no,electronic_check,20.85,1539.75,no
male,0,yes,yes,2,yes,no,dsl,no,no,no,no,no,no,month-to-month,yes,electronic_check,44.5,90.05,no
male,1,yes,no,32,yes,yes,fiber_optic,no,no,no,no,no,yes,month-to-month,yes,electronic_check,85.0,2642.05,yes
male,0,yes,no,61,yes,no,dsl,yes,yes,no,yes,yes,yes,two_year,yes,mailed_check,81.05,4747.65,no
male,0,no,no,1,yes,no,dsl,no,no,no,no,yes,no,month-to-month,yes,mailed_check,53.5,53.5,yes
female,0,yes,yes,71,yes,yes,fiber_optic,yes,yes,yes,yes,yes,yes,two_year,no,credit_card_(automatic),113.65,8166.8,no
male,0,yes,no,42,yes,yes,dsl,yes,no,no,yes,yes,yes,one_year,no,credit_card_(automatic),80.45,3375.9,no
female,0,yes,no,57,yes,no,no,no_internet_service,no_internet_service,no_internet_service,no_internet_service,no_internet_service,no_internet_service,two_year,no,bank_transfer_(automatic),19.9,1115.6,no
male,1,no,no,33,no,no_phone_service,dsl,no,no,yes,yes,yes,yes,month-to-month,yes,electronic_check,54.6,1803.7,no
female,0,no,no,1,yes,yes,fiber_optic,no,no,no,no,no,yes,month-to-month,yes,mailed_check,85.45,85.45,yes
male,0,yes,yes,6,yes,no,dsl,yes,no,no,no,no,no,month-to-month,yes,electronic_check,49.15,295.65,no
female,0,no,no,40,yes,no,fiber_optic,no,yes,no,no,no,no,month-to-month,no,credit_card_(automatic),74.8,2971.7,no
male,0,no,no,1,yes,no,no,no_internet_service,no_internet_service,no_internet_service,no_internet_service,no_internet_service,no_internet_service,month-to-month,no,mailed_check,20.8,20.8,no
male,0,no,yes,22,yes,no,no,no_internet_service,no_internet_service,no_internet_service,no_internet_service,no_internet_service,no_internet_service,month-to-month,no,credit_card_(automatic),20.15,432.5,no
female,0,no,no,1,yes,no,fiber_optic,no,no,no,no,yes,yes,month-to-month,no,electronic_check,90.55,90.55,yes
male,0,no,no,1,yes,no,no,no_internet_service,no_internet_service,no_internet_service,no_internet_service,no_internet_service,no_internet_service,month-to-month,no,bank_transfer_(automatic),19.65,19.65,no
male,1,yes,yes,47,yes,no,fiber_optic,no,yes,no,no,yes,no,one_year,yes,bank_transfer_(automatic),84.95,4018.05,no
male,0,yes,yes,31,yes,yes,no,no_internet_service,no_internet_service,no_internet_service,no_internet_service,no_internet_service,no_internet_service,two_year,no,mailed_check,25.75,755.6,no
female,0,no,no,24,yes,yes,fiber_optic,yes,no,no,yes,no,no,month-to-month,yes,electronic_check,84.35,1938.05,no
female,0,yes,no,10,yes,yes,fiber_optic,yes,no,no,no,no,no,month-to-month,yes,credit_card_(automatic),78.15,765.15,no
male,0,no,yes,17,yes,no,dsl,no,yes,yes,yes,yes,yes,one_year,no,electronic_check,80.85,1445.95,no
male,0,yes,no,67,no,no_phone_service,dsl,yes,yes,no,yes,no,yes,two_year,yes,bank_transfer_(automatic),50.95,3521.7,no
male,0,no,no,63,yes,yes,dsl,yes,yes,yes,yes,no,no,one_year,no,electronic_check,71.5,4576.3,no
female,0,yes,yes,46,yes,no,no,no_internet_service,no_internet_service,no_internet_service,no_internet_service,no_internet_service,no_internet_service,two_year,no,mailed_check,19.4,967.85,no
female,0,yes,no,58,yes,yes,dsl,yes,no,no,yes,no,yes,one_year,yes,electronic_check,68.4,3972.25,no
female,0,yes,yes,59,yes,no,no,no_internet_service,no_internet_service,no_internet_service,no_internet_service,no_internet_service,no_internet_service,two_year,no,mailed_check,20.6,1286.0,no
female,0,yes,no,72,yes,no,no,no_internet_service,no_internet_service,no_internet_service,no_internet_service,no_internet_service,no_internet_service,two_year,no,credit_card_(automatic),20.5,1502.25,no
female,0,yes,yes,9,yes,no,no,no_internet_service,no_internet_service,no_internet_service,no_internet_service,no_internet_service,no_internet_service,two_year,no,mailed_check,19.75,210.65,no
female,0,no,no,66,no,no_phone_service,dsl,yes,yes,yes,yes,yes,yes,two_year,yes,bank_transfer_(automatic),62.5,4136.4,no
female,0,no,no,25,yes,no,fiber_optic,yes,yes,no,no,no,no,month-to-month,yes,bank_transfer_(automatic),79.85,2015.35,yes
female,0,yes,yes,7,yes,no,dsl,yes,yes,yes,yes,yes,no,month-to-month,yes,electronic_check,75.7,554.05,no
male,0,no,no,52,yes,no,no,no_internet_service,no_internet_service,no_internet_service,no_internet_service,no_internet_service,no_internet_service,two_year,no,bank_transfer_(automatic),21.0,1107.2,no
female,0,no,no,2,yes,no,dsl,no,no,no,no,no,no,month-to-month,no,electronic_check,45.55,84.4,no
female,0,yes,yes,41,yes,no,no,no_internet_service,no_internet_service,no_internet_service,no_internet_service,no_internet_service,no_internet_service,two_year,no,bank_transfer_(automatic),19.7,804.25,no
female,0,yes,yes,59,yes,yes,dsl,yes,yes,no,yes,no,no,one_year,no,mailed_check,65.5,3801.3,no
female,0,yes,yes,39,yes,no,no,no_internet_service,no_internet_service,no_internet_service,no_internet_service,no_internet_service,no_internet_service,two_year,no,mailed_check,19.75,757.95,no
male,0,yes,no,20,yes,no,dsl,yes,no,no,yes,no,yes,one_year,yes,mailed_check,64.15,1274.45,no
male,0,yes,yes,53,yes,no,dsl,yes,yes,no,yes,yes,no,two_year,yes,mailed_check,69.7,3729.6,no
female,0,no,no,22,yes,yes,fiber_optic,no,no,no,yes,yes,no,month-to-month,yes,electronic_check,90.0,1993.8,yes
female,1,yes,no,60,no,no_phone_service,dsl,no,yes,no,no,yes,yes,two_year,yes,credit_card_(automatic),49.45,2907.55,no
male,0,yes,yes,38,yes,no,dsl,yes,no,yes,yes,yes,yes,two_year,no,credit_card_(automatic),81.0,3084.9,no
female,0,no,no,3,yes,no,no,no_internet_service,no_internet_service,no_internet_service,no_internet_service,no_internet_service,no_internet_service,month-to-month,no,mailed_check,19.85,63.75,yes
female,1,no,no,8,yes,yes,fiber_optic,no,no,no,no,no,yes,month-to-month,no,electronic_check,85.2,695.75,no
male,0,yes,yes,1,yes,no,no,no_internet_service,no_internet_service,no_internet_service,no_internet_service,no_internet_service,no_internet_service,month-to-month,no,mailed_check,19.7,19.7,no
female,0,no,no,55,yes,yes,fiber_optic,yes,no,yes,no,no,no,one_year,yes,credit_card_(automatic),84.25,4589.85,no
male,0,yes,yes,12,yes,no,no,no_internet_service,no_internet_service,no_internet_service,no_internet_service,no_internet_service,no_internet_service,month-to-month,yes,electronic_check,21.15,306.05,no
female,0,no,no,31,yes,yes,dsl,yes,no,yes,yes,no,no,month-to-month,no,credit_card_(automatic),65.25,1994.3,yes
male,0,no,no,3,yes,no,no,no_internet_service,no_internet_service,no_internet_service,no_internet_service,no_internet_service,no_internet_service,month-to-month,yes,credit_card_(automatic),20.75,67.1,no
female,1,yes,no,71,yes,no,fiber_optic,no,yes,yes,no,yes,yes,two_year,yes,electronic_check,99.2,7213.75,no
male,0,no,no,62,yes,yes,dsl,yes,yes,yes,yes,no,no,two_year,no,bank_transfer_(automatic),69.4,4237.5,no
male,0,no,yes,13,yes,no,dsl,no,no,no,no,no,no,month-to-month,no,mailed_check,44.0,659.35,no
female,0,yes,no,24,yes,no,no,no_internet_service,no_internet_service,no_internet_service,no_internet_service,no_internet_service,no_internet_service,one_year,no,credit_card_(automatic),20.4,482.8,no
male,1,yes,no,29,yes,yes,fiber_optic,no,no,yes,no,yes,yes,month-to-month,yes,electronic_check,98.5,3004.15,yes
male,0,no,no,3,yes,yes,fiber_optic,no,no,no,no,no,no,month-to-month,yes,electronic_check,74.4,229.55,yes
male,0,no,no,3,yes,no,fiber_optic,yes,no,no,yes,no,no,month-to-month,yes,mailed_check,82.3,214.4,no
female,0,yes,yes,22,yes,no,no,no_internet_service,no_internet_service,no_internet_service,no_internet_service,no_internet_service,no_internet_service,month-to-month,no,mailed_check,19.9,400.3,no
male,0,no,no,25,yes,no,no,no_internet_service,no_internet_service,no_internet_service,no_internet_service,no_internet_service,no_internet_service,one_year,yes,bank_transfer_(automatic),19.5,516.3,no
female,0,yes,no,53,yes,yes,fiber_optic,no,yes,no,no,yes,yes,month-to-month,yes,credit_card_(automatic),98.4,5149.5,yes
male,0,no,no,1,no,no_phone_service,dsl,no,no,no,no,no,no,month-to-month,no,mailed_check,24.4,24.4,no
female,0,yes,yes,52,yes,no,no,no_internet_service,no_internet_service,no_internet_service,no_internet_service,no_internet_service,no_internet_service,two_year,no,bank_transfer_(automatic),20.1,1078.75,no
male,1,no,no,62,yes,yes,fiber_optic,no,yes,yes,yes,yes,yes,one_year,yes,bank_transfer_(automatic),110.75,7053.35,no
female,0,yes,no,46,yes,yes,dsl,yes,no,no,no,no,no,month-to-month,no,electronic_check,53.1,2459.8,no
female,1,yes,no,71,yes,yes,fiber_optic,yes,no,no,no,no,no,two_year,yes,credit_card_(automatic),80.7,5676.0,no
male,0,no,no,1,no,no_phone_service,dsl,no,no,no,no,no,yes,month-to-month,yes,electronic_check,35.45,35.45,yes
male,1,yes,no,13,yes,no,fiber_optic,no,yes,no,yes,no,yes,month-to-month,yes,bank_transfer_(automatic),89.05,1169.35,yes
female,0,no,no,1,yes,no,no,no_internet_service,no_internet_service,no_internet_service,no_internet_service,no_internet_service,no_internet_service,month-to-month,no,credit_card_(automatic),19.4,19.4,no
male,1,no,no,5,yes,no,dsl,no,no,yes,no,no,no,month-to-month,no,electronic_check,50.35,237.25,yes
male,0,no,yes,1,yes,no,fiber_optic,no,no,no,no,no,no,month-to-month,no,bank_transfer_(automatic),69.75,69.75,yes
female,0,yes,yes,2,yes,no,fiber_optic,no,no,no,no,no,no,month-to-month,yes,electronic_check,71.65,135.75,no
male,0,no,no,69,yes,no,fiber_optic,no,yes,yes,yes,yes,yes,one_year,yes,bank_transfer_(automatic),104.05,7262.0,yes
female,0,yes,yes,36,yes,yes,dsl,yes,yes,yes,yes,yes,yes,two_year,yes,credit_card_(automatic),92.9,3379.25,no
female,1,no,no,59,yes,yes,fiber_optic,no,yes,no,no,no,no,two_year,yes,credit_card_(automatic),79.2,4590.35,no
female,0,no,yes,19,yes,yes,dsl,yes,yes,no,yes,yes,no,month-to-month,yes,mailed_check,75.9,1375.6,no
male,0,yes,no,68,yes,yes,no,no_internet_service,no_internet_service,no_internet_service,no_internet_service,no_internet_service,no_internet_service,two_year,no,credit_card_(automatic),25.05,1629.2,no
female,0,no,no,23,yes,yes,fiber_optic,no,no,no,no,yes,yes,month-to-month,yes,electronic_check,93.5,2341.55,no
male,0,no,no,72,yes,no,no,no_internet_service,no_internet_service,no_internet_service,no_internet_service,no_internet_service,no_internet_service,two_year,yes,credit_card_(automatic),19.8,1468.75,no
female,0,no,no,36,yes,yes,dsl,yes,no,yes,yes,yes,yes,one_year,yes,credit_card_(automatic),89.65,3348.1,no
female,0,yes,yes,6,yes,yes,fiber_optic,no,no,no,yes,no,no,month-to-month,yes,electronic_check,80.5,502.85,yes
female,0,yes,yes,2,yes,no,fiber_optic,no,no,no,no,no,no,month-to-month,no,electronic_check,70.4,147.15,yes
female,0,no,yes,50,yes,no,fiber_optic,no,no,no,no,no,no,two_year,no,credit_card_(automatic),70.35,3533.6,no
male,0,no,no,1,yes,no,no,no_internet_service,no_internet_service,no_internet_service,no_internet_service,no_internet_service,no_internet_service,two_year,no,mailed_check,20.45,20.45,no
female,0,no,no,14,yes,yes,fiber_optic,no,no,yes,no,no,no,month-to-month,yes,electronic_check,80.45,1072.0,yes
male,0,no,no,6,yes,no,fiber_optic,no,yes,no,no,yes,no,month-to-month,yes,electronic_check,85.35,489.45,yes
male,1,yes,no,65,yes,yes,fiber_optic,yes,yes,no,no,yes,no,two_year,yes,credit_card_(automatic),92.7,5968.4,no
male,0,yes,yes,50,yes,yes,dsl,no,no,yes,no,no,no,one_year,no,bank_transfer_(automatic),54.9,2614.1,no
male,0,no,no,25,yes,no,fiber_optic,no,no,no,no,no,no,month-to-month,no,electronic_check,69.75,1729.35,no
female,1,no,no,43,yes,yes,fiber_optic,no,yes,no,no,yes,no,month-to-month,yes,electronic_check,90.25,3838.75,no
female,0,no,no,30,yes,no,dsl,yes,yes,no,no,no,no,month-to-month,yes,bank_transfer_(automatic),55.3,1530.6,no
female,0,yes,no,66,yes,yes,dsl,yes,yes,yes,no,no,no,two_year,no,bank_transfer_(automatic),66.9,4370.25,no
female,0,no,no,11,yes,yes,fiber_optic,no,no,no,yes,yes,no,month-to-month,no,electronic_check,90.15,987.95,yes
female,0,yes,no,61,yes,yes,fiber_optic,no,no,yes,yes,yes,yes,one_year,yes,bank_transfer_(automatic),103.3,6518.35,no
female,0,yes,yes,5,yes,no,dsl,no,no,no,no,no,no,month-to-month,no,mailed_check,44.8,220.45,no
male,0,yes,no,21,yes,yes,fiber_optic,no,yes,yes,yes,yes,yes,month-to-month,yes,electronic_check,111.2,2317.1,yes
male,1,yes,no,64,yes,yes,no,no_internet_service,no_internet_service,no_internet_service,no_internet_service,no_internet_service,no_internet_service,two_year,no,credit_card_(automatic),25.65,1740.8,no
male,0,no,no,57,no,no_phone_service,dsl,yes,no,yes,no,yes,yes,month-to-month,yes,electronic_check,53.75,3196.0,no
female,0,yes,yes,34,yes,no,no,no_internet_service,no_internet_service,no_internet_service,no_internet_service,no_internet_service,no_internet_service,month-to-month,no,mailed_check,20.65,716.4,no
male,0,no,no,70,yes,yes,fiber_optic,yes,yes,yes,yes,yes,yes,two_year,yes,bank_transfer_(automatic),114.95,7711.25,no
female,0,yes,yes,71,yes,yes,dsl,yes,yes,yes,yes,yes,yes,two_year,no,bank_transfer_(automatic),89.9,6342.7,no
male,0,no,no,72,yes,yes,fiber_optic,no,yes,yes,no,yes,yes,two_year,yes,electronic_check,103.65,7634.8,no
male,0,no,no,31,yes,no,no,no_internet_service,no_internet_service,no_internet_service,no_internet_service,no_internet_service,no_internet_service,two_year,no,mailed_check,20.45,638.55,no
female,1,no,no,5,yes,no,fiber_optic,yes,yes,no,no,no,no,month-to-month,no,electronic_check,80.7,374.8,no
male,0,no,no,67,yes,no,dsl,no,no,no,yes,no,no,two_year,no,bank_transfer_(automatic),50.55,3260.1,no
male,0,yes,yes,34,yes,no,fiber_optic,no,no,yes,no,yes,no,month-to-month,yes,mailed_check,84.05,2909.95,no
female,1,yes,no,24,no,no_phone_service,dsl,no,no,yes,no,no,yes,month-to-month,yes,credit_card_(automatic),40.65,933.3,yes
male,1,yes,no,54,yes,yes,fiber_optic,no,yes,yes,yes,yes,yes,two_year,yes,electronic_check,110.45,6077.75,no
female,0,yes,no,72,yes,yes,no,no_internet_service,no_internet_service,no_internet_service,no_internet_service,no_internet_service,no_internet_service,two_year,no,bank_transfer_(automatic),25.65,1887.0,no
female,0,no,no,36,yes,yes,fiber_optic,no,yes,no,no,yes,yes,month-to-month,yes,electronic_check,99.15,3615.6,yes
female,0,no,yes,13,yes,yes,dsl,yes,yes,yes,yes,yes,yes,two_year,no,credit_card_(automatic),88.95,1161.75,no
male,0,no,no,56,yes,no,dsl,no,yes,yes,yes,yes,yes,two_year,yes,credit_card_(automatic),81.8,4534.45,no
female,1,yes,no,17,yes,yes,fiber_optic,no,no,no,no,yes,yes,month-to-month,yes,electronic_check,92.55,1614.7,no
male,0,no,yes,5,yes,no,dsl,no,no,no,yes,no,no,month-to-month,yes,bank_transfer_(automatic),48.65,235.2,no
female,0,no,no,43,yes,no,no,no_internet_service,no_internet_service,no_internet_service,no_internet_service,no_internet_service,no_internet_service,two_year,yes,bank_transfer_(automatic),19.65,779.25,no
female,0,yes,no,47,yes,no,no,no_internet_service,no_internet_service,no_internet_service,no_internet_service,no_internet_service,no_internet_service,two_year,no,bank_transfer_(automatic),19.65,921.55,no
male,0,yes,yes,33,yes,no,no,no_internet_service,no_internet_service,no_internet_service,no_internet_service,no_internet_service,no_internet_service,one_year,no,mailed_check,20.6,690.25,no
male,0,no,no,52,yes,no,dsl,yes,yes,no,no,yes,no,two_year,yes,credit_card_(automatic),63.25,3342.45,no
male,0,no,yes,30,yes,yes,no,no_internet_service,no_internet_service,no_internet_service,no_internet_service,no_internet_service,no_internet_service,one_year,no,bank_transfer_(automatic),25.35,723.3,no
female,0,no,no,13,yes,yes,fiber_optic,no,yes,yes,no,no,no,month-to-month,yes,electronic_check,84.45,1058.6,yes
male,0,yes,yes,51,yes,no,no,no_internet_service,no_internet_service,no_internet_service,no_internet_service,no_internet_service,no_internet_service,two_year,no,credit_card_(automatic),19.55,1086.75,no
female,0,yes,yes,64,yes,yes,fiber_optic,no,yes,yes,yes,yes,yes,one_year,yes,electronic_check,111.45,7266.95,no
male,0,yes,yes,72,yes,no,no,no_internet_service,no_internet_service,no_internet_service,no_internet_service,no_internet_service,no_internet_service,two_year,no,credit_card_(automatic),19.4,1363.25,no
male,1,no,no,69,yes,yes,dsl,yes,no,yes,yes,no,yes,two_year,no,credit_card_(automatic),74.1,5031.0,no
male,0,no,no,3,yes,no,fiber_optic,no,no,no,no,no,no,month-to-month,yes,mailed_check,70.3,220.4,no
female,0,yes,no,13,no,no_phone_service,dsl,no,no,yes,no,yes,yes,month-to-month,yes,bank_transfer_(automatic),48.75,633.4,yes
male,0,no,yes,18,yes,no,dsl,no,no,no,no,no,no,month-to-month,yes,credit_card_(automatic),45.65,747.2,no
female,0,yes,no,71,yes,no,no,no_internet_service,no_internet_service,no_internet_service,no_internet_service,no_internet_service,no_internet_service,two_year,no,credit_card_(automatic),19.1,1372.45,no
male,0,no,no,57,yes,no,dsl,yes,no,yes,no,yes,yes,two_year,yes,bank_transfer_(automatic),74.35,4317.35,no
female,0,yes,no,7,yes,no,fiber_optic,no,no,no,no,no,no,month-to-month,yes,bank_transfer_(automatic),69.2,477.55,no
male,0,yes,yes,53,yes,no,fiber_optic,no,yes,no,yes,yes,no,month-to-month,yes,electronic_check,92.55,4779.45,no
male,0,no,no,3,yes,no,dsl,yes,no,no,yes,yes,no,month-to-month,yes,credit_card_(automatic),64.4,195.65,no
female,0,yes,no,50,yes,yes,fiber_optic,yes,yes,no,yes,yes,yes,month-to-month,yes,bank_transfer_(automatic),109.65,5405.8,no
female,0,yes,no,8,yes,no,dsl,yes,no,no,yes,no,yes,two_year,no,mailed_check,65.5,564.35,no
female,1,yes,no,53,yes,yes,no,no_internet_service,no_internet_service,no_internet_service,no_internet_service,no_internet_service,no_internet_service,two_year,no,credit_card_(automatic),25.1,1275.6,no
female,0,no,no,38,yes,no,no,no_internet_service,no_internet_service,no_internet_service,no_internet_service,no_internet_service,no_internet_service,two_year,no,mailed_check,20.05,741.5,no
male,0,yes,no,50,yes,no,no,no_internet_service,no_internet_service,no_internet_service,no_internet_service,no_internet_service,no_internet_service,two_year,no,electronic_check,19.8,1013.2,no
female,1,yes,yes,12,no,no_phone_service,dsl,no,no,no,yes,no,no,month-to-month,yes,mailed_check,29.3,355.9,no
male,1,no,no,24,yes,yes,fiber_optic,no,no,no,no,no,no,month-to-month,yes,electronic_check,76.1,1712.7,yes
female,0,no,no,69,yes,yes,fiber_optic,no,no,yes,yes,yes,yes,two_year,no,electronic_check,104.0,7028.5,no
male,1,yes,no,37,yes,yes,fiber_optic,no,no,no,no,yes,no,month-to-month,yes,electronic_check,85.7,3171.15,yes
female,0,no,yes,22,yes,no,no,no_internet_service,no_internet_service,no_internet_service,no_internet_service,no_internet_service,no_internet_service,month-to-month,yes,electronic_check,20.55,469.85,no
male,0,no,no,2,yes,yes,dsl,no,no,no,no,no,yes,month-to-month,no,bank_transfer_(automatic),62.05,118.3,yes
female,0,no,no,22,no,no_phone_service,dsl,no,yes,no,no,yes,yes,month-to-month,yes,electronic_check,50.35,1098.85,no
female,0,yes,no,70,yes,yes,no,no_internet_service,no_internet_service,no_internet_service,no_internet_service,no_internet_service,no_internet_service,two_year,yes,bank_transfer_(automatic),26.0,2006.95,no
male,1,yes,no,72,yes,yes,fiber_optic,no,yes,no,no,yes,yes,one_year,yes,credit_card_(automatic),97.25,7133.1,no
male,0,yes,no,1,yes,no,fiber_optic,no,no,no,no,no,no,month-to-month,yes,electronic_check,69.15,69.15,yes
male,0,yes,yes,39,yes,no,fiber_optic,no,yes,no,no,yes,no,month-to-month,yes,mailed_check,86.3,3266.0,yes
female,0,no,no,1,yes,no,fiber_optic,no,yes,no,no,no,no,month-to-month,no,electronic_check,75.8,75.8,yes
male,0,no,no,27,yes,no,dsl,yes,no,yes,yes,yes,no,one_year,no,credit_card_(automatic),69.35,1927.3,no
male,0,yes,no,56,yes,yes,dsl,no,yes,yes,no,no,no,two_year,no,credit_card_(automatic),59.5,3389.25,no
female,0,yes,no,20,no,no_phone_service,dsl,no,no,no,no,no,no,month-to-month,yes,electronic_check,24.45,482.8,yes
female,0,yes,yes,6,yes,no,dsl,no,no,no,yes,no,no,month-to-month,yes,mailed_check,48.8,297.35,no
male,0,no,no,3,no,no_phone_service,dsl,no,no,no,no,no,no,month-to-month,no,electronic_check,25.1,79.8,no
male,0,yes,no,13,yes,yes,fiber_optic,no,no,yes,no,yes,yes,month-to-month,yes,credit_card_(automatic),102.25,1359.0,yes
male,1,no,no,20,yes,no,fiber_optic,no,no,no,no,yes,yes,month-to-month,no,electronic_check,89.95,1648.45,no
female,0,no,no,66,yes,yes,fiber_optic,yes,yes,yes,yes,yes,no,one_year,yes,bank_transfer_(automatic),104.55,6779.05,no
female,0,yes,no,72,yes,yes,fiber_optic,no,yes,yes,yes,yes,yes,one_year,yes,bank_transfer_(automatic),108.5,8003.8,no
female,0,no,no,36,yes,no,fiber_optic,no,no,yes,yes,no,yes,month-to-month,yes,electronic_check,87.55,3078.1,yes
male,0,yes,no,72,yes,yes,dsl,yes,yes,yes,yes,no,yes,two_year,no,bank_transfer_(automatic),78.85,5763.15,no
male,0,no,no,3,yes,no,fiber_optic,no,no,yes,no,no,yes,month-to-month,no,credit_card_(automatic),85.7,256.75,no
female,0,no,yes,25,yes,no,dsl,no,yes,no,yes,no,no,one_year,yes,credit_card_(automatic),54.75,1266.35,no
female,0,yes,yes,68,yes,yes,fiber_optic,yes,no,yes,yes,yes,yes,two_year,no,credit_card_(automatic),111.75,7511.3,no
female,0,yes,no,2,yes,yes,fiber_optic,no,no,yes,yes,yes,yes,month-to-month,yes,electronic_check,104.4,242.8,yes
male,0,yes,yes,1,yes,no,no,no_internet_service,no_internet_service,no_internet_service,no_internet_service,no_internet_service,no_internet_service,month-to-month,yes,bank_transfer_(automatic),20.15,20.15,no
male,0,no,no,1,yes,no,fiber_optic,no,no,no,no,no,no,month-to-month,yes,electronic_check,69.35,69.35,yes
female,0,no,no,47,yes,yes,dsl,yes,yes,no,yes,no,yes,two_year,no,mailed_check,74.05,3496.3,no
female,1,yes,no,45,yes,no,fiber_optic,no,no,yes,no,no,yes,month-to-month,yes,electronic_check,86.1,3861.45,no
female,1,no,no,10,no,no_phone_service,dsl,no,no,no,no,no,yes,month-to-month,yes,electronic_check,34.7,329.8,yes
female,0,no,no,38,yes,no,fiber_optic,no,yes,yes,yes,no,no,month-to-month,yes,credit_card_(automatic),84.25,3264.5,yes
female,0,yes,yes,3,yes,no,fiber_optic,no,yes,no,yes,no,no,month-to-month,yes,electronic_check,80.0,241.3,no
female,0,no,yes,3,yes,no,dsl,yes,no,no,yes,no,yes,month-to-month,yes,bank_transfer_(automatic),64.5,177.4,no
female,1,no,no,1,yes,no,fiber_optic,no,no,no,no,no,no,month-to-month,yes,electronic_check,69.85,69.85,yes
female,0,no,no,33,yes,no,fiber_optic,no,no,no,no,no,no,month-to-month,yes,bank_transfer_(automatic),70.4,2406.1,no
female,0,yes,yes,1,yes,no,no,no_internet_service,no_internet_service,no_internet_service,no_internet_service,no_internet_service,no_internet_service,month-to-month,no,mailed_check,20.55,20.55,yes
male,0,no,no,9,yes,no,no,no_internet_service,no_internet_service,no_internet_service,no_internet_service,no_internet_service,no_internet_service,month-to-month,no,mailed_check,19.85,178.8,no
male,0,no,no,2,yes,no,fiber_optic,no,no,no,no,yes,no,month-to-month,yes,electronic_check,79.95,174.45,no
female,0,no,no,5,no,no_phone_service,dsl,no,no,yes,no,no,yes,month-to-month,no,electronic_check,39.5,210.75,yes
female,1,no,no,44,yes,no,fiber_optic,no,yes,yes,no,no,yes,one_year,no,credit_card_(automatic),89.15,3990.75,no
male,1,no,no,1,yes,yes,fiber_optic,no,no,no,no,no,no,month-to-month,yes,electronic_check,74.4,74.4,yes
male,0,yes,yes,32,yes,yes,fiber_optic,yes,no,no,no,yes,yes,month-to-month,yes,credit_card_(automatic),99.55,3204.65,yes
male,0,yes,yes,12,yes,no,dsl,yes,no,no,no,no,no,month-to-month,yes,electronic_check,49.2,571.15,no
male,0,no,no,9,yes,yes,fiber_optic,no,no,no,no,no,no,month-to-month,yes,electronic_check,76.25,684.85,no
male,0,no,no,1,yes,no,fiber_optic,no,no,no,no,no,no,month-to-month,yes,electronic_check,69.1,69.1,yes
male,1,yes,yes,1,yes,no,dsl,no,no,no,yes,no,no,month-to-month,yes,credit_card_(automatic),49.25,49.25,yes
female,0,no,no,5,yes,yes,fiber_optic,no,no,no,no,yes,no,month-to-month,yes,electronic_check,84.0,424.75,no
female,1,yes,yes,28,no,no_phone_service,dsl,no,yes,no,no,no,yes,one_year,yes,electronic_check,39.1,1096.6,no
female,0,yes,no,55,yes,yes,fiber_optic,no,no,yes,no,no,no,month-to-month,yes,electronic_check,77.75,4458.15,yes
male,1,no,no,60,yes,yes,dsl,yes,yes,no,no,no,yes,one_year,yes,electronic_check,71.75,4374.55,no
female,1,yes,yes,72,yes,yes,dsl,yes,yes,yes,yes,yes,yes,two_year,no,credit_card_(automatic),92.45,6440.25,yes
male,1,yes,no,67,yes,yes,fiber_optic,no,yes,no,yes,yes,yes,two_year,no,bank_transfer_(automatic),102.9,6989.7,no
male,0,yes,no,10,yes,yes,fiber_optic,no,no,no,no,yes,no,month-to-month,yes,electronic_check,85.6,813.85,yes
male,0,yes,no,24,yes,no,dsl,yes,no,no,yes,yes,yes,one_year,no,bank_transfer_(automatic),74.4,1712.9,no
female,0,yes,yes,42,yes,no,no,no_internet_service,no_internet_service,no_internet_service,no_internet_service,no_internet_service,no_internet_service,two_year,no,mailed_check,20.0,833.55,no
female,0,no,yes,65,no,no_phone_service,dsl,no,yes,no,yes,yes,no,two_year,no,mailed_check,45.25,2933.95,no
male,0,no,no,2,yes,no,fiber_optic,no,no,yes,no,yes,yes,month-to-month,yes,electronic_check,95.85,197.7,yes
female,0,no,no,1,yes,no,dsl,no,no,no,no,no,no,month-to-month,no,mailed_check,44.4,44.4,yes
female,0,no,no,6,yes,yes,fiber_optic,yes,no,no,no,no,no,month-to-month,yes,electronic_check,79.05,434.5,yes
male,0,yes,no,69,yes,no,dsl,yes,yes,yes,yes,yes,yes,two_year,yes,mailed_check,84.7,5878.9,no
male,0,yes,yes,60,yes,no,dsl,no,yes,no,yes,yes,yes,two_year,no,bank_transfer_(automatic),76.95,4543.95,no
female,0,yes,yes,42,yes,yes,fiber_optic,no,no,no,no,yes,yes,month-to-month,yes,electronic_check,94.2,4186.3,yes
male,0,no,yes,5,yes,no,no,no_internet_service,no_internet_service,no_internet_service,no_internet_service,no_internet_service,no_internet_service,month-to-month,no,mailed_check,20.2,83.75,no
female,0,no,no,4,yes,no,no,no_internet_service,no_internet_service,no_internet_service,no_internet_service,no_internet_service,no_internet_service,month-to-month,yes,credit_card_(automatic),20.15,68.45,no
male,0,yes,no,5,no,no_phone_service,dsl,no,no,no,no,no,no,month-to-month,yes,electronic_check,24.95,100.4,yes
male,1,yes,no,53,yes,yes,dsl,yes,no,no,yes,no,no,one_year,yes,electronic_check,60.05,3229.65,yes
male,0,yes,yes,18,yes,no,no,no_internet_service,no_internet_service,no_internet_service,no_internet_service,no_internet_service,no_internet_service,one_year,no,bank_transfer_(automatic),20.05,345.9,no
female,0,yes,yes,8,yes,no,dsl,no,no,no,yes,yes,yes,month-to-month,yes,electronic_check,68.55,564.35,no
male,0,yes,yes,67,yes,yes,fiber_optic,no,yes,no,no,no,yes,month-to-month,yes,bank_transfer_(automatic),89.55,6373.1,no
male,0,yes,yes,39,yes,yes,no,no_internet_service,no_internet_service,no_internet_service,no_internet_service,no_internet_service,no_internet_service,two_year,no,mailed_check,25.2,987.95,no
male,0,no,no,12,yes,no,fiber_optic,yes,no,yes,no,no,no,month-to-month,no,bank_transfer_(automatic),81.7,858.6,yes
female,0,yes,yes,61,yes,no,no,no_internet_service,no_internet_service,no_internet_service,no_internet_service,no_internet_service,no_internet_service,month-to-month,yes,mailed_check,19.4,1182.55,yes
female,0,yes,yes,42,yes,no,no,no_internet_service,no_internet_service,no_internet_service,no_internet_service,no_internet_service,no_internet_service,one_year,yes,electronic_check,19.05,761.85,no
male,0,yes,yes,49,yes,no,fiber_optic,no,yes,yes,no,yes,no,month-to-month,yes,credit_card_(automatic),90.4,4494.65,no
male,0,yes,no,33,yes,no,dsl,yes,yes,no,yes,no,no,two_year,yes,mailed_check,61.05,2018.4,no
female,0,yes,yes,64,yes,yes,fiber_optic,yes,no,no,yes,no,no,month-to-month,yes,bank_transfer_(automatic),86.8,5327.25,no
male,0,yes,yes,39,yes,yes,fiber_optic,no,no,yes,no,yes,yes,one_year,no,electronic_check,100.0,3835.55,no
male,0,no,no,3,yes,no,dsl,no,no,no,no,no,no,month-to-month,yes,electronic_check,45.35,141.5,yes
female,1,no,no,4,yes,yes,fiber_optic,yes,no,no,no,no,no,month-to-month,yes,electronic_check,80.25,303.7,no
male,0,yes,yes,71,yes,no,fiber_optic,yes,yes,yes,yes,yes,no,two_year,no,credit_card_(automatic),100.2,7209.0,no
male,0,no,no,14,yes,yes,no,no_internet_service,no_internet_service,no_internet_service,no_internet_service,no_internet_service,no_internet_service,one_year,yes,credit_card_(automatic),24.8,321.7,no
female,0,no,no,6,yes,no,no,no_internet_service,no_internet_service,no_internet_service,no_internet_service,no_internet_service,no_internet_service,month-to-month,yes,mailed_check,20.95,109.5,no
male,0,yes,yes,58,yes,no,dsl,no,yes,no,yes,yes,yes,one_year,yes,credit_card_(automatic),75.2,4300.8,no
male,0,no,no,14,no,no_phone_service,dsl,no,no,yes,yes,yes,yes,month-to-month,yes,electronic_check,55.0,771.95,no
female,0,yes,yes,23,yes,yes,dsl,yes,yes,yes,yes,yes,yes,two_year,yes,credit_card_(automatic),91.1,2198.3,no
female,0,no,no,4,yes,no,dsl,no,no,no,no,yes,no,month-to-month,no,credit_card_(automatic),55.5,227.35,no
female,1,yes,no,72,yes,yes,dsl,yes,yes,yes,yes,yes,yes,two_year,no,credit_card_(automatic),89.1,6352.4,no
male,1,no,no,56,yes,yes,fiber_optic,no,no,yes,no,yes,yes,month-to-month,yes,electronic_check,101.05,5594.0,no
male,0,no,no,9,yes,no,fiber_optic,no,no,no,no,no,no,month-to-month,yes,electronic_check,70.5,597.9,no
male,0,no,no,10,yes,no,dsl,yes,no,no,no,no,no,month-to-month,yes,mailed_check,51.65,524.5,no
female,0,no,no,48,yes,yes,no,no_internet_service,no_internet_service,no_internet_service,no_internet_service,no_internet_service,no_internet_service,one_year,no,bank_transfer_(automatic),24.35,1133.7,no
male,1,yes,no,1,yes,yes,fiber_optic,yes,no,no,no,no,no,month-to-month,yes,electronic_check,80.3,80.3,yes
female,1,yes,no,70,yes,yes,fiber_optic,yes,no,no,no,no,yes,month-to-month,yes,electronic_check,90.85,6470.1,no
male,0,no,no,57,yes,yes,fiber_optic,no,no,no,yes,yes,no,two_year,yes,credit_card_(automatic),90.45,5229.8,no
female,1,no,no,21,yes,yes,fiber_optic,no,no,no,no,yes,yes,month-to-month,yes,electronic_check,94.25,1973.75,yes
female,0,no,no,16,yes,yes,dsl,no,no,no,no,no,yes,month-to-month,yes,bank_transfer_(automatic),63.05,1067.05,no
female,0,no,no,1,yes,yes,fiber_optic,no,no,no,no,yes,yes,month-to-month,yes,electronic_check,93.85,93.85,yes
female,0,no,no,66,yes,no,dsl,yes,yes,yes,no,no,no,two_year,yes,bank_transfer_(automatic),61.15,4017.45,no
female,1,no,no,1,yes,no,dsl,yes,no,yes,no,no,no,month-to-month,yes,electronic_check,55.8,55.8,yes
female,0,yes,yes,38,yes,no,no,no_internet_service,no_internet_service,no_internet_service,no_internet_service,no_internet_service,no_internet_service,one_year,no,mailed_check,20.3,749.35,no
male,0,no,no,1,no,no_phone_service,dsl,no,yes,no,yes,no,yes,month-to-month,yes,mailed_check,44.65,44.65,yes
female,0,yes,yes,30,yes,no,no,no_internet_service,no_internet_service,no_internet_service,no_internet_service,no_internet_service,no_internet_service,two_year,no,mailed_check,19.3,602.9,no
female,0,yes,yes,61,yes,yes,dsl,yes,yes,no,no,no,no,month-to-month,no,electronic_check,59.8,3641.5,no
male,0,no,no,48,yes,no,dsl,no,yes,yes,yes,yes,yes,two_year,no,credit_card_(automatic),78.9,3771.5,no
female,0,yes,no,35,yes,no,dsl,yes,no,no,no,yes,no,one_year,yes,bank_transfer_(automatic),62.15,2215.45,no
female,0,yes,yes,13,yes,yes,no,no_internet_service,no_internet_service,no_internet_service,no_internet_service,no_internet_service,no_internet_service,two_year,yes,bank_transfer_(automatic),25.0,332.5,no
female,0,no,yes,11,yes,no,no,no_internet_service,no_internet_service,no_internet_service,no_internet_service,no_internet_service,no_internet_service,month-to-month,no,credit_card_(automatic),20.1,221.35,yes
female,0,yes,yes,18,yes,no,no,no_internet_service,no_internet_service,no_internet_service,no_internet_service,no_internet_service,no_internet_service,month-to-month,yes,mailed_check,20.25,401.95,no
male,0,no,no,7,yes,no,fiber_optic,no,no,yes,no,no,no,month-to-month,yes,electronic_check,74.9,490.55,no
female,0,yes,yes,31,yes,yes,fiber_optic,no,yes,no,no,no,yes,month-to-month,yes,electronic_check,91.15,2995.45,yes
male,0,no,no,17,no,no_phone_service,dsl,no,no,no,no,no,no,month-to-month,yes,mailed_check,25.65,440.2,no
female,1,no,no,49,yes,no,fiber_optic,no,yes,yes,no,no,yes,one_year,yes,bank_transfer_(automatic),89.85,4287.2,no
female,0,yes,yes,70,yes,yes,dsl,yes,yes,yes,yes,yes,no,two_year,no,electronic_check,80.7,5617.95,no
female,0,yes,yes,11,no,no_phone_service,dsl,yes,no,no,no,no,no,month-to-month,yes,electronic_check,29.6,346.45,no
male,1,yes,no,10,yes,yes,fiber_optic,no,no,yes,no,no,yes,month-to-month,yes,electronic_check,89.8,914.3,yes
female,0,yes,no,48,yes,yes,dsl,yes,no,no,yes,no,no,one_year,yes,bank_transfer_(automatic),60.6,2985.25,no
male,1,yes,no,48,yes,yes,fiber_optic,no,no,yes,no,no,yes,month-to-month,yes,credit_card_(automatic),91.05,4370.75,no
male,0,no,no,68,yes,yes,fiber_optic,yes,yes,yes,no,yes,no,one_year,no,bank_transfer_(automatic),101.35,7110.75,no
male,0,yes,yes,6,yes,no,no,no_internet_service,no_internet_service,no_internet_service,no_internet_service,no_internet_service,no_internet_service,one_year,no,mailed_check,19.45,113.5,no
female,0,no,no,11,no,no_phone_service,dsl,no,no,no,no,yes,no,month-to-month,yes,mailed_check,35.8,363.15,no
male,0,yes,yes,61,yes,no,dsl,yes,yes,yes,yes,no,no,two_year,yes,bank_transfer_(automatic),68.05,4158.25,no
male,0,no,no,5,yes,no,no,no_internet_service,no_internet_service,no_internet_service,no_internet_service,no_internet_service,no_internet_service,month-to-month,no,mailed_check,21.05,113.85,yes
female,0,no,no,26,no,no_phone_service,dsl,no,no,yes,yes,yes,no,month-to-month,yes,credit_card_(automatic),44.45,1183.8,no
female,0,no,no,2,yes,yes,dsl,no,yes,no,no,no,no,month-to-month,no,mailed_check,54.15,101.65,no
female,0,no,no,66,no,no_phone_service,dsl,yes,no,yes,yes,yes,yes,two_year,yes,bank_transfer_(automatic),61.35,4193.4,no
male,0,no,no,4,yes,no,dsl,no,no,no,no,no,yes,month-to-month,yes,mailed_check,55.3,238.5,no
female,0,yes,yes,14,yes,no,no,no_internet_service,no_internet_service,no_internet_service,no_internet_service,no_internet_service,no_internet_service,two_year,yes,mailed_check,19.7,263.65,no
male,0,no,no,55,yes,yes,dsl,no,no,yes,no,yes,yes,two_year,yes,bank_transfer_(automatic),77.8,4323.35,no
female,0,yes,no,72,yes,yes,fiber_optic,yes,no,yes,yes,yes,yes,two_year,yes,credit_card_(automatic),110.15,7881.2,no
male,0,yes,no,70,yes,yes,no,no_internet_service,no_internet_service,no_internet_service,no_internet_service,no_internet_service,no_internet_service,two_year,no,bank_transfer_(automatic),25.15,1940.85,no
male,0,no,yes,40,yes,no,dsl,yes,yes,no,no,no,no,month-to-month,yes,mailed_check,55.25,2139.2,yes
male,0,yes,yes,67,yes,yes,fiber_optic,yes,no,no,yes,yes,yes,two_year,no,bank_transfer_(automatic),104.6,6885.75,no
male,0,no,no,11,no,no_phone_service,dsl,no,yes,no,yes,no,no,month-to-month,yes,electronic_check,35.65,425.1,no
female,0,no,no,3,yes,yes,fiber_optic,no,no,no,no,no,no,month-to-month,no,bank_transfer_(automatic),74.4,215.8,yes
female,0,yes,no,64,yes,no,fiber_optic,yes,no,no,yes,yes,yes,one_year,yes,mailed_check,96.9,6314.35,no
male,0,no,no,41,yes,yes,no,no_internet_service,no_internet_service,no_internet_service,no_internet_service,no_internet_service,no_internet_service,month-to-month,yes,bank_transfer_(automatic),25.25,996.45,no
male,0,no,no,4,no,no_phone_service,dsl,no,no,yes,no,no,no,month-to-month,yes,electronic_check,29.65,118.5,yes
female,1,yes,yes,3,yes,no,fiber_optic,yes,no,no,yes,yes,no,month-to-month,yes,mailed_check,88.3,273.75,yes
female,0,yes,yes,58,yes,yes,no,no_internet_service,no_internet_service,no_internet_service,no_internet_service,no_internet_service,no_internet_service,one_year,yes,credit_card_(automatic),24.5,1497.9,no
female,1,yes,yes,40,yes,yes,fiber_optic,no,no,no,no,yes,yes,month-to-month,yes,credit_card_(automatic),94.55,3640.45,yes
male,0,yes,no,18,yes,yes,fiber_optic,no,no,no,no,no,no,month-to-month,yes,electronic_check,73.15,1305.95,no
male,0,yes,yes,62,yes,yes,no,no_internet_service,no_internet_service,no_internet_service,no_internet_service,no_internet_service,no_internet_service,two_year,yes,bank_transfer_(automatic),24.25,1424.6,no
female,1,yes,no,60,yes,yes,fiber_optic,yes,yes,yes,yes,yes,yes,two_year,yes,bank_transfer_(automatic),116.05,6925.9,no
female,0,no,yes,7,no,no_phone_service,dsl,yes,no,no,no,no,no,month-to-month,no,mailed_check,29.8,201.95,no
female,1,no,no,2,yes,yes,fiber_optic,no,no,no,no,no,yes,month-to-month,yes,electronic_check,84.05,186.05,no
female,1,yes,no,3,yes,no,fiber_optic,no,no,no,yes,yes,no,month-to-month,yes,mailed_check,83.9,267.4,yes
female,0,no,no,17,yes,no,no,no_internet_service,no_internet_service,no_internet_service,no_internet_service,no_internet_service,no_internet_service,one_year,no,credit_card_(automatic),20.05,337.9,no
female,1,no,no,5,yes,no,fiber_optic,no,no,yes,no,no,no,month-to-month,yes,credit_card_(automatic),75.55,349.65,yes
male,0,yes,yes,7,yes,no,no,no_internet_service,no_internet_service,no_internet_service,no_internet_service,no_internet_service,no_internet_service,month-to-month,no,mailed_check,20.25,144.35,no
male,0,no,no,44,yes,no,no,no_internet_service,no_internet_service,no_internet_service,no_internet_service,no_internet_service,no_internet_service,one_year,no,credit_card_(automatic),19.5,835.5,no
male,0,no,yes,23,no,no_phone_service,dsl,yes,yes,no,yes,no,no,one_year,no,bank_transfer_(automatic),40.65,947.4,no
female,0,yes,yes,7,yes,no,no,no_internet_service,no_internet_service,no_internet_service,no_internet_service,no_internet_service,no_internet_service,month-to-month,no,mailed_check,20.45,150.75,no
female,0,no,no,70,yes,yes,dsl,yes,yes,yes,no,yes,yes,two_year,no,mailed_check,84.7,5991.05,no
female,0,yes,yes,64,yes,yes,dsl,no,yes,no,no,no,no,one_year,yes,bank_transfer_(automatic),53.85,3399.85,no
male,0,no,yes,55,yes,no,no,no_internet_service,no_internet_service,no_internet_service,no_internet_service,no_internet_service,no_internet_service,one_year,no,bank_transfer_(automatic),19.1,1001.5,no
male,0,no,no,7,yes,yes,fiber_optic,no,no,no,no,yes,yes,month-to-month,no,electronic_check,96.2,639.7,no
female,0,yes,yes,55,yes,no,no,no_internet_service,no_internet_service,no_internet_service,no_internet_service,no_internet_service,no_internet_service,one_year,no,credit_card_(automatic),19.15,998.1,no
male,0,no,no,6,yes,no,dsl,no,yes,no,no,yes,no,month-to-month,no,electronic_check,59.45,357.6,no
female,0,no,no,18,yes,yes,fiber_optic,no,yes,no,no,yes,no,month-to-month,yes,credit_card_(automatic),90.0,1527.35,yes
male,0,yes,no,59,yes,yes,fiber_optic,yes,yes,yes,yes,yes,no,month-to-month,yes,electronic_check,106.75,6252.9,yes
male,0,yes,no,9,yes,no,dsl,yes,yes,no,yes,yes,no,month-to-month,yes,mailed_check,68.95,593.85,no
male,0,yes,no,63,yes,yes,fiber_optic,yes,no,no,yes,no,no,two_year,yes,credit_card_(automatic),84.65,5377.8,no
female,0,no,no,13,yes,yes,fiber_optic,no,no,no,no,no,yes,month-to-month,yes,electronic_check,85.95,1215.65,no
female,0,yes,yes,64,yes,no,no,no_internet_service,no_internet_service,no_internet_service,no_internet_service,no_internet_service,no_internet_service,two_year,no,mailed_check,20.2,1277.75,no
female,0,yes,no,72,yes,yes,fiber_optic,yes,no,yes,no,yes,yes,two_year,yes,electronic_check,105.5,7544.0,no
female,0,yes,yes,72,yes,yes,fiber_optic,yes,yes,yes,no,yes,yes,two_year,no,credit_card_(automatic),109.55,7887.25,no
female,0,yes,no,17,yes,no,no,no_internet_service,no_internet_service,no_internet_service,no_internet_service,no_internet_service,no_internet_service,one_year,no,mailed_check,19.35,307.0,no
female,0,yes,yes,72,yes,yes,fiber_optic,yes,yes,no,no,yes,yes,one_year,yes,electronic_check,104.15,7303.05,no
male,0,no,no,62,yes,yes,fiber_optic,yes,yes,no,no,no,yes,one_year,yes,bank_transfer_(automatic),92.3,5731.45,no
female,0,yes,no,63,yes,no,fiber_optic,yes,no,yes,no,no,no,one_year,yes,credit_card_(automatic),81.15,5224.5,no
male,1,yes,no,24,yes,no,fiber_optic,no,no,yes,no,yes,yes,month-to-month,yes,electronic_check,93.15,2231.05,yes
male,0,no,no,15,yes,yes,fiber_optic,yes,no,no,no,yes,yes,month-to-month,yes,electronic_check,99.7,1566.75,no
male,0,no,no,16,yes,yes,dsl,no,yes,no,no,no,no,month-to-month,no,electronic_check,55.3,875.35,no
female,0,no,no,1,yes,no,dsl,no,no,yes,no,no,no,month-to-month,yes,mailed_check,50.45,50.45,yes
male,0,no,no,16,yes,no,no,no_internet_service,no_internet_service,no_internet_service,no_internet_service,no_internet_service,no_internet_service,month-to-month,no,mailed_check,20.0,275.7,no
female,1,no,no,4,yes,no,fiber_optic,no,yes,yes,no,yes,yes,month-to-month,yes,credit_card_(automatic),99.8,442.85,yes
female,0,yes,yes,24,yes,no,dsl,yes,no,no,yes,no,no,month-to-month,no,electronic_check,55.15,1319.85,no
male,0,yes,no,9,no,no_phone_service,dsl,no,no,no,yes,yes,no,month-to-month,no,mailed_check,40.65,328.95,yes
male,0,yes,no,42,yes,yes,fiber_optic,yes,no,yes,no,no,yes,month-to-month,yes,electronic_check,94.4,4014.6,no
male,0,no,no,52,yes,yes,fiber_optic,no,yes,yes,no,yes,yes,month-to-month,yes,electronic_check,103.05,5364.8,no
female,1,no,no,1,yes,yes,fiber_optic,no,no,no,no,no,no,month-to-month,yes,electronic_check,72.1,72.1,no
male,0,no,no,24,yes,no,fiber_optic,no,yes,yes,no,no,yes,month-to-month,yes,electronic_check,89.55,2187.15,no
male,0,no,no,17,yes,no,dsl,no,no,no,yes,no,no,month-to-month,no,mailed_check,51.5,900.5,yes
male,0,no,no,18,no,no_phone_service,dsl,yes,no,yes,no,no,no,month-to-month,no,mailed_check,33.6,550.35,no
male,0,yes,no,63,yes,no,fiber_optic,yes,yes,yes,yes,yes,yes,two_year,yes,credit_card_(automatic),110.1,6705.7,no
female,0,no,no,12,yes,yes,fiber_optic,no,yes,no,no,no,yes,month-to-month,yes,electronic_check,89.15,1057.55,no
male,0,yes,no,40,yes,yes,fiber_optic,no,no,no,no,yes,yes,month-to-month,yes,bank_transfer_(automatic),97.1,3706.95,yes
female,1,yes,yes,59,yes,yes,fiber_optic,no,no,yes,no,no,yes,month-to-month,yes,credit_card_(automatic),88.75,5348.65,no
female,0,no,no,2,yes,no,fiber_optic,no,no,no,no,no,no,month-to-month,yes,electronic_check,69.7,135.2,no
male,0,no,yes,15,yes,yes,no,no_internet_service,no_internet_service,no_internet_service,no_internet_service,no_internet_service,no_internet_service,month-to-month,yes,electronic_check,24.8,324.15,no
female,0,no,no,6,yes,yes,fiber_optic,no,yes,no,no,yes,no,month-to-month,yes,electronic_check,90.1,521.3,yes
female,0,yes,yes,70,yes,yes,fiber_optic,yes,yes,yes,no,yes,yes,one_year,yes,credit_card_(automatic),108.15,7930.55,no
male,0,yes,yes,40,yes,no,no,no_internet_service,no_internet_service,no_internet_service,no_internet_service,no_internet_service,no_internet_service,two_year,no,mailed_check,19.6,808.95,no
male,0,no,no,2,yes,no,no,no_internet_service,no_internet_service,no_internet_service,no_internet_service,no_internet_service,no_internet_service,one_year,no,mailed_check,19.95,47.7,no
female,0,no,no,13,yes,yes,fiber_optic,no,no,no,no,no,no,month-to-month,yes,mailed_check,75.0,999.45,yes
female,1,yes,no,25,yes,yes,dsl,yes,no,no,yes,yes,no,month-to-month,yes,credit_card_(automatic),69.5,1752.65,no
male,0,yes,no,71,yes,yes,fiber_optic,no,yes,yes,yes,yes,yes,one_year,yes,bank_transfer_(automatic),113.15,7953.25,no
female,1,no,no,13,yes,no,dsl,no,yes,yes,no,no,no,month-to-month,yes,electronic_check,54.8,731.3,no
female,0,no,no,1,yes,yes,fiber_optic,no,no,no,no,no,no,month-to-month,yes,electronic_check,77.15,77.15,yes
male,0,yes,no,61,yes,no,fiber_optic,no,yes,yes,yes,no,yes,month-to-month,no,credit_card_(automatic),94.15,5731.85,no
female,0,yes,no,31,yes,no,dsl,no,no,no,yes,no,no,month-to-month,yes,mailed_check,49.2,1498.55,no
female,0,no,no,7,yes,no,no,no_internet_service,no_internet_service,no_internet_service,no_internet_service,no_internet_service,no_internet_service,month-to-month,no,mailed_check,20.65,155.9,no
male,0,no,no,27,yes,yes,fiber_optic,no,no,yes,no,yes,yes,one_year,yes,bank_transfer_(automatic),100.5,2673.45,no
male,0,no,yes,12,yes,no,no,no_internet_service,no_internet_service,no_internet_service,no_internet_service,no_internet_service,no_internet_service,month-to-month,no,credit_card_(automatic),21.05,235.8,no
female,0,yes,yes,67,yes,yes,fiber_optic,yes,no,no,yes,no,yes,one_year,yes,credit_card_(automatic),94.35,6341.45,yes
male,0,no,no,9,yes,no,fiber_optic,no,no,no,no,no,yes,month-to-month,yes,electronic_check,80.8,713.1,yes
female,0,no,no,13,yes,no,dsl,yes,no,no,yes,no,no,one_year,no,mailed_check,55.15,742.9,no
male,0,no,no,9,yes,no,dsl,yes,no,no,yes,no,yes,month-to-month,no,mailed_check,64.95,547.8,no
female,1,no,no,1,yes,no,fiber_optic,no,no,yes,no,no,yes,month-to-month,yes,electronic_check,85.0,85.0,yes
male,0,no,no,12,yes,yes,fiber_optic,no,no,no,yes,yes,yes,month-to-month,yes,mailed_check,99.95,1132.75,yes
female,0,yes,yes,72,yes,yes,fiber_optic,yes,yes,no,no,yes,no,two_year,yes,bank_transfer_(automatic),95.9,6954.15,no
male,0,yes,no,63,yes,no,no,no_internet_service,no_internet_service,no_internet_service,no_internet_service,no_internet_service,no_internet_service,two_year,no,mailed_check,19.25,1237.65,no
male,0,no,yes,54,yes,no,dsl,no,yes,yes,yes,no,no,one_year,yes,electronic_check,61.0,3283.05,no
male,0,no,no,8,yes,no,no,no_internet_service,no_internet_service,no_internet_service,no_internet_service,no_internet_service,no_internet_service,month-to-month,yes,bank_transfer_(automatic),19.7,168.9,no
female,0,yes,yes,72,yes,yes,dsl,yes,yes,yes,yes,yes,yes,two_year,no,bank_transfer_(automatic),92.65,6733.0,no
female,0,yes,yes,7,yes,no,fiber_optic,no,no,no,no,no,no,month-to-month,yes,electronic_check,69.0,506.9,yes
female,1,yes,no,37,yes,no,no,no_internet_service,no_internet_service,no_internet_service,no_internet_service,no_internet_service,no_internet_service,one_year,no,mailed_check,19.6,727.8,no
female,0,yes,yes,6,yes,no,dsl,no,no,no,no,no,no,month-to-month,no,mailed_check,45.5,285.2,no
female,0,no,no,7,yes,no,dsl,no,no,yes,yes,no,yes,month-to-month,no,bank_transfer_(automatic),62.8,418.3,no
female,0,no,no,7,no,no_phone_service,dsl,no,yes,no,no,no,yes,month-to-month,yes,credit_card_(automatic),40.1,293.3,yes
male,0,yes,yes,72,yes,yes,no,no_internet_service,no_internet_service,no_internet_service,no_internet_service,no_internet_service,no_internet_service,two_year,no,mailed_check,26.1,1851.45,no
female,0,no,no,15,yes,yes,no,no_internet_service,no_internet_service,no_internet_service,no_internet_service,no_internet_service,no_internet_service,month-to-month,yes,credit_card_(automatic),25.4,399.6,yes
female,1,no,no,3,yes,no,dsl,no,no,no,no,no,no,month-to-month,no,electronic_check,45.0,127.1,yes
male,0,yes,yes,36,no,no_phone_service,dsl,yes,no,yes,yes,yes,yes,one_year,no,credit_card_(automatic),60.7,2234.55,no
female,0,no,no,11,yes,no,no,no_internet_service,no_internet_service,no_internet_service,no_internet_service,no_internet_service,no_internet_service,one_year,no,mailed_check,20.0,211.95,no
female,0,yes,no,21,yes,yes,fiber_optic,yes,no,yes,no,yes,yes,month-to-month,yes,electronic_check,103.9,2254.2,yes
male,0,yes,yes,31,no,no_phone_service,dsl,yes,no,no,yes,no,no,month-to-month,no,bank_transfer_(automatic),35.4,1077.5,yes
male,0,no,no,21,yes,no,no,no_internet_service,no_internet_service,no_internet_service,no_internet_service,no_internet_service,no_internet_service,month-to-month,no,credit_card_(automatic),20.5,402.85,no
male,1,no,no,6,yes,no,fiber_optic,yes,no,no,no,yes,no,month-to-month,yes,bank_transfer_(automatic),85.15,503.6,yes
female,0,yes,no,33,yes,no,no,no_internet_service,no_internet_service,no_internet_service,no_internet_service,no_internet_service,no_internet_service,month-to-month,no,mailed_check,20.05,669.45,no
female,0,yes,no,64,yes,yes,dsl,yes,no,yes,yes,yes,yes,two_year,yes,credit_card_(automatic),85.0,5484.4,no
male,0,no,no,32,yes,no,dsl,no,no,no,no,yes,yes,one_year,yes,bank_transfer_(automatic),64.85,2010.95,no
female,0,no,no,64,yes,yes,fiber_optic,no,no,yes,no,yes,yes,one_year,yes,credit_card_(automatic),100.05,6254.2,yes
male,0,no,no,71,yes,no,no,no_internet_service,no_internet_service,no_internet_service,no_internet_service,no_internet_service,no_internet_service,two_year,yes,credit_card_(automatic),19.9,1355.1,no
female,0,yes,no,13,yes,no,dsl,no,no,no,no,no,no,one_year,no,electronic_check,43.8,592.65,no
female,0,yes,yes,24,yes,no,no,no_internet_service,no_internet_service,no_internet_service,no_internet_service,no_internet_service,no_internet_service,one_year,no,mailed_check,19.9,533.5,no
female,0,no,no,1,yes,no,no,no_internet_service,no_internet_service,no_internet_service,no_internet_service,no_internet_service,no_internet_service,month-to-month,yes,mailed_check,19.9,19.9,yes
female,0,no,no,13,yes,no,fiber_optic,no,no,no,no,no,no,month-to-month,yes,mailed_check,70.15,886.7,no
male,0,yes,yes,24,yes,yes,dsl,yes,no,no,no,no,no,month-to-month,no,electronic_check,54.75,1338.15,yes
female,0,no,yes,18,yes,yes,no,no_internet_service,no_internet_service,no_internet_service,no_internet_service,no_internet_service,no_internet_service,two_year,no,credit_card_(automatic),25.3,454.65,no
female,0,no,no,69,yes,yes,dsl,yes,yes,no,yes,no,no,two_year,yes,mailed_check,66.9,4577.9,no
female,0,yes,yes,46,yes,no,no,no_internet_service,no_internet_service,no_internet_service,no_internet_service,no_internet_service,no_internet_service,two_year,no,bank_transfer_(automatic),20.25,890.35,no
female,0,no,no,47,yes,no,dsl,no,no,yes,yes,yes,yes,two_year,no,mailed_check,74.45,3510.3,no
male,1,no,no,35,yes,yes,fiber_optic,no,no,yes,no,yes,yes,month-to-month,yes,electronic_check,99.05,3395.8,yes
female,0,yes,no,71,no,no_phone_service,dsl,yes,yes,yes,yes,yes,yes,one_year,no,bank_transfer_(automatic),66.8,4689.15,no
male,0,yes,yes,4,yes,no,no,no_internet_service,no_internet_service,no_internet_service,no_internet_service,no_internet_service,no_internet_service,two_year,no,credit_card_(automatic),19.55,68.8,no
female,0,yes,no,72,yes,yes,no,no_internet_service,no_internet_service,no_internet_service,no_internet_service,no_internet_service,no_internet_service,two_year,yes,bank_transfer_(automatic),25.25,1841.2,no
female,0,no,no,50,yes,no,no,no_internet_service,no_internet_service,no_internet_service,no_internet_service,no_internet_service,no_internet_service,one_year,no,bank_transfer_(automatic),19.75,989.05,no
male,0,no,no,24,yes,yes,fiber_optic,no,no,no,no,yes,yes,month-to-month,yes,electronic_check,94.1,2322.85,no
male,0,no,no,67,yes,no,no,no_internet_service,no_internet_service,no_internet_service,no_internet_service,no_internet_service,no_internet_service,one_year,yes,mailed_check,19.45,1195.95,no
female,0,yes,yes,55,yes,no,no,no_internet_service,no_internet_service,no_internet_service,no_internet_service,no_internet_service,no_internet_service,month-to-month,no,credit_card_(automatic),20.0,1087.25,no
female,0,yes,yes,53,yes,no,no,no_internet_service,no_internet_service,no_internet_service,no_internet_service,no_internet_service,no_internet_service,one_year,yes,bank_transfer_(automatic),19.85,1039.45,no
male,0,yes,yes,26,yes,no,no,no_internet_service,no_internet_service,no_internet_service,no_internet_service,no_internet_service,no_internet_service,one_year,yes,bank_transfer_(automatic),20.05,505.9,no
male,0,no,no,2,yes,no,dsl,no,no,no,no,no,no,month-to-month,yes,bank_transfer_(automatic),46.6,87.9,no
male,0,yes,yes,17,yes,yes,no,no_internet_service,no_internet_service,no_internet_service,no_internet_service,no_internet_service,no_internet_service,two_year,yes,mailed_check,25.15,412.6,no
male,0,no,no,7,no,no_phone_service,dsl,no,no,no,no,no,no,one_year,yes,credit_card_(automatic),24.35,150.85,no
female,0,yes,yes,72,yes,no,dsl,yes,yes,yes,yes,yes,yes,two_year,no,bank_transfer_(automatic),85.3,6129.2,no
female,0,no,no,1,yes,no,dsl,no,no,no,yes,no,no,month-to-month,yes,electronic_check,52.2,52.2,yes
female,0,yes,yes,72,yes,yes,fiber_optic,yes,yes,yes,yes,yes,yes,two_year,yes,bank_transfer_(automatic),117.6,8308.9,no
female,0,yes,yes,14,yes,no,fiber_optic,no,yes,no,yes,no,yes,month-to-month,yes,credit_card_(automatic),89.65,1208.35,yes
male,0,no,no,18,yes,no,no,no_internet_service,no_internet_service,no_internet_service,no_internet_service,no_internet_service,no_internet_service,month-to-month,no,electronic_check,19.0,348.8,no
female,0,yes,no,40,yes,yes,dsl,no,yes,no,no,no,no,month-to-month,no,credit_card_(automatic),56.6,2379.1,no
female,0,yes,yes,70,yes,yes,fiber_optic,yes,yes,yes,yes,yes,yes,two_year,yes,bank_transfer_(automatic),114.2,7723.9,yes
male,0,no,no,1,yes,no,no,no_internet_service,no_internet_service,no_internet_service,no_internet_service,no_internet_service,no_internet_service,month-to-month,no,mailed_check,20.6,20.6,yes
female,1,yes,yes,71,yes,yes,dsl,yes,yes,no,no,yes,no,one_year,no,electronic_check,69.2,4982.5,no
female,0,yes,yes,46,yes,no,fiber_optic,no,no,yes,yes,no,yes,one_year,no,bank_transfer_(automatic),90.95,4236.6,no
female,1,yes,yes,34,yes,yes,fiber_optic,no,yes,no,no,no,no,month-to-month,yes,mailed_check,79.6,2718.3,yes
female,0,yes,yes,72,yes,yes,fiber_optic,yes,no,yes,yes,yes,yes,two_year,yes,bank_transfer_(automatic),110.45,8058.85,no
female,0,yes,no,5,yes,yes,dsl,no,no,yes,yes,yes,no,month-to-month,no,bank_transfer_(automatic),67.95,350.3,yes
female,0,no,no,1,yes,yes,dsl,no,no,no,no,no,no,month-to-month,yes,bank_transfer_(automatic),49.95,49.95,yes
male,0,no,no,48,yes,yes,fiber_optic,no,yes,yes,no,yes,yes,one_year,yes,credit_card_(automatic),106.1,5082.8,yes
male,0,no,no,43,yes,yes,fiber_optic,no,no,no,yes,yes,yes,one_year,yes,electronic_check,100.0,4211.55,yes
male,0,yes,yes,72,yes,no,dsl,yes,yes,no,yes,yes,no,two_year,no,bank_transfer_(automatic),68.4,4855.35,no
female,0,yes,yes,65,yes,yes,dsl,yes,yes,yes,yes,yes,yes,two_year,no,bank_transfer_(automatic),91.55,5963.95,no
male,0,no,no,29,yes,yes,dsl,no,yes,yes,no,no,yes,one_year,no,credit_card_(automatic),70.9,1964.6,no
female,0,yes,yes,61,yes,no,no,no_internet_service,no_internet_service,no_internet_service,no_internet_service,no_internet_service,no_internet_service,two_year,no,credit_card_(automatic),19.75,1311.6,no
male,0,yes,yes,13,yes,no,dsl,yes,no,no,no,no,no,month-to-month,yes,mailed_check,49.95,587.45,no
female,1,no,no,46,yes,yes,fiber_optic,yes,yes,yes,no,yes,yes,one_year,yes,electronic_check,110.0,4874.8,yes
male,0,no,no,2,yes,no,no,no_internet_service,no_internet_service,no_internet_service,no_internet_service,no_internet_service,no_internet_service,one_year,no,credit_card_(automatic),19.3,28.3,yes
male,0,yes,yes,44,yes,no,no,no_internet_service,no_internet_service,no_internet_service,no_internet_service,no_internet_service,no_internet_service,one_year,no,bank_transfer_(automatic),20.6,926.0,no
female,0,yes,no,70,yes,yes,fiber_optic,no,yes,yes,yes,yes,yes,one_year,yes,electronic_check,109.5,7674.55,yes
male,1,no,no,9,yes,no,dsl,no,no,no,yes,no,no,month-to-month,no,mailed_check,49.2,447.9,no
male,0,yes,no,68,yes,yes,fiber_optic,yes,yes,no,yes,yes,yes,month-to-month,yes,electronic_check,107.7,7320.9,no
male,0,no,no,59,yes,yes,no,no_internet_service,no_internet_service,no_internet_service,no_internet_service,no_internet_service,no_internet_service,two_year,no,mailed_check,25.0,1510.5,no
male,0,no,yes,8,yes,no,no,no_internet_service,no_internet_service,no_internet_service,no_internet_service,no_internet_service,no_internet_service,month-to-month,no,mailed_check,20.35,178.7,no
female,0,no,no,12,yes,no,fiber_optic,yes,no,no,no,yes,no,one_year,yes,credit_card_(automatic),85.15,979.05,no
male,1,no,no,33,yes,yes,no,no_internet_service,no_internet_service,no_internet_service,no_internet_service,no_internet_service,no_internet_service,one_year,yes,bank_transfer_(automatic),24.9,847.8,no
male,1,no,no,13,yes,yes,fiber_optic,no,yes,yes,no,yes,yes,month-to-month,yes,electronic_check,106.9,1364.3,yes
female,0,no,no,16,yes,no,fiber_optic,no,yes,yes,no,no,yes,month-to-month,yes,credit_card_(automatic),93.2,1573.7,yes
male,1,yes,no,52,yes,yes,fiber_optic,yes,no,yes,no,yes,yes,month-to-month,yes,electronic_check,104.2,5568.35,yes
female,1,no,no,7,yes,no,dsl,no,yes,yes,no,yes,no,month-to-month,yes,electronic_check,64.95,493.65,no
male,0,no,no,4,yes,no,no,no_internet_service,no_internet_service,no_internet_service,no_internet_service,no_internet_service,no_internet_service,one_year,no,mailed_check,19.7,117.8,no
female,1,yes,no,4,yes,yes,fiber_optic,no,no,no,no,yes,no,month-to-month,yes,electronic_check,83.25,308.05,no
male,0,yes,no,29,yes,yes,fiber_optic,no,yes,no,no,no,no,month-to-month,yes,bank_transfer_(automatic),80.15,2265.25,yes
male,0,no,no,54,yes,no,fiber_optic,yes,no,yes,yes,no,no,one_year,no,electronic_check,84.4,4484.05,no
female,0,no,no,17,yes,no,no,no_internet_service,no_internet_service,no_internet_service,no_internet_service,no_internet_service,no_internet_service,one_year,no,mailed_check,20.15,353.65,no
female,0,yes,no,1,yes,no,fiber_optic,no,no,no,no,no,no,month-to-month,yes,electronic_check,68.95,68.95,yes
female,0,yes,yes,51,yes,no,dsl,yes,yes,no,yes,no,yes,one_year,yes,credit_card_(automatic),69.75,3562.5,no
male,0,no,no,2,yes,no,no,no_internet_service,no_internet_service,no_internet_service,no_internet_service,no_internet_service,no_internet_service,month-to-month,yes,electronic_check,19.65,31.2,no
female,0,no,no,1,yes,no,fiber_optic,no,no,no,no,no,no,month-to-month,no,electronic_check,70.1,70.1,no
female,0,no,no,2,yes,no,dsl,no,yes,no,no,no,no,month-to-month,yes,credit_card_(automatic),49.05,91.1,yes
female,0,yes,no,65,yes,yes,fiber_optic,no,yes,yes,yes,yes,yes,one_year,yes,credit_card_(automatic),108.05,7118.9,no
male,0,yes,no,60,yes,no,no,no_internet_service,no_internet_service,no_internet_service,no_internet_service,no_internet_service,no_internet_service,two_year,no,mailed_check,19.95,1258.15,no
female,0,yes,no,64,yes,yes,fiber_optic,no,yes,no,yes,yes,yes,two_year,yes,bank_transfer_(automatic),105.4,6794.75,no
female,1,yes,no,44,yes,yes,fiber_optic,no,no,yes,yes,yes,yes,month-to-month,no,electronic_check,104.15,4495.65,no
male,0,yes,no,24,yes,no,no,no_internet_service,no_internet_service,no_internet_service,no_internet_service,no_internet_service,no_internet_service,two_year,no,mailed_check,19.75,483.15,no
female,0,no,no,50,yes,yes,dsl,no,yes,no,yes,yes,yes,two_year,yes,mailed_check,79.6,4024.2,no
female,0,yes,yes,52,yes,no,no,no_internet_service,no_internet_service,no_internet_service,no_internet_service,no_internet_service,no_internet_service,one_year,no,credit_card_(automatic),19.6,1012.4,no
female,0,no,no,61,yes,yes,dsl,no,yes,yes,yes,yes,yes,two_year,no,credit_card_(automatic),88.65,5321.25,no
male,1,no,no,55,no,no_phone_service,dsl,yes,yes,no,no,yes,no,month-to-month,yes,electronic_check,44.85,2479.05,no
male,0,no,no,18,no,no_phone_service,dsl,no,yes,yes,no,no,no,month-to-month,yes,credit_card_(automatic),33.5,600.0,yes
female,0,no,no,28,yes,no,dsl,yes,no,no,yes,no,no,one_year,no,mailed_check,54.3,1546.3,no
female,0,yes,yes,13,yes,no,dsl,no,no,no,no,no,yes,month-to-month,no,electronic_check,55.95,734.35,yes
female,0,yes,yes,67,yes,yes,no,no_internet_service,no_internet_service,no_internet_service,no_internet_service,no_internet_service,no_internet_service,two_year,yes,mailed_check,24.9,1680.25,no
male,0,no,no,13,no,no_phone_service,dsl,no,no,no,no,no,no,month-to-month,yes,bank_transfer_(automatic),25.15,331.85,no
male,0,yes,yes,40,yes,yes,fiber_optic,yes,yes,no,yes,yes,yes,month-to-month,yes,credit_card_(automatic),110.1,4469.1,no
female,1,no,no,64,no,no_phone_service,dsl,no,yes,no,yes,yes,no,month-to-month,yes,electronic_check,43.85,2751.0,no
male,0,yes,yes,2,yes,no,fiber_optic,no,no,no,no,yes,yes,month-to-month,yes,bank_transfer_(automatic),89.55,185.55,yes
male,0,no,no,11,yes,no,fiber_optic,no,no,yes,no,no,yes,month-to-month,no,electronic_check,84.8,888.75,no
male,0,yes,no,22,yes,no,fiber_optic,yes,yes,no,yes,yes,yes,month-to-month,yes,electronic_check,104.6,2180.55,no
male,0,no,no,66,yes,yes,no,no_internet_service,no_internet_service,no_internet_service,no_internet_service,no_internet_service,no_internet_service,one_year,no,bank_transfer_(automatic),25.45,1699.15,no
female,0,yes,yes,69,yes,yes,dsl,yes,no,no,yes,no,no,two_year,no,credit_card_(automatic),61.4,4059.85,no
male,0,yes,yes,65,yes,no,no,no_internet_service,no_internet_service,no_internet_service,no_internet_service,no_internet_service,no_internet_service,two_year,yes,credit_card_(automatic),19.85,1267.05,no
male,0,no,yes,49,yes,yes,fiber_optic,no,no,no,yes,yes,yes,one_year,yes,bank_transfer_(automatic),100.6,5069.65,yes
male,0,no,no,43,yes,yes,fiber_optic,no,no,no,no,yes,yes,one_year,no,mailed_check,94.35,3921.3,no
female,0,yes,no,26,yes,no,dsl,no,yes,yes,no,yes,yes,two_year,yes,credit_card_(automatic),73.5,1905.7,no
female,0,no,no,25,yes,no,no,no_internet_service,no_internet_service,no_internet_service,no_internet_service,no_internet_service,no_internet_service,two_year,no,credit_card_(automatic),19.8,475.2,no
male,0,no,no,3,yes,no,no,no_internet_service,no_internet_service,no_internet_service,no_internet_service,no_internet_service,no_internet_service,month-to-month,no,mailed_check,19.85,64.55,yes
female,1,no,no,52,yes,yes,dsl,yes,no,yes,no,no,no,two_year,no,bank_transfer_(automatic),59.85,3103.25,no
male,0,yes,no,24,yes,no,no,no_internet_service,no_internet_service,no_internet_service,no_internet_service,no_internet_service,no_internet_service,one_year,no,mailed_check,20.1,533.9,no
male,1,no,no,35,yes,yes,fiber_optic,no,no,no,no,yes,yes,month-to-month,yes,electronic_check,95.45,3474.05,yes
male,0,no,no,1,yes,no,fiber_optic,no,no,no,no,no,no,month-to-month,yes,electronic_check,69.9,69.9,yes
female,0,yes,no,45,yes,yes,no,no_internet_service,no_internet_service,no_internet_service,no_internet_service,no_internet_service,no_internet_service,two_year,no,mailed_check,25.5,1121.05,no
female,0,yes,no,47,yes,no,dsl,yes,no,yes,no,yes,no,one_year,yes,credit_card_(automatic),66.05,3021.45,no
male,0,no,no,1,yes,no,no,no_internet_service,no_internet_service,no_internet_service,no_internet_service,no_internet_service,no_internet_service,month-to-month,no,mailed_check,20.25,20.25,yes
female,0,no,no,4,yes,yes,fiber_optic,no,no,no,no,no,no,month-to-month,yes,electronic_check,75.65,302.35,no
female,0,yes,yes,61,yes,yes,no,no_internet_service,no_internet_service,no_internet_service,no_internet_service,no_internet_service,no_internet_service,two_year,yes,mailed_check,24.1,1551.6,no
female,0,no,yes,18,yes,yes,dsl,yes,no,no,no,no,yes,month-to-month,no,electronic_check,64.8,1166.7,no
female,0,no,no,9,yes,yes,fiber_optic,no,no,no,no,yes,yes,month-to-month,no,electronic_check,94.4,857.25,yes
male,0,yes,no,53,no,no_phone_service,dsl,no,yes,yes,yes,yes,yes,one_year,yes,electronic_check,60.45,3184.25,yes
female,0,no,no,1,yes,no,fiber_optic,no,no,yes,no,no,no,month-to-month,yes,electronic_check,74.9,74.9,yes
female,1,no,no,60,yes,yes,fiber_optic,yes,no,no,no,yes,yes,one_year,yes,bank_transfer_(automatic),101.4,6176.6,no
male,0,yes,no,3,yes,no,fiber_optic,no,no,no,no,no,no,month-to-month,yes,electronic_check,70.3,208.85,yes
female,0,yes,no,59,yes,yes,fiber_optic,yes,yes,yes,yes,no,yes,one_year,yes,credit_card_(automatic),107.0,6152.3,no
female,0,yes,yes,71,yes,no,no,no_internet_service,no_internet_service,no_internet_service,no_internet_service,no_internet_service,no_internet_service,two_year,no,bank_transfer_(automatic),20.5,1500.95,no
female,0,no,no,11,yes,no,fiber_optic,yes,no,no,no,no,no,month-to-month,no,electronic_check,76.4,838.7,no
male,1,no,no,5,yes,no,fiber_optic,no,no,no,no,no,no,month-to-month,yes,mailed_check,71.45,371.6,no
female,0,no,no,10,yes,no,dsl,no,yes,no,no,no,no,month-to-month,no,electronic_check,51.2,498.25,no
male,0,yes,no,36,yes,no,no,no_internet_service,no_internet_service,no_internet_service,no_internet_service,no_internet_service,no_internet_service,one_year,no,mailed_check,20.0,666.75,no
male,0,yes,no,62,yes,no,dsl,no,yes,yes,yes,no,no,two_year,yes,credit_card_(automatic),60.15,3753.2,no
female,1,yes,no,42,yes,yes,fiber_optic,yes,no,yes,no,yes,yes,one_year,yes,bank_transfer_(automatic),105.2,4599.15,no
male,0,yes,yes,35,yes,no,no,no_internet_service,no_internet_service,no_internet_service,no_internet_service,no_internet_service,no_internet_service,one_year,no,electronic_check,19.9,666.0,no
female,0,no,no,21,yes,no,fiber_optic,no,yes,yes,yes,yes,yes,one_year,yes,mailed_check,104.55,2239.4,no
female,1,no,no,32,yes,no,fiber_optic,no,yes,no,no,no,no,month-to-month,yes,electronic_check,74.4,2276.95,yes
female,0,yes,no,71,yes,yes,fiber_optic,no,yes,yes,yes,yes,yes,two_year,no,electronic_check,109.25,7707.7,no
female,0,yes,no,69,yes,yes,no,no_internet_service,no_internet_service,no_internet_service,no_internet_service,no_internet_service,no_internet_service,two_year,yes,credit_card_(automatic),24.95,1718.35,no
male,0,no,no,14,yes,no,no,no_internet_service,no_internet_service,no_internet_service,no_internet_service,no_internet_service,no_internet_service,one_year,no,mailed_check,19.35,324.8,no
female,1,yes,yes,65,yes,yes,fiber_optic,no,no,yes,yes,yes,yes,one_year,yes,bank_transfer_(automatic),103.9,6767.1,no
male,1,no,no,64,yes,yes,fiber_optic,yes,yes,no,no,yes,yes,month-to-month,yes,bank_transfer_(automatic),103.5,6548.65,no
male,0,no,no,61,yes,yes,fiber_optic,yes,no,yes,no,yes,yes,one_year,no,electronic_check,104.0,6363.45,no
male,0,no,yes,1,yes,no,fiber_optic,no,no,no,no,yes,yes,month-to-month,yes,electronic_check,90.85,90.85,yes
female,0,no,no,45,yes,no,dsl,yes,no,yes,yes,yes,yes,two_year,no,bank_transfer_(automatic),81.65,3618.7,no
female,0,yes,no,37,yes,yes,dsl,yes,no,yes,yes,no,no,one_year,no,credit_card_(automatic),68.1,2479.25,no
male,0,no,no,3,yes,yes,fiber_optic,no,no,yes,no,yes,yes,month-to-month,yes,bank_transfer_(automatic),101.55,298.35,yes
male,0,no,no,1,yes,no,dsl,yes,no,no,no,no,no,month-to-month,no,electronic_check,49.75,49.75,no
female,1,no,no,28,yes,yes,dsl,no,yes,yes,yes,no,no,month-to-month,no,bank_transfer_(automatic),64.45,1867.6,no
male,0,yes,yes,33,yes,no,dsl,yes,no,yes,no,yes,yes,one_year,no,credit_card_(automatic),74.75,2453.3,no
male,0,yes,no,61,yes,yes,fiber_optic,no,yes,yes,yes,yes,yes,month-to-month,yes,electronic_check,114.1,7132.15,no
female,0,yes,yes,71,yes,yes,fiber_optic,yes,yes,yes,no,yes,yes,two_year,yes,bank_transfer_(automatic),109.0,7661.8,no
female,0,yes,yes,56,yes,yes,fiber_optic,yes,no,yes,yes,yes,yes,month-to-month,yes,mailed_check,109.6,5953.0,no
male,0,no,no,2,yes,no,dsl,yes,no,no,yes,no,no,month-to-month,yes,mailed_check,54.45,87.3,no
male,0,yes,yes,72,yes,no,no,no_internet_service,no_internet_service,no_internet_service,no_internet_service,no_internet_service,no_internet_service,two_year,no,bank_transfer_(automatic),20.3,1401.15,no
male,0,yes,yes,1,yes,no,fiber_optic,no,no,no,no,no,no,month-to-month,yes,mailed_check,70.65,70.65,yes
male,0,no,no,19,yes,no,no,no_internet_service,no_internet_service,no_internet_service,no_internet_service,no_internet_service,no_internet_service,one_year,yes,credit_card_(automatic),19.7,386.5,no
female,0,no,no,4,yes,no,dsl,no,yes,no,no,yes,yes,month-to-month,yes,bank_transfer_(automatic),68.65,261.25,yes
male,0,no,no,15,no,no_phone_service,dsl,no,no,no,yes,no,no,month-to-month,yes,electronic_check,29.7,438.25,yes
male,0,no,no,12,yes,no,dsl,no,no,no,yes,yes,no,one_year,yes,electronic_check,59.8,727.8,yes
female,0,no,no,15,yes,no,dsl,yes,no,yes,yes,no,no,month-to-month,no,electronic_check,58.95,955.15,no
male,0,no,yes,21,yes,yes,fiber_optic,yes,no,no,no,no,no,month-to-month,no,electronic_check,80.35,1747.2,no
male,0,yes,yes,1,yes,no,fiber_optic,no,no,no,no,no,no,month-to-month,yes,electronic_check,68.5,68.5,yes
female,0,no,no,6,no,no_phone_service,dsl,no,no,no,no,yes,yes,month-to-month,no,credit_card_(automatic),45.0,298.7,no
female,1,no,no,2,yes,yes,fiber_optic,no,yes,no,no,no,yes,month-to-month,no,electronic_check,89.5,161.5,yes
male,0,no,no,23,yes,no,fiber_optic,yes,no,yes,no,yes,yes,one_year,yes,credit_card_(automatic),99.95,2292.75,no
female,0,yes,no,53,yes,yes,dsl,yes,yes,yes,no,no,yes,one_year,no,bank_transfer_(automatic),74.1,3833.95,no
male,0,yes,yes,72,yes,yes,dsl,yes,yes,yes,yes,yes,yes,two_year,no,credit_card_(automatic),89.85,6562.9,no
female,0,yes,yes,54,yes,no,dsl,yes,no,yes,yes,no,yes,two_year,no,bank_transfer_(automatic),69.95,3871.85,no
male,1,no,no,72,yes,yes,fiber_optic,yes,yes,yes,yes,yes,yes,two_year,no,bank_transfer_(automatic),113.8,7845.8,no
male,0,no,no,36,yes,no,dsl,no,yes,no,yes,no,yes,one_year,yes,mailed_check,65.4,2498.4,yes
male,0,no,no,63,yes,no,dsl,yes,yes,yes,yes,yes,yes,two_year,yes,bank_transfer_(automatic),86.7,5309.5,no
male,1,yes,no,29,yes,no,fiber_optic,yes,no,yes,no,no,yes,one_year,no,bank_transfer_(automatic),90.1,2656.7,no
female,0,yes,no,28,yes,yes,no,no_internet_service,no_internet_service,no_internet_service,no_internet_service,no_internet_service,no_internet_service,one_year,no,mailed_check,25.55,672.2,no
female,1,no,no,52,yes,yes,fiber_optic,yes,yes,yes,no,yes,yes,month-to-month,no,credit_card_(automatic),108.1,5839.3,no
male,0,yes,no,58,yes,yes,fiber_optic,no,no,yes,no,yes,yes,one_year,no,credit_card_(automatic),100.35,5681.1,no
male,0,yes,no,66,yes,yes,fiber_optic,yes,yes,yes,yes,no,no,two_year,no,mailed_check,96.6,6424.25,no
female,0,no,no,54,yes,yes,fiber_optic,no,no,no,yes,yes,yes,month-to-month,yes,electronic_check,100.1,5440.9,yes
female,0,yes,yes,61,yes,no,dsl,no,no,yes,yes,yes,yes,two_year,yes,bank_transfer_(automatic),73.8,4616.05,no
female,0,yes,no,67,yes,yes,dsl,yes,yes,yes,no,no,no,two_year,no,mailed_check,65.65,4322.85,no
female,0,no,no,49,yes,yes,dsl,yes,yes,no,no,no,no,month-to-month,yes,credit_card_(automatic),59.75,2934.3,yes
male,0,no,no,16,yes,no,no,no_internet_service,no_internet_service,no_internet_service,no_internet_service,no_internet_service,no_internet_service,month-to-month,yes,mailed_check,19.7,342.4,yes
male,0,no,no,68,yes,yes,fiber_optic,yes,yes,yes,yes,yes,yes,one_year,yes,credit_card_(automatic),117.2,8035.95,no
female,0,no,no,1,yes,no,fiber_optic,no,no,no,no,yes,no,month-to-month,no,electronic_check,79.55,79.55,yes
male,0,no,no,5,yes,no,dsl,no,yes,no,no,no,no,month-to-month,yes,electronic_check,51.35,262.3,no
female,0,yes,yes,1,yes,no,no,no_internet_service,no_internet_service,no_internet_service,no_internet_service,no_internet_service,no_internet_service,month-to-month,yes,electronic_check,21.0,21.0,yes
male,0,yes,no,71,yes,yes,dsl,yes,yes,yes,yes,no,yes,two_year,yes,mailed_check,80.1,5585.4,no
male,1,no,no,55,no,no_phone_service,dsl,no,no,yes,no,yes,yes,one_year,yes,bank_transfer_(automatic),50.05,2743.45,no
male,0,no,no,72,yes,yes,fiber_optic,no,yes,yes,yes,yes,yes,two_year,no,bank_transfer_(automatic),109.2,7878.3,no
female,0,no,no,7,yes,yes,dsl,no,no,no,yes,yes,yes,month-to-month,yes,electronic_check,74.65,521.1,yes
female,0,yes,yes,10,yes,yes,fiber_optic,no,yes,yes,no,yes,yes,month-to-month,yes,credit_card_(automatic),102.1,1068.85,yes
male,0,yes,yes,25,yes,yes,no,no_internet_service,no_internet_service,no_internet_service,no_internet_service,no_internet_service,no_internet_service,two_year,no,credit_card_(automatic),25.5,630.6,no
male,0,no,no,3,yes,no,no,no_internet_service,no_internet_service,no_internet_service,no_internet_service,no_internet_service,no_internet_service,month-to-month,no,mailed_check,20.7,57.5,no
male,0,no,no,1,yes,no,fiber_optic,no,no,no,no,no,no,month-to-month,yes,mailed_check,70.6,70.6,no
female,0,no,no,3,yes,no,no,no_internet_service,no_internet_service,no_internet_service,no_internet_service,no_internet_service,no_internet_service,one_year,no,mailed_check,20.25,71.2,no
female,0,no,no,71,yes,yes,fiber_optic,no,yes,yes,yes,yes,yes,two_year,yes,electronic_check,111.25,7984.15,no
male,1,yes,no,19,no,no_phone_service,dsl,no,yes,yes,no,no,no,month-to-month,yes,credit_card_(automatic),34.3,577.15,no
female,0,no,no,15,yes,no,fiber_optic,no,yes,no,no,yes,no,month-to-month,yes,bank_transfer_(automatic),83.2,1130.0,no
male,0,no,no,57,yes,no,no,no_internet_service,no_internet_service,no_internet_service,no_internet_service,no_internet_service,no_internet_service,two_year,no,credit_card_(automatic),20.55,1252.85,no
male,1,yes,no,66,yes,yes,fiber_optic,no,yes,yes,yes,yes,yes,one_year,yes,bank_transfer_(automatic),107.35,7051.95,no
male,0,no,no,1,yes,no,no,no_internet_service,no_internet_service,no_internet_service,no_internet_service,no_internet_service,no_internet_service,month-to-month,no,credit_card_(automatic),19.3,19.3,no
female,0,yes,no,59,yes,no,no,no_internet_service,no_internet_service,no_internet_service,no_internet_service,no_internet_service,no_internet_service,two_year,no,bank_transfer_(automatic),18.4,1057.85,no
female,0,no,no,4,yes,no,fiber_optic,no,yes,yes,yes,yes,yes,one_year,yes,electronic_check,105.65,443.9,yes
male,0,no,no,2,yes,no,fiber_optic,no,no,yes,no,yes,yes,month-to-month,no,electronic_check,94.95,178.1,yes
male,0,no,no,5,yes,no,no,no_internet_service,no_internet_service,no_internet_service,no_internet_service,no_internet_service,no_internet_service,month-to-month,no,credit_card_(automatic),20.05,95.55,no
female,0,no,no,66,yes,yes,fiber_optic,no,yes,no,no,yes,no,one_year,yes,bank_transfer_(automatic),88.9,6000.1,no
male,0,no,no,17,yes,no,no,no_internet_service,no_internet_service,no_internet_service,no_internet_service,no_internet_service,no_internet_service,month-to-month,no,credit_card_(automatic),21.1,385.55,no
female,0,no,no,68,yes,no,dsl,yes,yes,yes,yes,yes,yes,two_year,yes,credit_card_(automatic),82.45,5646.6,no
male,0,yes,yes,25,yes,yes,no,no_internet_service,no_internet_service,no_internet_service,no_internet_service,no_internet_service,no_internet_service,month-to-month,yes,bank_transfer_(automatic),25.4,546.85,no
male,0,yes,yes,71,yes,yes,dsl,yes,yes,yes,yes,yes,yes,two_year,yes,mailed_check,91.25,6589.6,no
female,0,yes,no,63,yes,yes,fiber_optic,no,no,no,yes,no,no,one_year,yes,credit_card_(automatic),81.2,4965.1,no
male,0,yes,yes,6,yes,no,no,no_internet_service,no_internet_service,no_internet_service,no_internet_service,no_internet_service,no_internet_service,month-to-month,no,credit_card_(automatic),19.85,138.85,no
female,0,no,no,2,yes,no,dsl,no,no,no,no,no,no,month-to-month,yes,mailed_check,45.85,105.6,no
male,0,no,no,7,yes,no,fiber_optic,yes,no,no,no,no,no,month-to-month,no,mailed_check,74.35,533.6,no
male,1,no,no,43,yes,yes,fiber_optic,no,no,no,no,yes,no,month-to-month,yes,electronic_check,84.85,3645.6,no
male,1,no,no,1,yes,no,dsl,no,no,no,no,no,no,month-to-month,no,electronic_check,45.2,45.2,no
female,0,no,no,15,yes,no,fiber_optic,no,no,yes,no,yes,yes,month-to-month,yes,credit_card_(automatic),94.0,1505.45,no
male,0,no,yes,23,yes,no,dsl,no,yes,no,yes,no,no,month-to-month,no,electronic_check,54.15,1312.45,no
female,1,no,no,5,yes,no,fiber_optic,no,no,no,no,no,yes,month-to-month,no,electronic_check,78.95,378.4,yes
female,0,yes,no,20,yes,no,fiber_optic,no,no,yes,yes,no,no,month-to-month,yes,mailed_check,81.0,1683.7,no
female,0,no,yes,16,yes,yes,fiber_optic,no,no,no,yes,no,no,one_year,yes,credit_card_(automatic),79.5,1264.2,no
male,0,yes,yes,4,yes,no,no,no_internet_service,no_internet_service,no_internet_service,no_internet_service,no_internet_service,no_internet_service,month-to-month,yes,mailed_check,20.5,77.6,no
female,0,no,no,36,yes,yes,dsl,yes,no,no,no,no,no,one_year,no,mailed_check,54.45,1893.5,no
male,0,yes,yes,29,no,no_phone_service,dsl,yes,yes,yes,yes,no,yes,one_year,yes,credit_card_(automatic),55.35,1636.95,no
male,0,no,yes,1,yes,no,dsl,no,no,yes,no,no,no,month-to-month,yes,electronic_check,49.85,49.85,no
female,0,yes,no,12,yes,no,dsl,yes,no,no,yes,no,no,month-to-month,no,bank_transfer_(automatic),54.2,690.5,no
male,0,yes,yes,55,yes,no,dsl,yes,yes,no,yes,no,no,two_year,no,bank_transfer_(automatic),57.55,3046.4,yes
female,0,yes,no,72,yes,yes,fiber_optic,yes,no,yes,no,yes,yes,two_year,yes,credit_card_(automatic),105.0,7589.8,no
male,0,no,no,19,yes,no,fiber_optic,no,yes,no,no,no,no,month-to-month,yes,credit_card_(automatic),73.85,1424.5,yes
male,0,yes,no,38,yes,no,fiber_optic,yes,yes,no,no,no,no,month-to-month,yes,electronic_check,79.45,3013.05,yes
male,0,no,no,11,yes,yes,no,no_internet_service,no_internet_service,no_internet_service,no_internet_service,no_internet_service,no_internet_service,month-to-month,no,credit_card_(automatic),23.15,245.2,yes
male,0,yes,no,6,yes,yes,no,no_internet_service,no_internet_service,no_internet_service,no_internet_service,no_internet_service,no_internet_service,one_year,no,mailed_check,25.1,171.0,no
male,0,yes,yes,8,yes,no,dsl,no,no,yes,no,no,no,month-to-month,yes,electronic_check,51.05,415.05,yes
male,0,no,no,1,yes,no,no,no_internet_service,no_internet_service,no_internet_service,no_internet_service,no_internet_service,no_internet_service,month-to-month,yes,mailed_check,20.1,20.1,yes
female,0,no,no,3,yes,no,dsl,no,no,no,no,no,no,month-to-month,no,electronic_check,44.6,122.7,no
female,0,yes,yes,53,yes,no,no,no_internet_service,no_internet_service,no_internet_service,no_internet_service,no_internet_service,no_internet_service,two_year,no,mailed_check,20.9,1146.05,no
male,1,yes,no,71,yes,yes,no,no_internet_service,no_internet_service,no_internet_service,no_internet_service,no_internet_service,no_internet_service,two_year,no,credit_card_(automatic),25.45,1789.65,no
male,1,yes,no,34,yes,no,fiber_optic,yes,no,no,yes,yes,no,one_year,no,mailed_check,90.15,3128.8,no
female,1,yes,no,8,yes,yes,fiber_optic,no,yes,no,no,no,no,month-to-month,yes,credit_card_(automatic),80.65,633.3,yes
female,1,no,no,1,yes,no,no,no_internet_service,no_internet_service,no_internet_service,no_internet_service,no_internet_service,no_internet_service,month-to-month,yes,electronic_check,19.45,19.45,yes
male,0,yes,yes,67,yes,no,dsl,yes,no,yes,yes,no,no,two_year,yes,bank_transfer_(automatic),60.4,3953.7,no
female,0,no,no,11,yes,yes,fiber_optic,no,no,no,no,no,no,month-to-month,no,electronic_check,75.25,888.65,no
female,0,no,no,1,yes,no,no,no_internet_service,no_internet_service,no_internet_service,no_internet_service,no_internet_service,no_internet_service,month-to-month,yes,mailed_check,19.4,19.4,no
male,0,yes,yes,52,yes,no,no,no_internet_service,no_internet_service,no_internet_service,no_internet_service,no_internet_service,no_internet_service,one_year,yes,credit_card_(automatic),20.85,1071.6,no
female,1,no,no,22,yes,yes,fiber_optic,no,no,no,no,no,no,month-to-month,yes,bank_transfer_(automatic),74.4,1692.6,yes
male,0,yes,no,72,yes,yes,fiber_optic,yes,no,yes,yes,yes,yes,two_year,yes,credit_card_(automatic),110.9,8240.85,no
male,1,yes,no,71,yes,yes,fiber_optic,yes,yes,yes,yes,yes,yes,two_year,yes,bank_transfer_(automatic),115.05,8016.6,no
female,1,no,no,29,yes,yes,fiber_optic,no,no,no,yes,yes,yes,month-to-month,no,electronic_check,98.65,2862.75,yes
male,0,yes,yes,13,yes,yes,dsl,no,yes,yes,yes,yes,no,month-to-month,yes,electronic_check,72.8,930.05,no
male,0,yes,no,32,yes,yes,fiber_optic,no,no,no,yes,no,no,one_year,yes,electronic_check,79.25,2619.15,no
male,0,no,no,3,yes,no,dsl,no,no,no,no,yes,no,month-to-month,no,credit_card_(automatic),53.4,188.7,yes
male,1,yes,yes,20,yes,no,fiber_optic,yes,no,yes,yes,no,yes,one_year,no,credit_card_(automatic),94.3,1818.3,no
male,0,yes,no,40,yes,no,fiber_optic,no,yes,yes,no,no,no,month-to-month,yes,electronic_check,80.0,3168.75,no
male,0,no,no,13,yes,no,no,no_internet_service,no_internet_service,no_internet_service,no_internet_service,no_internet_service,no_internet_service,one_year,no,credit_card_(automatic),19.3,259.65,no
female,0,no,no,6,yes,no,fiber_optic,no,no,yes,yes,no,yes,month-to-month,yes,electronic_check,89.25,487.05,no
male,0,no,no,19,yes,no,dsl,no,no,no,no,no,no,month-to-month,yes,bank_transfer_(automatic),45.0,865.85,no
female,0,yes,no,23,yes,yes,dsl,no,no,no,yes,yes,yes,month-to-month,yes,credit_card_(automatic),73.65,1642.75,no
female,0,yes,yes,21,yes,no,fiber_optic,no,yes,yes,yes,yes,yes,month-to-month,yes,electronic_check,102.8,2110.15,yes
female,0,yes,yes,64,yes,no,dsl,yes,no,no,yes,yes,no,one_year,no,mailed_check,65.8,4068.0,no
female,1,no,no,37,yes,yes,fiber_optic,yes,yes,no,no,yes,yes,month-to-month,yes,bank_transfer_(automatic),106.75,4056.75,yes
male,1,yes,no,10,yes,yes,fiber_optic,no,no,no,no,no,yes,month-to-month,yes,electronic_check,86.65,856.65,yes
female,1,no,no,66,yes,yes,fiber_optic,no,yes,yes,no,yes,yes,one_year,no,bank_transfer_(automatic),108.1,7238.6,no
male,1,no,no,20,yes,no,dsl,yes,no,no,yes,no,no,one_year,no,mailed_check,54.0,1055.9,no
male,1,yes,no,30,yes,yes,fiber_optic,yes,yes,yes,yes,yes,no,month-to-month,yes,bank_transfer_(automatic),105.7,3181.8,no
male,0,no,no,3,yes,no,dsl,no,no,no,yes,no,yes,month-to-month,no,mailed_check,60.65,196.9,no
female,1,yes,no,71,yes,no,fiber_optic,yes,yes,yes,yes,yes,yes,two_year,yes,bank_transfer_(automatic),109.7,7904.25,no
female,1,no,no,1,yes,no,fiber_optic,no,no,yes,no,no,no,month-to-month,yes,bank_transfer_(automatic),75.3,75.3,yes
male,0,no,no,17,yes,yes,fiber_optic,yes,yes,yes,yes,yes,no,month-to-month,yes,bank_transfer_(automatic),106.65,1672.1,no
male,0,no,no,49,yes,yes,dsl,no,no,no,yes,yes,no,two_year,yes,bank_transfer_(automatic),66.15,3199.0,no
male,0,yes,yes,5,yes,no,no,no_internet_service,no_internet_service,no_internet_service,no_internet_service,no_internet_service,no_internet_service,one_year,no,electronic_check,20.55,99.45,no
female,0,no,no,71,yes,yes,no,no_internet_service,no_internet_service,no_internet_service,no_internet_service,no_internet_service,no_internet_service,two_year,no,electronic_check,24.55,1719.15,no
male,0,no,no,26,no,no_phone_service,dsl,no,no,yes,yes,no,no,month-to-month,no,electronic_check,35.75,1022.5,no
female,0,no,no,57,yes,yes,fiber_optic,no,yes,no,yes,no,yes,one_year,no,electronic_check,94.7,5468.95,no
male,0,yes,no,5,yes,no,no,no_internet_service,no_internet_service,no_internet_service,no_internet_service,no_internet_service,no_internet_service,month-to-month,no,mailed_check,19.35,126.05,yes
male,0,yes,no,8,yes,no,dsl,no,yes,no,no,no,no,month-to-month,yes,bank_transfer_(automatic),49.55,393.45,no
female,0,no,no,10,yes,yes,fiber_optic,no,no,no,no,no,no,month-to-month,yes,electronic_check,74.75,799.65,yes
male,0,no,no,9,yes,yes,fiber_optic,yes,no,no,no,no,no,month-to-month,yes,electronic_check,81.15,784.45,no
male,0,no,no,2,yes,no,fiber_optic,no,no,no,no,yes,no,month-to-month,no,electronic_check,79.0,143.65,yes
female,0,no,no,28,yes,yes,dsl,no,no,no,yes,no,no,month-to-month,yes,credit_card_(automatic),54.9,1505.15,no
male,0,no,no,60,no,no_phone_service,dsl,yes,yes,yes,no,no,no,two_year,no,bank_transfer_(automatic),39.6,2424.5,no
female,0,no,no,20,yes,yes,dsl,no,yes,no,yes,no,yes,month-to-month,yes,credit_card_(automatic),68.9,1370.35,no
female,1,yes,no,15,yes,no,fiber_optic,no,yes,no,no,yes,yes,month-to-month,yes,electronic_check,94.65,1285.05,no
male,0,no,no,72,yes,yes,dsl,yes,yes,yes,yes,yes,yes,two_year,no,bank_transfer_(automatic),86.65,6224.8,no
female,0,yes,no,1,no,no_phone_service,dsl,no,no,no,no,no,yes,month-to-month,no,electronic_check,35.0,35.0,no
male,1,no,no,24,yes,yes,dsl,no,yes,no,no,no,no,month-to-month,no,credit_card_(automatic),54.8,1291.3,no
female,0,yes,yes,70,yes,no,dsl,yes,yes,yes,yes,no,yes,one_year,no,credit_card_(automatic),74.1,5222.3,no
male,0,no,no,42,yes,yes,fiber_optic,yes,yes,yes,no,no,yes,one_year,yes,electronic_check,99.0,4298.45,no
male,0,no,no,8,yes,no,no,no_internet_service,no_internet_service,no_internet_service,no_internet_service,no_internet_service,no_internet_service,month-to-month,yes,credit_card_(automatic),20.45,162.3,no
female,0,yes,no,11,yes,yes,fiber_optic,yes,no,no,yes,yes,no,month-to-month,yes,credit_card_(automatic),96.2,1222.05,yes
male,1,yes,no,7,no,no_phone_service,dsl,yes,no,no,no,no,no,month-to-month,no,bank_transfer_(automatic),29.8,220.45,no
male,0,yes,yes,61,yes,yes,dsl,no,no,yes,yes,yes,yes,two_year,yes,bank_transfer_(automatic),81.0,4976.15,no
female,0,yes,no,19,yes,no,fiber_optic,yes,no,no,no,no,no,month-to-month,yes,electronic_check,73.2,1441.1,yes
female,1,no,no,30,yes,yes,fiber_optic,yes,yes,yes,no,no,no,month-to-month,no,credit_card_(automatic),91.7,2758.15,yes
female,0,no,no,1,yes,yes,fiber_optic,no,no,no,no,no,no,month-to-month,yes,mailed_check,75.05,75.05,yes
female,0,no,no,9,yes,yes,fiber_optic,no,no,no,no,no,no,month-to-month,yes,electronic_check,76.85,663.55,no
female,1,no,no,26,yes,no,fiber_optic,yes,no,no,no,yes,no,month-to-month,yes,credit_card_(automatic),85.8,2193.65,no
male,0,no,no,44,yes,no,fiber_optic,no,no,yes,yes,yes,yes,two_year,no,bank_transfer_(automatic),100.1,4378.35,no
male,0,yes,no,34,yes,yes,fiber_optic,no,yes,no,no,no,yes,month-to-month,no,mailed_check,88.85,3000.25,no
male,0,yes,yes,71,yes,no,dsl,no,yes,no,yes,yes,yes,two_year,yes,credit_card_(automatic),73.35,5154.5,no
male,0,no,no,25,yes,no,fiber_optic,no,no,yes,yes,yes,yes,two_year,no,bank_transfer_(automatic),99.3,2513.5,no
male,0,no,no,3,yes,yes,fiber_optic,no,no,no,no,no,yes,month-to-month,yes,electronic_check,85.3,264.8,yes
female,1,no,no,20,yes,yes,fiber_optic,no,no,no,no,no,yes,month-to-month,yes,credit_card_(automatic),85.8,1727.5,yes
male,0,no,no,5,yes,yes,dsl,no,no,no,no,no,no,month-to-month,no,electronic_check,47.15,223.15,yes
female,0,no,no,37,yes,no,no,no_internet_service,no_internet_service,no_internet_service,no_internet_service,no_internet_service,no_internet_service,two_year,no,mailed_check,19.85,784.25,no
female,0,yes,yes,4,yes,no,no,no_internet_service,no_internet_service,no_internet_service,no_internet_service,no_internet_service,no_internet_service,month-to-month,no,mailed_check,20.85,62.9,no
male,0,no,no,11,yes,no,fiber_optic,no,no,no,no,no,no,month-to-month,no,electronic_check,70.2,760.05,no
female,0,no,no,46,yes,yes,fiber_optic,no,no,yes,no,yes,yes,one_year,yes,electronic_check,101.1,4674.4,no
female,0,yes,yes,72,yes,yes,fiber_optic,no,yes,yes,yes,no,yes,two_year,yes,bank_transfer_(automatic),98.65,7129.45,no
male,0,no,no,9,no,no_phone_service,dsl,no,no,no,no,yes,yes,month-to-month,yes,electronic_check,45.4,418.8,yes
male,0,yes,yes,72,yes,no,fiber_optic,yes,yes,yes,yes,yes,yes,two_year,no,bank_transfer_(automatic),111.95,8033.1,no
female,0,yes,no,63,yes,no,fiber_optic,no,yes,no,no,yes,yes,one_year,yes,electronic_check,96.0,6109.75,no
female,0,yes,no,29,yes,no,no,no_internet_service,no_internet_service,no_internet_service,no_internet_service,no_internet_service,no_internet_service,month-to-month,no,mailed_check,19.85,573.05,no
male,0,no,yes,2,yes,no,no,no_internet_service,no_internet_service,no_internet_service,no_internet_service,no_internet_service,no_internet_service,month-to-month,no,mailed_check,20.4,42.9,no
male,0,no,no,4,yes,no,no,no_internet_service,no_internet_service,no_internet_service,no_internet_service,no_internet_service,no_internet_service,month-to-month,no,mailed_check,19.4,93.4,no
male,0,no,no,54,yes,no,fiber_optic,yes,no,yes,no,yes,no,month-to-month,no,mailed_check,89.8,4667.0,no
female,0,yes,yes,16,yes,no,fiber_optic,no,yes,no,no,no,no,month-to-month,no,bank_transfer_(automatic),73.25,1195.75,no
female,0,yes,no,51,yes,no,fiber_optic,no,no,no,no,no,no,month-to-month,no,mailed_check,69.15,3649.6,no
female,0,no,no,2,yes,no,fiber_optic,no,yes,no,no,yes,no,month-to-month,yes,bank_transfer_(automatic),87.15,183.75,yes
male,0,yes,yes,56,no,no_phone_service,dsl,yes,yes,no,yes,yes,no,one_year,yes,mailed_check,52.0,2884.9,no
male,1,yes,no,1,no,no_phone_service,dsl,no,no,no,no,no,no,month-to-month,no,electronic_check,25.05,25.05,yes
female,0,no,no,39,yes,no,dsl,yes,no,no,no,no,no,one_year,yes,electronic_check,47.85,1886.4,no
male,0,yes,yes,64,yes,yes,fiber_optic,yes,no,yes,no,no,yes,two_year,no,bank_transfer_(automatic),93.4,5822.3,no
male,0,no,no,24,yes,no,dsl,yes,no,no,no,no,no,month-to-month,yes,electronic_check,51.15,1275.7,no
female,0,no,no,54,yes,yes,fiber_optic,no,yes,no,no,yes,yes,two_year,yes,bank_transfer_(automatic),97.2,5129.45,no
male,0,no,no,2,yes,yes,fiber_optic,no,no,no,no,no,no,month-to-month,yes,credit_card_(automatic),73.25,131.05,yes
female,0,no,no,18,yes,no,fiber_optic,yes,no,no,no,no,no,month-to-month,yes,electronic_check,75.4,1380.4,no
female,0,yes,no,27,yes,yes,fiber_optic,no,no,no,no,yes,yes,month-to-month,no,credit_card_(automatic),95.0,2462.55,no
male,0,yes,no,16,yes,yes,fiber_optic,no,no,no,no,no,no,month-to-month,yes,bank_transfer_(automatic),73.85,1284.2,yes
female,1,no,no,72,yes,yes,fiber_optic,yes,yes,no,yes,yes,yes,two_year,yes,bank_transfer_(automatic),110.1,7746.7,no
male,0,yes,no,49,yes,yes,dsl,yes,no,no,no,no,no,one_year,yes,electronic_check,55.35,2633.95,no
male,0,yes,yes,61,no,no_phone_service,dsl,yes,no,yes,no,no,no,month-to-month,no,bank_transfer_(automatic),33.6,2117.2,no
male,0,yes,yes,70,yes,yes,dsl,no,yes,yes,yes,yes,yes,two_year,yes,credit_card_(automatic),85.95,5931.75,no
male,0,no,no,7,yes,no,dsl,no,no,no,no,no,no,month-to-month,no,mailed_check,43.9,278.4,no
male,0,no,no,63,yes,yes,fiber_optic,no,yes,yes,no,yes,yes,two_year,yes,bank_transfer_(automatic),104.75,6536.5,no
female,0,yes,no,42,yes,yes,fiber_optic,no,no,yes,yes,no,no,month-to-month,yes,credit_card_(automatic),85.9,3729.75,no
female,0,yes,yes,60,yes,no,no,no_internet_service,no_internet_service,no_internet_service,no_internet_service,no_internet_service,no_internet_service,two_year,yes,credit_card_(automatic),19.25,1103.25,no
female,1,yes,no,1,yes,no,dsl,yes,no,no,no,no,no,month-to-month,yes,electronic_check,49.55,49.55,yes
female,0,no,yes,37,yes,no,no,no_internet_service,no_internet_service,no_internet_service,no_internet_service,no_internet_service,no_internet_service,one_year,no,bank_transfer_(automatic),20.3,755.4,no
male,0,no,no,1,yes,no,no,no_internet_service,no_internet_service,no_internet_service,no_internet_service,no_internet_service,no_internet_service,month-to-month,no,mailed_check,21.1,21.1,no
female,0,no,no,16,yes,no,dsl,no,yes,no,yes,no,no,month-to-month,yes,mailed_check,53.9,834.15,yes
female,0,no,no,23,yes,yes,fiber_optic,no,yes,no,no,yes,yes,month-to-month,yes,credit_card_(automatic),98.7,2249.1,no
male,0,yes,no,70,yes,no,fiber_optic,yes,yes,yes,yes,no,yes,two_year,no,credit_card_(automatic),101.0,7085.5,no
female,0,no,no,3,yes,no,dsl,no,no,no,no,yes,no,month-to-month,yes,electronic_check,54.2,140.4,no
female,0,no,no,71,yes,yes,fiber_optic,yes,yes,yes,yes,yes,yes,two_year,yes,credit_card_(automatic),113.15,7993.3,no
female,0,no,no,24,yes,yes,no,no_internet_service,no_internet_service,no_internet_service,no_internet_service,no_internet_service,no_internet_service,one_year,no,bank_transfer_(automatic),24.6,605.25,no
male,0,no,no,9,yes,no,no,no_internet_service,no_internet_service,no_internet_service,no_internet_service,no_internet_service,no_internet_service,one_year,yes,electronic_check,19.9,164.6,no
female,0,yes,yes,69,no,no_phone_service,dsl,yes,no,yes,no,no,yes,two_year,yes,credit_card_(automatic),43.95,2960.1,no
male,0,yes,yes,48,yes,yes,no,no_internet_service,no_internet_service,no_internet_service,no_internet_service,no_internet_service,no_internet_service,two_year,no,mailed_check,23.55,1173.35,no
female,0,no,no,10,yes,no,dsl,no,no,no,no,no,no,month-to-month,no,mailed_check,45.25,428.7,no
male,1,yes,no,70,yes,yes,fiber_optic,no,yes,yes,no,yes,yes,one_year,yes,electronic_check,104.8,7308.95,no
male,0,no,no,29,yes,no,dsl,no,no,yes,no,no,no,month-to-month,no,bank_transfer_(automatic),48.95,1323.7,no
female,1,no,no,49,yes,no,dsl,no,no,no,no,no,no,month-to-month,no,mailed_check,43.8,2106.05,no
male,0,yes,no,40,yes,no,fiber_optic,no,yes,yes,no,no,no,one_year,no,electronic_check,80.8,3132.75,no
male,0,no,no,20,yes,no,fiber_optic,no,no,no,no,yes,no,month-to-month,no,electronic_check,78.8,1641.3,no
female,0,yes,yes,46,yes,no,no,no_internet_service,no_internet_service,no_internet_service,no_internet_service,no_internet_service,no_internet_service,two_year,yes,mailed_check,19.25,864.2,no
female,1,no,no,1,yes,no,fiber_optic,no,no,no,no,no,no,month-to-month,yes,electronic_check,69.25,69.25,yes
male,0,no,yes,12,yes,no,no,no_internet_service,no_internet_service,no_internet_service,no_internet_service,no_internet_service,no_internet_service,two_year,no,bank_transfer_(automatic),19.35,212.3,no
female,1,no,no,13,yes,yes,fiber_optic,yes,no,no,no,yes,yes,month-to-month,yes,electronic_check,100.8,1308.1,yes
male,0,yes,no,71,yes,yes,fiber_optic,yes,yes,yes,no,yes,no,two_year,yes,electronic_check,99.0,6994.6,no
male,1,no,no,2,yes,no,dsl,no,no,no,no,no,no,month-to-month,yes,electronic_check,44.15,92.65,yes
female,0,yes,no,69,yes,yes,no,no_internet_service,no_internet_service,no_internet_service,no_internet_service,no_internet_service,no_internet_service,one_year,yes,electronic_check,26.3,1763.55,no
female,1,yes,no,72,yes,yes,fiber_optic,yes,no,yes,yes,yes,yes,two_year,yes,mailed_check,109.75,8075.35,no
female,0,no,no,30,yes,yes,fiber_optic,no,yes,no,no,yes,yes,month-to-month,yes,electronic_check,100.2,2983.8,yes
male,0,no,no,9,yes,no,dsl,no,no,no,no,no,no,month-to-month,no,mailed_check,44.95,431.0,yes
male,0,no,no,22,yes,yes,fiber_optic,yes,no,no,no,yes,yes,month-to-month,yes,bank_transfer_(automatic),101.35,2317.1,yes
male,0,no,no,10,yes,no,fiber_optic,yes,no,yes,no,yes,yes,one_year,yes,electronic_check,98.9,1064.95,no
male,0,yes,yes,47,yes,yes,fiber_optic,no,no,yes,yes,yes,yes,month-to-month,yes,bank_transfer_(automatic),107.35,5118.95,yes
female,1,no,no,46,yes,no,fiber_optic,no,yes,yes,no,yes,no,one_year,yes,bank_transfer_(automatic),91.3,4126.35,no
male,0,no,yes,19,no,no_phone_service,dsl,no,no,no,no,no,no,month-to-month,yes,credit_card_(automatic),25.35,566.1,no
male,1,yes,no,72,yes,yes,fiber_optic,yes,yes,yes,yes,yes,yes,month-to-month,yes,credit_card_(automatic),112.9,8061.5,no
male,0,yes,no,7,no,no_phone_service,dsl,yes,yes,no,no,no,no,month-to-month,no,mailed_check,34.2,256.6,no
female,1,no,no,71,yes,yes,fiber_optic,yes,yes,no,yes,yes,no,one_year,yes,credit_card_(automatic),99.65,7181.25,no
male,0,yes,yes,10,yes,no,dsl,no,no,yes,no,yes,no,month-to-month,no,mailed_check,60.2,563.5,no
male,0,no,no,21,yes,no,dsl,no,no,yes,no,no,yes,month-to-month,no,mailed_check,61.65,1393.6,no
female,1,no,no,1,yes,no,fiber_optic,no,no,no,no,no,no,month-to-month,yes,electronic_check,71.15,71.15,yes
male,0,no,no,15,yes,yes,dsl,no,no,no,no,no,no,month-to-month,yes,electronic_check,49.0,749.25,no
female,0,yes,no,72,yes,no,dsl,yes,yes,yes,yes,yes,yes,two_year,no,mailed_check,85.1,6155.4,no
male,1,yes,no,46,no,no_phone_service,dsl,no,yes,yes,yes,yes,yes,one_year,yes,bank_transfer_(automatic),59.9,2816.65,yes
female,0,no,no,48,yes,yes,fiber_optic,no,no,yes,yes,yes,yes,month-to-month,yes,electronic_check,103.85,4946.05,no
female,0,no,no,35,yes,yes,fiber_optic,no,no,no,yes,no,no,month-to-month,no,credit_card_(automatic),80.05,2835.9,no
male,0,no,yes,27,yes,no,dsl,yes,yes,no,no,no,no,one_year,no,mailed_check,56.2,1567.55,no
female,0,no,no,3,yes,no,fiber_optic,no,yes,no,no,yes,yes,month-to-month,no,electronic_check,95.4,293.15,no
female,0,no,no,7,yes,no,no,no_internet_service,no_internet_service,no_internet_service,no_internet_service,no_internet_service,no_internet_service,month-to-month,no,bank_transfer_(automatic),20.0,137.6,yes
male,0,no,no,5,yes,no,no,no_internet_service,no_internet_service,no_internet_service,no_internet_service,no_internet_service,no_internet_service,month-to-month,no,mailed_check,20.25,109.8,no
male,1,yes,yes,29,yes,yes,fiber_optic,no,no,yes,no,yes,yes,month-to-month,yes,electronic_check,103.95,2964.8,no
female,0,no,no,1,no,no_phone_service,dsl,no,yes,no,no,no,no,month-to-month,no,bank_transfer_(automatic),29.95,29.95,yes
female,0,no,no,4,yes,no,dsl,yes,no,no,no,no,no,month-to-month,yes,bank_transfer_(automatic),50.55,235.65,no
male,0,no,no,32,yes,yes,fiber_optic,yes,yes,no,yes,yes,yes,month-to-month,yes,credit_card_(automatic),108.15,3432.9,yes
female,0,yes,yes,1,yes,no,fiber_optic,no,yes,no,no,no,no,month-to-month,yes,electronic_check,74.7,74.7,yes
male,0,yes,yes,62,yes,no,fiber_optic,yes,yes,yes,yes,yes,yes,two_year,no,mailed_check,108.15,6825.65,no
female,0,yes,yes,49,yes,yes,fiber_optic,no,yes,no,no,yes,yes,one_year,no,mailed_check,100.45,4941.8,yes
male,0,no,no,52,yes,no,fiber_optic,yes,no,yes,no,yes,no,one_year,no,electronic_check,91.25,4738.3,no
male,0,yes,no,66,no,no_phone_service,dsl,yes,yes,yes,yes,yes,no,two_year,yes,bank_transfer_(automatic),56.6,3789.2,no
female,0,yes,yes,34,yes,yes,fiber_optic,no,no,yes,no,yes,no,month-to-month,no,electronic_check,87.45,2874.15,yes
female,0,yes,yes,67,yes,yes,fiber_optic,no,yes,no,yes,yes,no,two_year,no,credit_card_(automatic),94.1,6302.8,no
female,0,no,no,43,yes,no,dsl,no,yes,no,yes,no,no,one_year,no,electronic_check,55.45,2444.25,no
female,0,no,no,60,yes,yes,no,no_internet_service,no_internet_service,no_internet_service,no_internet_service,no_internet_service,no_internet_service,two_year,no,mailed_check,25.0,1505.05,no
male,0,yes,yes,67,no,no_phone_service,dsl,yes,no,no,no,yes,yes,two_year,no,credit_card_(automatic),50.9,3281.65,no
male,0,no,no,59,no,no_phone_service,dsl,no,no,no,yes,yes,yes,month-to-month,yes,electronic_check,51.7,3005.8,no
female,0,yes,yes,42,yes,no,fiber_optic,no,no,yes,no,yes,yes,month-to-month,yes,electronic_check,92.15,3875.4,no
male,1,yes,no,4,yes,no,fiber_optic,no,no,no,no,no,no,month-to-month,yes,electronic_check,70.2,280.35,no
male,0,yes,no,47,yes,yes,fiber_optic,no,no,no,no,yes,yes,one_year,yes,credit_card_(automatic),95.2,4563.0,no
female,1,yes,no,35,yes,yes,fiber_optic,yes,yes,no,yes,yes,no,month-to-month,yes,bank_transfer_(automatic),100.5,3653.35,yes
female,0,no,no,25,no,no_phone_service,dsl,no,no,yes,no,yes,yes,month-to-month,yes,electronic_check,48.25,1293.8,no
female,0,yes,no,72,yes,yes,fiber_optic,yes,no,no,no,no,no,two_year,no,bank_transfer_(automatic),80.45,5737.6,no
female,0,no,no,1,yes,no,dsl,no,no,no,no,no,no,month-to-month,no,mailed_check,45.15,45.15,no
female,1,yes,no,43,yes,yes,fiber_optic,no,no,yes,yes,yes,yes,one_year,yes,electronic_check,107.55,4533.9,yes
female,0,no,no,5,yes,no,fiber_optic,no,no,no,yes,no,no,month-to-month,yes,mailed_check,75.65,399.45,no
female,0,yes,no,8,yes,yes,fiber_optic,no,no,no,no,no,yes,month-to-month,yes,credit_card_(automatic),85.2,627.4,yes
female,0,yes,no,46,no,no_phone_service,dsl,no,no,no,no,yes,yes,month-to-month,yes,electronic_check,43.95,2007.85,no
male,0,yes,no,65,yes,yes,dsl,yes,yes,yes,no,no,no,one_year,no,credit_card_(automatic),67.05,4309.55,no
female,0,no,no,34,yes,no,dsl,yes,no,yes,yes,yes,yes,one_year,yes,bank_transfer_(automatic),79.95,2727.3,no
female,0,yes,no,63,yes,yes,fiber_optic,no,yes,no,no,no,no,month-to-month,yes,bank_transfer_(automatic),81.55,5029.05,no
male,0,no,no,51,yes,yes,dsl,yes,no,no,yes,no,no,one_year,no,credit_card_(automatic),59.9,3043.6,no
male,0,yes,yes,9,no,no_phone_service,dsl,no,yes,no,no,no,no,month-to-month,yes,electronic_check,29.95,248.95,yes
female,1,yes,no,25,yes,no,fiber_optic,no,no,no,no,no,no,month-to-month,yes,electronic_check,69.3,1813.1,no
female,0,no,no,5,yes,no,no,no_internet_service,no_internet_service,no_internet_service,no_internet_service,no_internet_service,no_internet_service,month-to-month,no,credit_card_(automatic),19.85,108.05,yes
male,1,no,no,65,yes,yes,fiber_optic,yes,no,yes,yes,yes,yes,two_year,yes,electronic_check,109.05,7108.2,no
female,1,yes,yes,28,no,no_phone_service,dsl,no,no,no,no,yes,no,month-to-month,yes,electronic_check,35.9,973.65,no
male,0,yes,no,71,yes,yes,fiber_optic,no,yes,yes,no,no,yes,month-to-month,yes,bank_transfer_(automatic),93.25,6669.45,no
female,0,yes,yes,67,yes,no,no,no_internet_service,no_internet_service,no_internet_service,no_internet_service,no_internet_service,no_internet_service,two_year,yes,bank_transfer_(automatic),19.25,1372.9,no
male,0,no,no,1,yes,no,no,no_internet_service,no_internet_service,no_internet_service,no_internet_service,no_internet_service,no_internet_service,month-to-month,no,mailed_check,20.45,20.45,no
male,0,no,no,3,yes,no,fiber_optic,no,no,no,no,yes,no,month-to-month,yes,electronic_check,78.5,242.05,yes
male,0,no,no,62,yes,no,no,no_internet_service,no_internet_service,no_internet_service,no_internet_service,no_internet_service,no_internet_service,two_year,no,bank_transfer_(automatic),19.85,1253.65,no
male,0,no,no,35,yes,no,no,no_internet_service,no_internet_service,no_internet_service,no_internet_service,no_internet_service,no_internet_service,one_year,yes,mailed_check,19.15,638.0,no
female,0,yes,no,72,yes,no,no,no_internet_service,no_internet_service,no_internet_service,no_internet_service,no_internet_service,no_internet_service,two_year,no,bank_transfer_(automatic),20.05,1423.65,no
male,0,no,no,71,yes,yes,no,no_internet_service,no_internet_service,no_internet_service,no_internet_service,no_internet_service,no_internet_service,two_year,no,bank_transfer_(automatic),25.55,1898.1,no
male,1,yes,no,71,yes,yes,no,no_internet_service,no_internet_service,no_internet_service,no_internet_service,no_internet_service,no_internet_service,two_year,no,bank_transfer_(automatic),24.85,1901.0,no
male,0,no,yes,10,yes,no,no,no_internet_service,no_internet_service,no_internet_service,no_internet_service,no_internet_service,no_internet_service,one_year,yes,bank_transfer_(automatic),19.95,219.5,no
female,0,yes,yes,32,yes,yes,fiber_optic,no,yes,no,no,yes,yes,month-to-month,yes,electronic_check,98.85,3089.6,no
female,0,no,no,3,yes,no,fiber_optic,no,no,no,no,yes,no,month-to-month,yes,electronic_check,80.5,232.35,no
female,0,no,no,20,yes,no,dsl,no,no,no,no,no,no,month-to-month,yes,electronic_check,44.35,927.15,no
female,0,no,no,17,yes,yes,fiber_optic,yes,yes,no,no,yes,no,month-to-month,yes,electronic_check,94.4,1617.5,yes
male,1,yes,no,68,no,no_phone_service,dsl,yes,yes,yes,no,no,no,two_year,yes,electronic_check,41.95,2965.75,no
male,0,no,no,7,yes,yes,fiber_optic,no,no,no,no,yes,yes,month-to-month,yes,electronic_check,93.85,635.6,yes
female,0,yes,yes,63,yes,yes,fiber_optic,yes,no,no,no,yes,yes,one_year,yes,credit_card_(automatic),99.65,6311.2,no
male,0,no,no,22,yes,yes,fiber_optic,no,no,no,no,yes,yes,month-to-month,yes,credit_card_(automatic),94.65,2104.55,yes
male,0,no,no,12,yes,yes,no,no_internet_service,no_internet_service,no_internet_service,no_internet_service,no_internet_service,no_internet_service,one_year,no,credit_card_(automatic),24.95,280.4,no
male,0,yes,yes,11,yes,yes,dsl,yes,no,no,no,yes,no,month-to-month,yes,bank_transfer_(automatic),65.15,723.35,no
male,0,yes,yes,70,yes,yes,fiber_optic,yes,yes,yes,yes,yes,yes,two_year,no,credit_card_(automatic),114.75,7842.3,no
female,0,yes,yes,9,yes,no,dsl,yes,no,no,no,no,no,one_year,no,mailed_check,48.6,422.3,no
male,0,no,yes,38,yes,yes,fiber_optic,no,no,yes,no,yes,yes,month-to-month,yes,bank_transfer_(automatic),99.25,3777.15,yes
male,0,no,no,2,yes,yes,fiber_optic,no,yes,no,no,no,no,month-to-month,yes,electronic_check,79.45,145.15,no
female,0,yes,yes,65,yes,yes,fiber_optic,no,yes,yes,yes,yes,yes,two_year,yes,credit_card_(automatic),110.8,7245.9,no
female,0,yes,no,71,yes,yes,dsl,no,no,yes,yes,yes,yes,two_year,yes,bank_transfer_(automatic),80.45,5662.25,no
male,0,no,no,20,yes,no,no,no_internet_service,no_internet_service,no_internet_service,no_internet_service,no_internet_service,no_internet_service,one_year,yes,mailed_check,19.7,415.9,no
male,0,yes,yes,37,no,no_phone_service,dsl,yes,no,yes,yes,no,no,one_year,yes,electronic_check,40.2,1525.35,no
female,0,yes,yes,16,yes,no,dsl,yes,yes,no,yes,no,yes,two_year,no,bank_transfer_(automatic),68.25,1114.85,no
male,0,no,no,5,yes,no,dsl,yes,no,no,yes,no,no,month-to-month,yes,mailed_check,55.75,266.95,no
female,1,no,no,27,yes,yes,fiber_optic,no,no,yes,no,no,yes,month-to-month,no,credit_card_(automatic),88.3,2467.75,yes
female,0,yes,yes,67,yes,yes,fiber_optic,no,yes,yes,yes,yes,yes,one_year,yes,credit_card_(automatic),112.35,7388.45,no
female,0,no,no,52,yes,yes,dsl,yes,no,yes,yes,yes,no,one_year,no,credit_card_(automatic),74.0,3877.65,no
female,0,no,no,18,yes,yes,dsl,no,no,no,no,no,no,month-to-month,yes,electronic_check,50.3,913.3,no
female,0,no,no,1,no,no_phone_service,dsl,no,no,no,no,no,no,month-to-month,no,mailed_check,25.2,25.2,yes
male,1,yes,yes,71,yes,no,no,no_internet_service,no_internet_service,no_internet_service,no_internet_service,no_internet_service,no_internet_service,two_year,no,credit_card_(automatic),19.8,1388.45,no
female,0,yes,yes,61,no,no_phone_service,dsl,yes,yes,no,yes,no,yes,one_year,yes,bank_transfer_(automatic),50.7,3088.75,no
female,0,yes,no,30,yes,yes,fiber_optic,no,no,no,no,no,yes,month-to-month,yes,electronic_check,85.0,2624.25,yes
female,0,no,yes,41,yes,yes,fiber_optic,no,yes,no,no,yes,no,month-to-month,yes,bank_transfer_(automatic),88.5,3645.05,no
male,0,no,no,41,yes,yes,dsl,no,no,yes,no,no,no,month-to-month,yes,bank_transfer_(automatic),55.7,2237.55,no
male,1,yes,no,1,yes,yes,fiber_optic,no,no,no,no,yes,yes,month-to-month,yes,electronic_check,95.1,95.1,yes
male,0,no,no,27,yes,yes,dsl,no,no,yes,yes,no,no,month-to-month,no,electronic_check,59.45,1611.65,no
female,0,yes,yes,12,yes,no,dsl,no,no,yes,no,yes,no,month-to-month,yes,credit_card_(automatic),58.35,740.55,no
female,0,no,no,7,yes,no,no,no_internet_service,no_internet_service,no_internet_service,no_internet_service,no_internet_service,no_internet_service,month-to-month,no,mailed_check,19.3,144.95,no
female,0,no,no,6,no,no_phone_service,dsl,yes,yes,no,yes,no,yes,month-to-month,no,credit_card_(automatic),50.95,307.6,no
male,0,yes,yes,65,yes,no,no,no_internet_service,no_internet_service,no_internet_service,no_internet_service,no_internet_service,no_internet_service,two_year,no,mailed_check,19.9,1292.6,no
female,1,no,no,63,yes,yes,fiber_optic,no,no,yes,no,no,yes,month-to-month,yes,bank_transfer_(automatic),89.6,5538.8,no
male,0,yes,yes,68,yes,no,fiber_optic,yes,no,yes,no,no,no,two_year,no,credit_card_(automatic),80.35,5375.15,no
male,0,no,no,49,yes,yes,fiber_optic,no,yes,yes,no,yes,yes,month-to-month,yes,bank_transfer_(automatic),103.7,5036.3,yes
male,0,yes,no,72,yes,yes,no,no_internet_service,no_internet_service,no_internet_service,no_internet_service,no_internet_service,no_internet_service,two_year,yes,bank_transfer_(automatic),23.55,1723.95,no
male,0,no,no,12,yes,yes,fiber_optic,no,no,no,no,yes,no,month-to-month,yes,electronic_check,84.45,1059.55,yes
female,1,no,no,49,yes,yes,fiber_optic,yes,no,no,no,yes,yes,month-to-month,no,credit_card_(automatic),101.55,5070.4,no
female,0,no,no,2,yes,no,fiber_optic,yes,yes,no,no,yes,no,month-to-month,yes,electronic_check,91.15,168.5,no
male,0,no,no,1,yes,no,no,no_internet_service,no_internet_service,no_internet_service,no_internet_service,no_internet_service,no_internet_service,month-to-month,no,mailed_check,20.1,20.1,yes
male,1,yes,no,30,yes,yes,fiber_optic,no,no,no,yes,yes,yes,month-to-month,yes,electronic_check,101.5,2917.65,no
female,1,yes,no,72,yes,yes,dsl,yes,yes,yes,yes,no,yes,two_year,no,bank_transfer_(automatic),78.45,5682.25,no
female,0,no,no,20,yes,no,no,no_internet_service,no_internet_service,no_internet_service,no_internet_service,no_internet_service,no_internet_service,one_year,no,mailed_check,19.5,403.15,no
male,0,yes,no,72,yes,yes,dsl,yes,yes,yes,yes,yes,yes,two_year,yes,credit_card_(automatic),88.7,6301.7,no
male,0,no,no,1,yes,no,fiber_optic,no,no,no,no,no,yes,month-to-month,no,electronic_check,79.9,79.9,yes
female,1,yes,no,61,yes,yes,fiber_optic,no,yes,yes,no,yes,yes,one_year,yes,credit_card_(automatic),104.4,6405.0,yes
female,0,yes,yes,69,yes,yes,fiber_optic,no,yes,no,yes,no,yes,two_year,yes,bank_transfer_(automatic),93.3,6398.05,no
female,0,yes,no,53,yes,yes,fiber_optic,no,yes,yes,yes,yes,yes,one_year,yes,bank_transfer_(automatic),111.8,5809.75,no
male,1,no,no,2,yes,no,no,no_internet_service,no_internet_service,no_internet_service,no_internet_service,no_internet_service,no_internet_service,month-to-month,no,electronic_check,19.2,37.2,no
female,0,yes,no,56,yes,no,fiber_optic,yes,yes,yes,no,yes,yes,one_year,yes,credit_card_(automatic),105.6,6068.65,no
male,0,yes,yes,46,yes,no,dsl,yes,no,yes,yes,no,no,one_year,no,mailed_check,56.9,2560.1,no
male,0,no,no,41,yes,yes,fiber_optic,no,yes,no,no,yes,no,month-to-month,yes,electronic_check,89.2,3645.75,no
female,0,no,no,12,no,no_phone_service,dsl,yes,no,no,yes,no,no,one_year,yes,mailed_check,33.6,435.45,no
female,0,yes,yes,20,yes,no,no,no_internet_service,no_internet_service,no_internet_service,no_internet_service,no_internet_service,no_internet_service,month-to-month,no,mailed_check,20.05,406.05,no
female,0,yes,yes,72,no,no_phone_service,dsl,yes,yes,yes,yes,yes,yes,two_year,yes,credit_card_(automatic),65.2,4784.45,no
male,1,no,no,24,yes,yes,fiber_optic,no,yes,no,no,yes,yes,month-to-month,yes,electronic_check,101.25,2440.15,yes
male,1,no,no,1,yes,yes,fiber_optic,no,no,no,no,no,no,month-to-month,yes,electronic_check,76.45,76.45,yes
female,0,yes,yes,24,yes,yes,no,no_internet_service,no_internet_service,no_internet_service,no_internet_service,no_internet_service,no_internet_service,two_year,no,mailed_check,24.7,571.75,no
male,1,yes,no,63,no,no_phone_service,dsl,yes,no,no,yes,no,no,one_year,no,bank_transfer_(automatic),36.1,2298.9,no
female,0,yes,yes,68,yes,yes,fiber_optic,no,yes,no,yes,no,no,one_year,yes,bank_transfer_(automatic),83.65,5733.4,no
male,0,no,no,10,yes,no,no,no_internet_service,no_internet_service,no_internet_service,no_internet_service,no_internet_service,no_internet_service,one_year,no,mailed_check,19.5,225.85,no
female,0,no,no,7,yes,no,fiber_optic,no,no,no,no,yes,no,month-to-month,yes,electronic_check,79.7,586.05,yes
female,1,no,no,2,yes,no,dsl,yes,yes,no,no,no,no,month-to-month,no,mailed_check,54.85,104.2,yes
female,0,no,no,54,yes,yes,fiber_optic,no,yes,yes,yes,yes,yes,month-to-month,no,electronic_check,111.1,6014.85,yes
male,1,no,no,52,yes,yes,fiber_optic,no,no,no,no,no,no,month-to-month,yes,bank_transfer_(automatic),72.95,3829.75,no
male,0,yes,yes,42,no,no_phone_service,dsl,yes,no,yes,yes,yes,no,two_year,no,credit_card_(automatic),48.15,2032.3,no
male,0,yes,yes,37,yes,no,fiber_optic,no,no,no,no,yes,yes,one_year,no,credit_card_(automatic),91.2,3247.55,no
female,0,yes,yes,23,yes,no,no,no_internet_service,no_internet_service,no_internet_service,no_internet_service,no_internet_service,no_internet_service,one_year,no,mailed_check,20.05,415.1,no
male,0,yes,yes,66,yes,no,no,no_internet_service,no_internet_service,no_internet_service,no_internet_service,no_internet_service,no_internet_service,one_year,yes,electronic_check,20.35,1359.5,no
female,0,no,no,1,yes,no,fiber_optic,no,no,no,no,no,no,month-to-month,yes,electronic_check,70.25,70.25,no
female,0,no,no,1,yes,no,dsl,no,no,no,no,yes,no,month-to-month,yes,electronic_check,54.65,54.65,no
female,0,no,no,1,yes,no,dsl,no,no,no,no,no,no,month-to-month,no,electronic_check,45.15,45.15,yes
male,0,yes,yes,25,yes,no,no,no_internet_service,no_internet_service,no_internet_service,no_internet_service,no_internet_service,no_internet_service,month-to-month,yes,mailed_check,19.15,477.6,no
female,0,yes,yes,57,yes,no,dsl,yes,yes,no,no,no,no,one_year,no,electronic_check,53.45,3053.0,no
female,0,yes,no,22,yes,no,fiber_optic,no,no,no,no,no,no,month-to-month,yes,electronic_check,69.25,1554.0,yes
female,0,no,no,1,no,no_phone_service,dsl,yes,no,no,no,no,no,month-to-month,no,mailed_check,29.9,29.9,no
male,1,no,no,18,yes,yes,fiber_optic,no,no,yes,yes,yes,no,month-to-month,no,bank_transfer_(automatic),93.9,1743.9,no
female,0,no,no,46,yes,no,fiber_optic,no,yes,yes,yes,yes,yes,two_year,yes,bank_transfer_(automatic),104.4,4904.2,no
male,1,no,no,15,yes,yes,fiber_optic,no,no,no,no,no,no,month-to-month,no,electronic_check,75.65,1146.65,yes
male,0,yes,yes,23,yes,no,dsl,yes,no,no,yes,no,no,one_year,no,credit_card_(automatic),57.2,1423.35,no
female,0,yes,no,2,yes,no,dsl,yes,no,no,no,no,yes,month-to-month,yes,mailed_check,62.15,113.1,no
male,0,yes,no,70,yes,yes,fiber_optic,yes,yes,no,yes,no,no,two_year,yes,credit_card_(automatic),88.0,5986.45,no
male,0,yes,yes,70,yes,yes,no,no_internet_service,no_internet_service,no_internet_service,no_internet_service,no_internet_service,no_internet_service,two_year,no,mailed_check,25.35,1715.15,no
female,0,no,no,2,no,no_phone_service,dsl,no,yes,no,no,yes,yes,month-to-month,no,electronic_check,51.4,96.8,no
male,0,yes,yes,69,yes,yes,no,no_internet_service,no_internet_service,no_internet_service,no_internet_service,no_internet_service,no_internet_service,two_year,no,bank_transfer_(automatic),24.45,1718.2,no
male,0,yes,no,1,no,no_phone_service,dsl,no,no,yes,no,yes,yes,month-to-month,yes,electronic_check,50.35,50.35,yes
male,0,no,no,44,yes,no,no,no_internet_service,no_internet_service,no_internet_service,no_internet_service,no_internet_service,no_internet_service,two_year,no,mailed_check,20.05,845.25,no
female,1,no,no,71,yes,yes,fiber_optic,no,yes,no,no,yes,yes,month-to-month,yes,credit_card_(automatic),99.65,6951.15,no
male,1,yes,yes,8,yes,no,fiber_optic,no,no,no,no,yes,no,month-to-month,yes,credit_card_(automatic),80.45,583.45,yes
male,1,no,no,71,yes,yes,fiber_optic,no,yes,no,yes,yes,yes,two_year,yes,electronic_check,106.8,7623.2,no
female,0,no,no,3,yes,yes,fiber_optic,no,no,no,no,no,no,month-to-month,yes,credit_card_(automatic),75.1,270.7,yes
male,0,no,no,1,yes,yes,dsl,no,no,yes,yes,no,no,month-to-month,no,mailed_check,62.05,62.05,yes
male,0,no,no,12,yes,no,fiber_optic,no,no,yes,no,yes,yes,one_year,no,electronic_check,95.7,1184.0,no
male,0,no,no,10,yes,no,dsl,no,no,no,no,no,no,month-to-month,yes,credit_card_(automatic),44.85,435.4,yes
male,0,no,no,1,yes,no,fiber_optic,no,no,no,no,yes,no,month-to-month,yes,electronic_check,79.5,79.5,yes
female,0,no,no,16,yes,yes,dsl,no,no,yes,no,no,yes,month-to-month,yes,credit_card_(automatic),65.2,1043.35,yes
male,0,no,no,17,yes,no,dsl,yes,yes,no,no,no,no,month-to-month,yes,credit_card_(automatic),55.5,934.15,no
female,1,yes,no,14,yes,yes,fiber_optic,no,yes,no,no,yes,yes,month-to-month,yes,electronic_check,100.2,1369.8,yes
male,0,no,no,15,yes,yes,no,no_internet_service,no_internet_service,no_internet_service,no_internet_service,no_internet_service,no_internet_service,month-to-month,yes,electronic_check,26.35,378.6,no
female,0,yes,yes,47,yes,no,no,no_internet_service,no_internet_service,no_internet_service,no_internet_service,no_internet_service,no_internet_service,two_year,no,credit_card_(automatic),20.25,873.4,no
male,0,no,no,10,yes,no,dsl,no,no,no,no,no,no,month-to-month,no,mailed_check,46.0,492.1,no
male,0,no,no,1,yes,no,no,no_internet_service,no_internet_service,no_internet_service,no_internet_service,no_internet_service,no_internet_service,month-to-month,no,mailed_check,20.2,20.2,no
female,0,yes,no,47,yes,yes,no,no_internet_service,no_internet_service,no_internet_service,no_internet_service,no_internet_service,no_internet_service,one_year,no,electronic_check,26.9,1250.85,no
female,0,yes,yes,4,yes,yes,fiber_optic,no,yes,no,no,yes,yes,month-to-month,yes,electronic_check,97.95,384.5,yes
female,0,yes,yes,25,yes,no,no,no_internet_service,no_internet_service,no_internet_service,no_internet_service,no_internet_service,no_internet_service,one_year,no,mailed_check,20.05,520.1,no
male,0,yes,yes,65,yes,yes,dsl,yes,yes,yes,no,no,yes,one_year,no,credit_card_(automatic),72.45,4653.85,yes
male,0,no,yes,39,yes,no,no,no_internet_service,no_internet_service,no_internet_service,no_internet_service,no_internet_service,no_internet_service,one_year,no,bank_transfer_(automatic),19.35,779.2,no
female,0,no,no,25,yes,no,no,no_internet_service,no_internet_service,no_internet_service,no_internet_service,no_internet_service,no_internet_service,month-to-month,no,mailed_check,19.05,461.3,no
female,0,no,no,32,yes,yes,fiber_optic,no,no,no,no,yes,no,one_year,no,electronic_check,84.05,2781.85,yes
male,0,no,yes,37,yes,no,dsl,yes,yes,no,yes,no,no,two_year,no,credit_card_(automatic),61.45,2302.35,no
female,0,no,no,48,yes,yes,fiber_optic,no,yes,yes,no,yes,yes,month-to-month,yes,bank_transfer_(automatic),107.4,5121.3,yes
male,0,yes,no,72,yes,no,dsl,yes,yes,no,yes,yes,yes,two_year,yes,bank_transfer_(automatic),79.35,5753.25,no
female,0,yes,no,8,yes,yes,fiber_optic,no,no,no,no,no,yes,month-to-month,yes,electronic_check,84.9,764.95,yes
female,0,yes,yes,1,yes,no,dsl,no,no,yes,no,no,no,month-to-month,no,mailed_check,50.45,50.45,yes
female,0,yes,no,21,yes,no,fiber_optic,no,no,yes,yes,no,no,one_year,no,electronic_check,79.2,1742.45,no
female,0,no,no,60,yes,yes,dsl,yes,no,yes,yes,no,no,one_year,no,electronic_check,64.75,4039.5,no
male,0,yes,yes,72,yes,yes,dsl,yes,yes,yes,yes,yes,yes,two_year,yes,mailed_check,89.4,6376.55,no
female,0,no,no,24,yes,yes,no,no_internet_service,no_internet_service,no_internet_service,no_internet_service,no_internet_service,no_internet_service,two_year,no,credit_card_(automatic),25.15,553.0,no
female,0,no,no,62,yes,yes,fiber_optic,yes,yes,yes,no,no,no,one_year,yes,electronic_check,92.05,5755.8,no
male,0,yes,yes,35,yes,yes,no,no_internet_service,no_internet_service,no_internet_service,no_internet_service,no_internet_service,no_internet_service,two_year,no,bank_transfer_(automatic),25.45,809.25,no
female,0,yes,yes,72,yes,yes,fiber_optic,no,yes,yes,yes,yes,yes,two_year,yes,bank_transfer_(automatic),109.2,7711.45,no
male,0,no,no,32,yes,no,fiber_optic,no,no,no,no,yes,yes,month-to-month,no,electronic_check,91.05,2871.5,no
male,0,no,no,17,yes,no,fiber_optic,yes,no,no,no,yes,yes,month-to-month,no,electronic_check,93.85,1625.65,yes
female,0,no,no,1,yes,no,no,no_internet_service,no_internet_service,no_internet_service,no_internet_service,no_internet_service,no_internet_service,month-to-month,yes,mailed_check,20.25,20.25,yes
male,0,yes,no,72,yes,yes,fiber_optic,yes,yes,yes,yes,yes,yes,two_year,no,bank_transfer_(automatic),115.15,8349.45,no
male,0,no,no,4,yes,no,dsl,no,no,no,no,no,no,month-to-month,yes,electronic_check,45.9,199.75,no
female,0,no,no,1,yes,no,fiber_optic,no,no,no,no,no,no,month-to-month,no,mailed_check,70.75,70.75,yes
male,1,yes,no,32,yes,yes,fiber_optic,no,no,yes,yes,yes,yes,month-to-month,yes,electronic_check,104.9,3351.55,yes
male,1,no,no,3,yes,yes,fiber_optic,no,yes,no,no,no,no,month-to-month,yes,electronic_check,81.35,233.7,yes
female,0,no,no,64,yes,yes,dsl,yes,yes,yes,yes,yes,yes,two_year,yes,credit_card_(automatic),86.4,5442.05,no
female,0,yes,no,66,yes,yes,fiber_optic,no,yes,yes,yes,no,no,one_year,yes,bank_transfer_(automatic),90.55,6130.95,no
male,0,yes,yes,24,yes,yes,no,no_internet_service,no_internet_service,no_internet_service,no_internet_service,no_internet_service,no_internet_service,two_year,no,mailed_check,24.2,609.05,no
male,0,no,no,1,yes,no,no,no_internet_service,no_internet_service,no_internet_service,no_internet_service,no_internet_service,no_internet_service,month-to-month,no,mailed_check,19.75,19.75,no
male,0,yes,yes,40,yes,no,fiber_optic,no,no,yes,no,yes,no,one_year,yes,electronic_check,85.05,3355.65,no
female,0,yes,yes,23,yes,yes,dsl,no,yes,no,yes,yes,no,month-to-month,yes,credit_card_(automatic),69.5,1652.1,no
male,0,no,no,4,yes,yes,no,no_internet_service,no_internet_service,no_internet_service,no_internet_service,no_internet_service,no_internet_service,month-to-month,no,mailed_check,25.25,101.9,no
male,0,no,yes,13,yes,no,dsl,yes,no,no,no,no,no,month-to-month,yes,credit_card_(automatic),52.1,670.65,no
female,0,no,no,5,yes,yes,dsl,yes,no,no,no,no,no,month-to-month,yes,electronic_check,53.8,283.95,no
male,0,no,no,54,yes,yes,fiber_optic,yes,yes,no,yes,yes,yes,two_year,yes,credit_card_(automatic),108.0,5760.65,no
female,0,yes,no,51,yes,yes,dsl,no,yes,no,yes,yes,yes,one_year,yes,credit_card_(automatic),78.65,3950.85,no
male,0,yes,yes,46,yes,no,no,no_internet_service,no_internet_service,no_internet_service,no_internet_service,no_internet_service,no_internet_service,two_year,yes,mailed_check,20.1,936.85,no
male,0,no,yes,1,yes,no,no,no_internet_service,no_internet_service,no_internet_service,no_internet_service,no_internet_service,no_internet_service,month-to-month,no,mailed_check,19.75,19.75,yes
male,1,yes,no,59,no,no_phone_service,dsl,no,yes,no,no,yes,yes,month-to-month,yes,electronic_check,50.25,2997.45,no
female,0,yes,yes,33,yes,no,fiber_optic,no,no,yes,no,yes,yes,one_year,yes,electronic_check,93.8,3124.5,yes
female,0,no,no,8,yes,yes,dsl,yes,yes,yes,no,no,no,month-to-month,yes,bank_transfer_(automatic),65.5,573.15,no
male,0,no,no,25,yes,no,fiber_optic,yes,no,yes,yes,yes,yes,month-to-month,yes,electronic_check,105.5,2686.05,no
female,0,no,no,2,yes,no,fiber_optic,no,no,no,no,yes,yes,month-to-month,yes,electronic_check,90.4,168.2,yes
female,0,no,no,12,yes,no,fiber_optic,yes,no,no,yes,yes,yes,month-to-month,yes,bank_transfer_(automatic),98.9,1120.95,yes
male,0,no,yes,1,yes,no,dsl,no,no,yes,no,no,no,month-to-month,no,electronic_check,48.95,48.95,yes
male,0,no,no,3,yes,no,dsl,no,no,no,no,no,no,month-to-month,no,mailed_check,45.45,141.7,no
male,0,no,no,31,yes,yes,dsl,no,yes,no,yes,yes,no,month-to-month,yes,electronic_check,71.05,2168.15,no
male,0,no,no,23,yes,no,fiber_optic,no,yes,no,no,yes,yes,month-to-month,no,mailed_check,95.3,2192.9,no
male,0,no,no,1,yes,yes,fiber_optic,no,no,no,no,yes,no,month-to-month,yes,mailed_check,84.65,84.65,yes
female,0,yes,no,70,yes,yes,fiber_optic,no,no,yes,no,yes,yes,one_year,yes,electronic_check,101.75,7069.3,no
female,0,no,no,71,yes,yes,fiber_optic,yes,yes,yes,no,yes,yes,two_year,yes,credit_card_(automatic),106.75,7283.25,no
male,0,yes,yes,41,yes,no,dsl,yes,yes,yes,no,no,no,one_year,yes,bank_transfer_(automatic),60.3,2511.3,no
male,0,yes,yes,71,yes,yes,fiber_optic,no,yes,no,yes,no,no,two_year,yes,electronic_check,84.8,6152.4,no
male,0,no,no,10,yes,no,no,no_internet_service,no_internet_service,no_internet_service,no_internet_service,no_internet_service,no_internet_service,month-to-month,yes,credit_card_(automatic),20.0,198.6,no
male,0,yes,yes,67,yes,yes,dsl,yes,yes,yes,yes,no,no,one_year,yes,credit_card_(automatic),69.35,4653.25,no
female,0,no,no,5,yes,no,no,no_internet_service,no_internet_service,no_internet_service,no_internet_service,no_internet_service,no_internet_service,month-to-month,no,mailed_check,20.15,117.95,no
female,0,yes,no,7,yes,no,dsl,yes,no,no,no,no,no,month-to-month,yes,bank_transfer_(automatic),50.3,355.1,no
female,1,yes,no,68,yes,yes,fiber_optic,no,yes,no,no,no,yes,month-to-month,yes,bank_transfer_(automatic),89.6,6127.6,yes
female,1,yes,no,3,yes,no,fiber_optic,no,yes,no,no,no,no,month-to-month,yes,bank_transfer_(automatic),74.6,239.05,no
female,0,no,no,2,yes,no,fiber_optic,yes,no,yes,no,no,no,month-to-month,yes,electronic_check,80.45,137.1,no
female,0,no,no,33,yes,no,fiber_optic,no,yes,no,yes,no,no,one_year,yes,bank_transfer_(automatic),79.95,2684.85,no
male,0,yes,yes,49,yes,yes,fiber_optic,no,no,no,no,yes,no,month-to-month,no,electronic_check,84.5,4254.85,yes
male,0,no,no,30,yes,no,fiber_optic,no,no,no,no,yes,yes,month-to-month,yes,electronic_check,90.25,2755.35,yes
female,0,yes,yes,5,yes,no,fiber_optic,no,yes,no,yes,yes,yes,month-to-month,yes,mailed_check,99.15,465.05,yes
male,0,no,yes,6,yes,no,no,no_internet_service,no_internet_service,no_internet_service,no_internet_service,no_internet_service,no_internet_service,month-to-month,no,mailed_check,19.65,100.9,no
female,1,no,no,8,yes,no,fiber_optic,no,no,yes,no,yes,yes,month-to-month,yes,electronic_check,92.1,729.95,yes
female,1,yes,yes,55,yes,yes,dsl,yes,no,yes,yes,yes,no,one_year,no,electronic_check,76.25,4154.55,no
male,0,no,no,1,yes,no,fiber_optic,no,no,no,no,yes,no,month-to-month,yes,electronic_check,79.55,79.55,yes
male,0,no,no,7,yes,yes,fiber_optic,no,yes,no,no,yes,yes,month-to-month,yes,electronic_check,99.8,673.25,yes
female,0,no,no,40,yes,yes,fiber_optic,no,no,yes,yes,yes,yes,one_year,yes,credit_card_(automatic),105.95,4335.2,no
female,0,yes,yes,60,yes,yes,fiber_optic,yes,yes,no,no,yes,no,one_year,no,bank_transfer_(automatic),94.15,5811.8,no
male,0,yes,no,61,yes,yes,fiber_optic,yes,yes,no,no,yes,yes,month-to-month,yes,electronic_check,106.2,6375.2,no
female,0,no,no,8,yes,yes,fiber_optic,no,no,no,no,no,no,month-to-month,yes,electronic_check,75.25,576.7,no
female,0,no,no,60,yes,yes,fiber_optic,no,yes,yes,no,yes,yes,two_year,no,electronic_check,104.7,6333.8,no
female,0,yes,yes,38,yes,no,no,no_internet_service,no_internet_service,no_internet_service,no_internet_service,no_internet_service,no_internet_service,two_year,yes,mailed_check,19.95,756.4,no
female,0,no,no,24,yes,yes,fiber_optic,no,yes,yes,no,yes,yes,month-to-month,yes,electronic_check,104.15,2494.65,no
female,1,no,no,1,yes,no,fiber_optic,no,no,no,no,no,no,month-to-month,yes,electronic_check,71.25,71.25,no
male,0,yes,yes,18,yes,no,fiber_optic,no,no,no,yes,no,yes,month-to-month,yes,electronic_check,85.6,1601.5,no
male,1,yes,no,20,yes,yes,fiber_optic,no,yes,no,yes,yes,yes,month-to-month,no,electronic_check,107.05,2172.05,no
male,0,no,yes,25,yes,no,no,no_internet_service,no_internet_service,no_internet_service,no_internet_service,no_internet_service,no_internet_service,month-to-month,no,mailed_check,20.8,460.2,no
male,0,yes,yes,53,yes,yes,dsl,yes,no,no,yes,no,yes,month-to-month,no,electronic_check,71.85,3827.9,no
female,0,yes,yes,39,yes,yes,no,no_internet_service,no_internet_service,no_internet_service,no_internet_service,no_internet_service,no_internet_service,one_year,yes,mailed_check,24.2,914.6,no
male,0,no,no,2,yes,no,no,no_internet_service,no_internet_service,no_internet_service,no_internet_service,no_internet_service,no_internet_service,month-to-month,no,mailed_check,19.4,50.6,no
male,0,yes,no,59,no,no_phone_service,dsl,no,no,no,no,yes,yes,month-to-month,yes,electronic_check,44.3,2666.75,no
female,0,no,no,29,yes,yes,fiber_optic,no,no,no,no,no,no,month-to-month,yes,electronic_check,74.2,1993.25,no
male,0,yes,yes,8,yes,no,no,no_internet_service,no_internet_service,no_internet_service,no_internet_service,no_internet_service,no_internet_service,one_year,no,credit_card_(automatic),19.9,153.95,no
female,0,yes,no,32,yes,no,fiber_optic,no,yes,no,no,no,yes,month-to-month,no,bank_transfer_(automatic),84.15,2585.95,yes
male,1,yes,no,72,yes,yes,no,no_internet_service,no_internet_service,no_internet_service,no_internet_service,no_internet_service,no_internet_service,two_year,yes,bank_transfer_(automatic),25.0,1802.55,no
female,0,yes,no,4,no,no_phone_service,dsl,no,no,no,no,no,no,month-to-month,yes,electronic_check,25.15,99.95,no
male,0,yes,yes,28,yes,yes,dsl,no,yes,no,no,no,yes,month-to-month,no,electronic_check,64.4,1802.15,no
female,0,yes,yes,63,yes,no,no,no_internet_service,no_internet_service,no_internet_service,no_internet_service,no_internet_service,no_internet_service,two_year,no,electronic_check,19.35,1263.85,no
male,1,yes,no,6,yes,no,fiber_optic,no,yes,no,no,no,yes,month-to-month,yes,electronic_check,84.2,519.15,yes
male,0,no,no,46,yes,no,no,no_internet_service,no_internet_service,no_internet_service,no_internet_service,no_internet_service,no_internet_service,two_year,no,bank_transfer_(automatic),20.05,902.0,no
male,0,no,no,40,yes,no,dsl,yes,yes,no,yes,no,no,month-to-month,yes,mailed_check,61.9,2647.1,no
male,0,no,no,69,yes,yes,dsl,yes,yes,yes,yes,no,yes,one_year,yes,credit_card_(automatic),78.6,5356.45,yes
male,0,no,no,51,yes,no,fiber_optic,yes,no,no,no,yes,no,one_year,no,mailed_check,86.35,4267.15,no
male,1,no,no,57,yes,yes,fiber_optic,yes,no,no,yes,no,yes,two_year,no,electronic_check,93.75,5625.55,no
female,1,yes,no,13,no,no_phone_service,dsl,no,no,no,no,yes,yes,month-to-month,no,electronic_check,45.3,528.45,no
female,0,yes,yes,71,yes,yes,fiber_optic,yes,no,yes,yes,no,yes,two_year,no,electronic_check,100.45,7159.7,no
male,1,yes,no,67,yes,yes,fiber_optic,no,no,no,no,yes,yes,month-to-month,yes,credit_card_(automatic),94.65,6079.0,no
female,0,yes,no,43,yes,yes,fiber_optic,no,yes,no,no,no,no,month-to-month,no,electronic_check,80.45,3398.9,no
male,0,yes,no,62,no,no_phone_service,dsl,yes,yes,no,yes,no,no,two_year,yes,credit_card_(automatic),38.6,2345.55,no
female,0,no,no,4,no,no_phone_service,dsl,no,no,no,no,no,no,month-to-month,yes,electronic_check,24.45,86.6,yes
male,0,yes,yes,44,no,no_phone_service,dsl,yes,yes,yes,yes,no,yes,two_year,yes,credit_card_(automatic),54.05,2375.2,no
male,1,yes,no,72,yes,yes,fiber_optic,no,yes,no,no,yes,yes,two_year,no,bank_transfer_(automatic),98.35,6929.4,no
male,0,yes,yes,63,yes,no,no,no_internet_service,no_internet_service,no_internet_service,no_internet_service,no_internet_service,no_internet_service,two_year,yes,mailed_check,19.15,1177.05,no
female,0,yes,yes,54,yes,no,no,no_internet_service,no_internet_service,no_internet_service,no_internet_service,no_internet_service,no_internet_service,two_year,yes,bank_transfer_(automatic),20.35,1092.35,no
male,0,yes,yes,7,yes,no,dsl,no,no,no,no,no,no,month-to-month,no,electronic_check,44.75,333.65,no
male,0,no,yes,21,yes,no,dsl,no,no,no,no,no,no,month-to-month,no,mailed_check,45.65,985.05,no
male,0,yes,yes,5,yes,no,no,no_internet_service,no_internet_service,no_internet_service,no_internet_service,no_internet_service,no_internet_service,one_year,no,mailed_check,20.1,85.1,no
female,1,yes,no,56,yes,yes,fiber_optic,yes,yes,yes,yes,no,no,one_year,no,electronic_check,95.65,5471.75,no
female,0,no,no,12,yes,no,no,no_internet_service,no_internet_service,no_internet_service,no_internet_service,no_internet_service,no_internet_service,month-to-month,no,mailed_check,20.1,223.6,no
female,0,yes,no,51,no,no_phone_service,dsl,no,yes,no,no,yes,yes,month-to-month,yes,electronic_check,49.65,2553.35,no
female,1,no,no,62,yes,yes,fiber_optic,no,no,no,no,yes,no,one_year,no,electronic_check,84.45,4959.15,no
female,0,yes,no,69,yes,yes,fiber_optic,no,no,yes,yes,yes,yes,two_year,no,bank_transfer_(automatic),105.35,7240.65,no
female,0,yes,yes,42,yes,no,fiber_optic,no,no,no,no,yes,no,month-to-month,yes,credit_card_(automatic),77.95,3384.0,yes
male,0,yes,yes,62,yes,no,fiber_optic,yes,yes,no,no,no,no,one_year,yes,credit_card_(automatic),81.45,4983.05,no
male,0,no,no,4,yes,yes,fiber_optic,yes,no,no,no,no,no,month-to-month,yes,electronic_check,80.1,336.15,no
male,1,yes,no,4,yes,yes,fiber_optic,no,no,no,no,no,no,month-to-month,yes,mailed_check,74.4,306.6,yes
male,1,yes,no,6,yes,yes,fiber_optic,no,no,yes,no,no,no,month-to-month,yes,electronic_check,80.8,457.1,no
female,0,yes,yes,41,yes,no,dsl,yes,yes,no,yes,yes,yes,two_year,no,electronic_check,78.45,3126.45,no
male,0,no,no,12,yes,yes,no,no_internet_service,no_internet_service,no_internet_service,no_internet_service,no_internet_service,no_internet_service,month-to-month,no,electronic_check,25.0,316.2,no
female,0,yes,no,67,yes,yes,dsl,no,yes,yes,yes,yes,yes,two_year,no,bank_transfer_(automatic),86.15,5883.85,no
male,0,yes,no,71,yes,yes,dsl,no,yes,yes,yes,yes,yes,two_year,no,credit_card_(automatic),84.2,5956.85,no
male,0,no,no,46,yes,yes,fiber_optic,yes,no,no,no,yes,no,month-to-month,yes,credit_card_(automatic),89.15,4245.55,no
male,0,yes,yes,62,yes,no,no,no_internet_service,no_internet_service,no_internet_service,no_internet_service,no_internet_service,no_internet_service,two_year,no,credit_card_(automatic),20.05,1263.9,no
female,0,no,no,3,yes,no,no,no_internet_service,no_internet_service,no_internet_service,no_internet_service,no_internet_service,no_internet_service,month-to-month,no,mailed_check,20.0,63.6,no
female,0,no,no,1,yes,no,fiber_optic,no,no,yes,no,no,no,month-to-month,no,electronic_check,76.35,76.35,yes
female,1,no,no,15,yes,yes,fiber_optic,no,yes,no,no,no,yes,month-to-month,no,electronic_check,89.85,1424.95,yes
male,0,yes,yes,69,yes,yes,fiber_optic,no,no,yes,no,yes,yes,month-to-month,yes,credit_card_(automatic),99.45,7007.6,yes
female,0,yes,no,69,yes,yes,no,no_internet_service,no_internet_service,no_internet_service,no_internet_service,no_internet_service,no_internet_service,two_year,no,bank_transfer_(automatic),24.25,1641.8,no
female,0,yes,no,21,yes,yes,fiber_optic,yes,no,yes,no,yes,yes,month-to-month,yes,bank_transfer_(automatic),104.4,2200.25,yes
female,0,no,no,38,yes,no,no,no_internet_service,no_internet_service,no_internet_service,no_internet_service,no_internet_service,no_internet_service,two_year,no,mailed_check,20.3,743.05,no
male,0,yes,no,7,yes,no,fiber_optic,no,no,no,no,no,no,month-to-month,yes,electronic_check,69.35,451.1,yes
male,1,yes,no,72,yes,yes,fiber_optic,no,yes,yes,yes,yes,yes,two_year,yes,bank_transfer_(automatic),111.65,8022.85,no
female,0,no,no,24,yes,yes,fiber_optic,no,no,yes,no,yes,yes,month-to-month,yes,electronic_check,98.75,2407.3,yes
male,0,yes,yes,3,yes,no,dsl,no,no,yes,no,no,no,month-to-month,yes,electronic_check,50.15,168.15,yes
male,0,yes,yes,12,no,no_phone_service,dsl,no,yes,no,yes,no,no,month-to-month,no,mailed_check,35.5,432.25,no
male,0,no,yes,62,yes,no,dsl,yes,yes,no,no,no,no,one_year,no,bank_transfer_(automatic),56.15,3487.95,no
female,1,yes,no,55,yes,yes,fiber_optic,no,yes,yes,yes,no,no,month-to-month,no,electronic_check,90.45,5044.8,no
male,0,no,no,39,yes,yes,fiber_optic,no,yes,no,no,no,no,one_year,no,credit_card_(automatic),81.4,3213.75,no
male,0,yes,yes,60,yes,yes,no,no_internet_service,no_internet_service,no_internet_service,no_internet_service,no_internet_service,no_internet_service,one_year,no,credit_card_(automatic),23.95,1506.4,no
female,0,no,no,1,yes,no,fiber_optic,no,yes,no,no,yes,no,month-to-month,no,electronic_check,84.3,84.3,yes
male,0,no,no,48,yes,yes,dsl,yes,no,no,yes,no,yes,one_year,yes,bank_transfer_(automatic),70.95,3629.2,no
male,0,no,no,12,yes,no,fiber_optic,no,no,no,no,yes,no,month-to-month,yes,electronic_check,81.45,912.0,no
male,0,yes,yes,51,yes,no,no,no_internet_service,no_internet_service,no_internet_service,no_internet_service,no_internet_service,no_internet_service,one_year,no,mailed_check,19.4,997.75,no
female,0,yes,no,54,yes,yes,dsl,no,no,no,no,yes,yes,one_year,yes,credit_card_(automatic),70.15,3715.65,yes
female,0,yes,yes,15,yes,no,no,no_internet_service,no_internet_service,no_internet_service,no_internet_service,no_internet_service,no_internet_service,one_year,no,mailed_check,20.55,295.95,no
female,1,no,no,42,yes,yes,fiber_optic,no,yes,yes,no,yes,yes,month-to-month,yes,bank_transfer_(automatic),104.75,4323.45,yes
male,0,yes,no,47,yes,no,dsl,no,yes,yes,no,yes,yes,two_year,no,electronic_check,73.6,3522.65,no
female,0,yes,yes,61,no,no_phone_service,dsl,no,yes,yes,yes,yes,yes,two_year,yes,bank_transfer_(automatic),61.45,3751.15,no
female,0,yes,no,48,yes,no,fiber_optic,no,yes,yes,no,yes,yes,one_year,yes,electronic_check,97.05,4692.95,no
male,0,yes,no,72,yes,yes,fiber_optic,yes,yes,yes,yes,yes,yes,one_year,yes,bank_transfer_(automatic),117.8,8684.8,yes
female,0,no,no,9,yes,yes,fiber_optic,no,no,no,no,yes,yes,month-to-month,yes,electronic_check,94.75,889.9,yes
female,0,no,no,22,yes,no,fiber_optic,no,yes,no,no,no,yes,month-to-month,yes,mailed_check,84.3,1855.65,yes
male,0,no,no,39,no,no_phone_service,dsl,yes,yes,no,yes,yes,no,month-to-month,yes,credit_card_(automatic),48.95,1880.85,yes
female,1,yes,no,43,yes,yes,fiber_optic,yes,no,yes,yes,yes,yes,one_year,yes,mailed_check,109.55,4830.25,yes
male,0,no,no,68,yes,yes,no,no_internet_service,no_internet_service,no_internet_service,no_internet_service,no_internet_service,no_internet_service,two_year,yes,bank_transfer_(automatic),24.15,1498.85,no
male,0,no,no,18,yes,yes,dsl,yes,no,yes,no,yes,no,month-to-month,no,mailed_check,69.5,1199.4,no
male,0,yes,yes,1,yes,no,fiber_optic,no,no,no,no,no,yes,month-to-month,no,electronic_check,80.0,80.0,yes
male,0,yes,yes,71,yes,yes,no,no_internet_service,no_internet_service,no_internet_service,no_internet_service,no_internet_service,no_internet_service,two_year,no,credit_card_(automatic),25.35,1847.55,no
male,0,yes,no,67,yes,no,dsl,yes,yes,no,yes,no,yes,two_year,yes,credit_card_(automatic),69.2,4671.65,no
female,0,yes,yes,20,yes,no,no,no_internet_service,no_internet_service,no_internet_service,no_internet_service,no_internet_service,no_internet_service,one_year,no,bank_transfer_(automatic),19.7,395.6,no
female,0,yes,yes,67,yes,yes,fiber_optic,yes,no,yes,yes,no,yes,one_year,yes,bank_transfer_(automatic),100.25,6689.0,no
male,0,no,yes,31,no,no_phone_service,dsl,no,no,no,no,no,no,month-to-month,no,credit_card_(automatic),25.0,789.2,no
male,0,yes,yes,20,yes,no,fiber_optic,no,no,no,no,yes,yes,month-to-month,yes,electronic_check,90.2,1776.55,yes
male,0,no,no,36,yes,no,no,no_internet_service,no_internet_service,no_internet_service,no_internet_service,no_internet_service,no_internet_service,two_year,yes,credit_card_(automatic),18.55,689.0,no
male,1,yes,no,50,yes,yes,fiber_optic,yes,yes,yes,no,yes,no,one_year,yes,bank_transfer_(automatic),101.9,5265.5,no
female,0,no,no,28,yes,no,dsl,no,yes,no,yes,no,no,month-to-month,no,bank_transfer_(automatic),54.65,1517.5,no
male,0,yes,yes,72,yes,yes,dsl,yes,no,yes,yes,yes,yes,two_year,yes,credit_card_(automatic),83.55,6093.3,no
female,0,no,no,1,yes,no,fiber_optic,no,no,no,no,no,no,month-to-month,yes,electronic_check,70.85,70.85,yes
female,0,no,no,1,yes,no,fiber_optic,no,no,no,no,no,no,month-to-month,yes,electronic_check,69.6,69.6,yes
female,0,no,no,63,yes,yes,fiber_optic,no,yes,no,no,yes,yes,one_year,no,bank_transfer_(automatic),99.9,6137.0,yes
female,0,yes,no,3,yes,no,no,no_internet_service,no_internet_service,no_internet_service,no_internet_service,no_internet_service,no_internet_service,month-to-month,no,mailed_check,20.85,72.0,no
male,0,no,no,8,yes,no,fiber_optic,no,no,no,no,no,no,month-to-month,no,bank_transfer_(automatic),70.7,553.4,no
female,1,no,no,43,yes,no,fiber_optic,yes,yes,no,yes,yes,yes,month-to-month,yes,credit_card_(automatic),108.15,4600.7,yes
female,0,yes,no,7,yes,no,fiber_optic,no,no,no,no,yes,no,month-to-month,yes,electronic_check,81.1,576.65,yes
female,0,yes,yes,23,no,no_phone_service,dsl,yes,no,no,yes,no,no,two_year,no,mailed_check,34.6,813.45,no
male,0,yes,no,63,yes,yes,dsl,no,no,yes,yes,yes,yes,two_year,no,credit_card_(automatic),79.8,5034.05,no
male,1,yes,no,7,yes,no,fiber_optic,no,no,no,no,yes,yes,month-to-month,yes,electronic_check,89.0,605.45,no
female,0,no,no,1,yes,no,no,no_internet_service,no_internet_service,no_internet_service,no_internet_service,no_internet_service,no_internet_service,month-to-month,yes,bank_transfer_(automatic),19.25,19.25,no
male,0,no,no,1,no,no_phone_service,dsl,no,no,no,no,no,no,month-to-month,yes,electronic_check,24.25,24.25,yes
male,1,no,no,21,yes,no,dsl,no,no,yes,no,yes,no,month-to-month,yes,bank_transfer_(automatic),60.05,1236.15,yes
male,0,no,no,3,yes,no,fiber_optic,no,no,no,no,yes,no,month-to-month,no,electronic_check,79.25,267.6,yes
male,0,yes,no,70,no,no_phone_service,dsl,yes,no,yes,yes,no,no,two_year,yes,credit_card_(automatic),39.15,2692.75,no
female,0,yes,no,61,yes,no,fiber_optic,yes,yes,no,yes,no,yes,one_year,no,bank_transfer_(automatic),93.7,5860.7,no
male,0,yes,no,71,yes,yes,fiber_optic,yes,yes,yes,yes,yes,yes,two_year,yes,bank_transfer_(automatic),116.1,8310.55,no
male,0,no,no,26,yes,no,fiber_optic,no,yes,yes,yes,no,no,one_year,yes,electronic_check,85.2,2184.6,no
female,0,yes,yes,12,yes,no,no,no_internet_service,no_internet_service,no_internet_service,no_internet_service,no_internet_service,no_internet_service,month-to-month,no,bank_transfer_(automatic),19.4,198.1,no
female,0,no,no,3,yes,yes,dsl,no,no,no,yes,yes,no,month-to-month,yes,electronic_check,63.6,155.65,yes
male,0,no,no,3,yes,no,dsl,yes,no,yes,no,yes,yes,month-to-month,yes,electronic_check,77.4,206.15,no
female,0,yes,no,49,no,no_phone_service,dsl,no,yes,no,yes,yes,yes,one_year,yes,credit_card_(automatic),56.3,2780.6,no
male,0,no,no,53,no,no_phone_service,dsl,no,no,yes,yes,yes,yes,one_year,no,credit_card_(automatic),54.9,3045.75,no
male,0,yes,yes,17,yes,yes,fiber_optic,no,no,no,no,yes,yes,month-to-month,yes,electronic_check,92.55,1515.1,yes
female,1,no,no,42,yes,yes,fiber_optic,no,no,no,no,yes,no,month-to-month,yes,electronic_check,84.65,3541.35,yes
male,0,no,no,19,yes,yes,fiber_optic,no,no,no,no,no,yes,month-to-month,yes,bank_transfer_(automatic),86.0,1532.45,yes
female,0,no,no,10,yes,yes,fiber_optic,yes,no,no,no,yes,yes,month-to-month,yes,electronic_check,98.7,973.25,yes
male,0,no,no,28,yes,yes,fiber_optic,no,yes,yes,no,yes,yes,month-to-month,yes,electronic_check,105.7,2979.5,yes
female,0,no,no,1,yes,no,no,no_internet_service,no_internet_service,no_internet_service,no_internet_service,no_internet_service,no_internet_service,month-to-month,yes,mailed_check,20.35,20.35,no
female,0,no,no,2,yes,no,dsl,no,yes,no,no,no,no,month-to-month,no,mailed_check,49.2,103.7,no
female,0,no,no,66,yes,yes,dsl,yes,yes,yes,yes,yes,yes,two_year,yes,credit_card_(automatic),90.05,5965.95,no
female,0,yes,yes,43,yes,no,no,no_internet_service,no_internet_service,no_internet_service,no_internet_service,no_internet_service,no_internet_service,one_year,no,mailed_check,20.0,817.95,no
male,0,no,no,1,yes,yes,dsl,no,no,no,no,no,no,month-to-month,yes,electronic_check,50.15,50.15,no
male,1,yes,no,29,yes,yes,fiber_optic,no,no,no,yes,no,no,month-to-month,yes,electronic_check,79.3,2414.55,no
male,0,yes,yes,62,yes,no,no,no_internet_service,no_internet_service,no_internet_service,no_internet_service,no_internet_service,no_internet_service,one_year,no,bank_transfer_(automatic),19.95,1244.8,no
female,0,yes,no,72,yes,yes,no,no_internet_service,no_internet_service,no_internet_service,no_internet_service,no_internet_service,no_internet_service,two_year,no,credit_card_(automatic),24.85,1871.85,no
female,0,yes,yes,22,yes,no,no,no_internet_service,no_internet_service,no_internet_service,no_internet_service,no_internet_service,no_internet_service,month-to-month,no,bank_transfer_(automatic),19.05,454.05,no
male,0,yes,yes,72,yes,yes,dsl,yes,yes,yes,no,no,no,two_year,no,credit_card_(automatic),64.45,4720.0,no
female,0,no,no,9,yes,no,no,no_internet_service,no_internet_service,no_internet_service,no_internet_service,no_internet_service,no_internet_service,month-to-month,no,mailed_check,20.25,186.15,no
male,0,no,no,66,yes,yes,fiber_optic,yes,yes,yes,yes,yes,yes,one_year,yes,bank_transfer_(automatic),114.3,7383.7,no
female,0,yes,no,48,yes,yes,fiber_optic,no,yes,no,yes,yes,yes,month-to-month,yes,credit_card_(automatic),105.1,5083.55,no
female,0,yes,no,64,yes,yes,fiber_optic,yes,yes,yes,yes,yes,yes,one_year,yes,electronic_check,115.0,7396.15,no
female,0,no,no,1,yes,no,no,no_internet_service,no_internet_service,no_internet_service,no_internet_service,no_internet_service,no_internet_service,month-to-month,no,electronic_check,19.75,19.75,no
female,1,no,no,35,yes,yes,fiber_optic,yes,no,no,no,yes,yes,month-to-month,yes,electronic_check,99.05,3554.6,no
female,0,no,no,13,yes,yes,dsl,yes,no,yes,no,yes,yes,month-to-month,yes,electronic_check,78.75,995.35,no
female,1,no,no,6,yes,no,fiber_optic,no,no,yes,no,no,no,month-to-month,no,electronic_check,74.4,434.1,yes
male,0,no,no,30,yes,no,fiber_optic,no,yes,no,no,yes,yes,one_year,yes,bank_transfer_(automatic),97.0,3021.3,no
male,0,yes,no,48,yes,yes,fiber_optic,yes,yes,yes,no,yes,no,two_year,yes,bank_transfer_(automatic),96.9,4473.45,no
male,0,yes,yes,36,yes,no,dsl,yes,yes,no,no,no,no,one_year,no,mailed_check,53.65,1939.35,no
male,1,no,no,6,yes,no,fiber_optic,no,no,no,no,yes,no,month-to-month,yes,electronic_check,79.7,497.6,no
male,0,no,no,66,yes,yes,dsl,yes,yes,yes,no,no,yes,two_year,yes,credit_card_(automatic),74.6,4798.4,no
female,0,yes,yes,24,yes,yes,dsl,yes,yes,no,no,yes,yes,one_year,no,electronic_check,78.4,1832.4,no
female,0,no,no,2,yes,no,fiber_optic,no,no,no,no,yes,no,month-to-month,yes,electronic_check,80.65,144.15,yes
male,0,yes,yes,52,yes,no,dsl,yes,yes,yes,no,yes,yes,two_year,no,electronic_check,79.2,4016.3,no
female,0,yes,no,48,yes,no,dsl,no,yes,yes,no,no,yes,one_year,yes,electronic_check,65.65,3094.65,no
male,0,yes,yes,70,yes,yes,dsl,yes,yes,yes,yes,no,yes,one_year,no,bank_transfer_(automatic),78.35,5445.95,no
female,0,no,no,1,no,no_phone_service,dsl,no,no,no,no,yes,no,month-to-month,yes,electronic_check,35.75,35.75,yes
male,0,yes,no,30,yes,yes,dsl,no,no,no,no,no,no,month-to-month,no,electronic_check,49.9,1441.95,no
female,0,yes,no,63,yes,yes,fiber_optic,no,yes,yes,no,yes,yes,one_year,yes,electronic_check,107.5,6873.75,yes
male,0,no,yes,22,yes,no,fiber_optic,no,yes,yes,no,yes,no,month-to-month,yes,electronic_check,89.4,2001.5,yes
male,0,no,no,18,yes,no,dsl,yes,no,yes,yes,yes,no,month-to-month,yes,electronic_check,68.35,1299.8,no
female,1,no,no,15,yes,yes,fiber_optic,no,no,no,no,no,no,month-to-month,yes,mailed_check,74.45,1145.7,yes
male,0,no,no,43,no,no_phone_service,dsl,no,no,yes,yes,no,yes,one_year,no,electronic_check,44.15,1931.3,no
female,0,yes,yes,33,yes,no,no,no_internet_service,no_internet_service,no_internet_service,no_internet_service,no_internet_service,no_internet_service,two_year,no,credit_card_(automatic),19.8,641.35,no
male,0,yes,yes,63,no,no_phone_service,dsl,yes,yes,yes,no,yes,yes,two_year,no,electronic_check,59.0,3707.6,no
female,0,yes,no,61,yes,yes,fiber_optic,no,no,no,yes,yes,yes,one_year,no,bank_transfer_(automatic),101.15,6383.9,no
female,1,yes,no,42,yes,yes,fiber_optic,no,yes,yes,no,yes,no,month-to-month,yes,electronic_check,95.55,3930.6,no
male,0,no,no,7,yes,no,fiber_optic,no,yes,no,no,yes,yes,month-to-month,yes,electronic_check,94.25,669.0,yes
female,0,yes,no,71,yes,yes,dsl,yes,yes,yes,yes,yes,yes,two_year,no,credit_card_(automatic),89.3,6388.65,no
male,1,no,no,32,yes,no,no,no_internet_service,no_internet_service,no_internet_service,no_internet_service,no_internet_service,no_internet_service,one_year,no,credit_card_(automatic),19.8,587.7,no
male,0,no,no,52,yes,yes,dsl,yes,no,no,yes,yes,yes,two_year,yes,credit_card_(automatic),79.75,4217.8,no
male,0,yes,yes,72,yes,yes,dsl,yes,yes,yes,yes,no,no,two_year,no,credit_card_(automatic),72.1,5016.65,no
female,0,yes,yes,22,yes,yes,no,no_internet_service,no_internet_service,no_internet_service,no_internet_service,no_internet_service,no_internet_service,two_year,no,credit_card_(automatic),25.25,555.4,no
female,0,no,no,1,yes,no,dsl,no,no,no,no,yes,no,month-to-month,yes,credit_card_(automatic),55.0,55.0,yes
male,1,no,no,11,yes,no,fiber_optic,no,no,no,no,no,yes,month-to-month,yes,credit_card_(automatic),79.15,827.7,no
female,0,no,no,14,yes,no,fiber_optic,no,no,yes,no,no,no,month-to-month,no,electronic_check,75.35,1025.95,yes
female,0,yes,yes,16,yes,no,no,no_internet_service,no_internet_service,no_internet_service,no_internet_service,no_internet_service,no_internet_service,two_year,no,mailed_check,19.7,301.55,no
male,0,no,no,70,no,no_phone_service,dsl,no,no,no,yes,no,yes,two_year,yes,mailed_check,40.05,2799.75,no
male,0,yes,yes,5,yes,yes,no,no_internet_service,no_internet_service,no_internet_service,no_internet_service,no_internet_service,no_internet_service,month-to-month,yes,bank_transfer_(automatic),25.9,135.0,yes
male,0,no,no,4,yes,no,no,no_internet_service,no_internet_service,no_internet_service,no_internet_service,no_internet_service,no_internet_service,month-to-month,yes,mailed_check,19.95,59.25,no
male,0,yes,no,44,yes,yes,fiber_optic,yes,no,yes,no,no,no,month-to-month,yes,credit_card_(automatic),84.8,3626.35,no
female,0,yes,yes,8,yes,no,no,no_internet_service,no_internet_service,no_internet_service,no_internet_service,no_internet_service,no_internet_service,month-to-month,no,credit_card_(automatic),21.05,139.75,no
male,0,yes,no,51,yes,yes,dsl,no,no,no,yes,yes,yes,two_year,yes,bank_transfer_(automatic),75.2,3901.25,no
male,0,yes,yes,50,yes,yes,fiber_optic,no,yes,no,yes,yes,yes,month-to-month,no,electronic_check,103.7,5071.05,yes
female,0,no,no,70,yes,yes,dsl,yes,yes,yes,yes,yes,yes,two_year,no,credit_card_(automatic),89.75,6367.2,no
female,0,yes,yes,55,yes,yes,dsl,yes,yes,no,yes,no,yes,one_year,yes,bank_transfer_(automatic),75.75,4264.25,no
male,0,no,yes,34,yes,yes,fiber_optic,yes,yes,no,no,yes,yes,one_year,yes,electronic_check,103.8,3470.8,no
female,1,no,no,5,yes,no,fiber_optic,no,yes,no,no,yes,no,month-to-month,yes,electronic_check,84.7,392.5,no
female,0,yes,yes,37,yes,yes,no,no_internet_service,no_internet_service,no_internet_service,no_internet_service,no_internet_service,no_internet_service,month-to-month,no,mailed_check,26.45,911.6,no
female,1,yes,no,48,yes,no,dsl,no,yes,no,no,no,yes,one_year,yes,bank_transfer_(automatic),58.95,2789.7,no
male,0,no,no,7,yes,no,dsl,no,no,no,no,no,no,month-to-month,yes,bank_transfer_(automatic),44.65,322.5,no
female,0,no,no,1,yes,no,no,no_internet_service,no_internet_service,no_internet_service,no_internet_service,no_internet_service,no_internet_service,month-to-month,no,mailed_check,20.5,20.5,yes
female,0,yes,yes,70,yes,yes,fiber_optic,no,yes,yes,no,yes,yes,one_year,yes,electronic_check,106.5,7397.0,no
male,0,no,no,25,yes,no,no,no_internet_service,no_internet_service,no_internet_service,no_internet_service,no_internet_service,no_internet_service,month-to-month,yes,mailed_check,20.15,536.35,no
male,0,no,no,14,yes,no,no,no_internet_service,no_internet_service,no_internet_service,no_internet_service,no_internet_service,no_internet_service,month-to-month,no,credit_card_(automatic),19.6,300.4,no
female,0,no,yes,23,yes,no,dsl,no,no,no,yes,no,no,one_year,yes,electronic_check,49.45,1119.35,no
male,0,yes,no,30,yes,no,no,no_internet_service,no_internet_service,no_internet_service,no_internet_service,no_internet_service,no_internet_service,two_year,no,mailed_check,19.05,637.55,no
female,0,yes,yes,11,yes,no,no,no_internet_service,no_internet_service,no_internet_service,no_internet_service,no_internet_service,no_internet_service,one_year,no,mailed_check,20.6,233.9,no
male,1,yes,yes,34,yes,yes,fiber_optic,no,yes,yes,yes,yes,yes,month-to-month,yes,electronic_check,108.9,3625.2,no
female,0,no,no,5,yes,yes,fiber_optic,no,no,yes,no,yes,yes,month-to-month,yes,electronic_check,100.5,514.0,yes
female,0,yes,yes,13,yes,no,fiber_optic,no,no,no,no,yes,yes,month-to-month,no,electronic_check,88.35,1222.8,yes
female,0,no,no,1,yes,no,dsl,no,no,no,no,no,no,month-to-month,yes,mailed_check,45.3,45.3,yes
female,0,yes,no,71,no,no_phone_service,dsl,no,no,yes,yes,no,yes,two_year,yes,electronic_check,47.05,3263.6,no
female,0,yes,yes,6,yes,no,no,no_internet_service,no_internet_service,no_internet_service,no_internet_service,no_internet_service,no_internet_service,one_year,no,credit_card_(automatic),19.0,105.5,no
male,0,no,no,21,yes,no,no,no_internet_service,no_internet_service,no_internet_service,no_internet_service,no_internet_service,no_internet_service,two_year,no,mailed_check,19.6,390.4,no
female,1,no,no,43,no,no_phone_service,dsl,yes,yes,no,no,no,no,month-to-month,yes,credit_card_(automatic),33.45,1500.25,no
female,0,no,no,60,yes,no,no,no_internet_service,no_internet_service,no_internet_service,no_internet_service,no_internet_service,no_internet_service,two_year,no,mailed_check,20.6,1093.0,no
male,1,no,no,16,yes,yes,fiber_optic,no,no,no,no,yes,no,month-to-month,yes,electronic_check,86.6,1281.0,yes
male,0,yes,no,70,yes,yes,dsl,yes,no,yes,yes,no,yes,two_year,no,credit_card_(automatic),77.3,5498.2,no
male,0,yes,yes,63,yes,yes,fiber_optic,no,yes,yes,no,yes,yes,two_year,yes,bank_transfer_(automatic),104.8,6597.25,no
female,0,no,no,69,yes,yes,no,no_internet_service,no_internet_service,no_internet_service,no_internet_service,no_internet_service,no_internet_service,two_year,no,credit_card_(automatic),24.6,1678.05,no
male,0,no,no,1,yes,no,dsl,no,no,no,yes,no,no,month-to-month,yes,electronic_check,49.3,49.3,no
male,0,no,no,13,yes,yes,fiber_optic,no,no,no,yes,yes,yes,month-to-month,yes,mailed_check,99.0,1301.7,yes
female,1,no,no,4,yes,yes,fiber_optic,no,no,no,no,no,no,month-to-month,yes,electronic_check,74.45,294.45,no
male,1,no,no,54,yes,yes,fiber_optic,no,yes,no,no,no,yes,month-to-month,yes,electronic_check,90.05,4931.8,no
female,0,yes,no,50,yes,no,no,no_internet_service,no_internet_service,no_internet_service,no_internet_service,no_internet_service,no_internet_service,one_year,yes,bank_transfer_(automatic),19.85,943.1,no
female,0,no,no,3,yes,no,fiber_optic,no,no,no,no,no,no,month-to-month,yes,electronic_check,70.25,229.7,no
female,0,yes,yes,68,yes,yes,fiber_optic,no,no,no,no,yes,no,one_year,yes,electronic_check,83.0,5685.8,yes
female,0,yes,no,72,yes,yes,fiber_optic,yes,no,yes,yes,yes,no,two_year,yes,bank_transfer_(automatic),98.2,7015.9,no
male,0,no,no,11,yes,no,fiber_optic,no,yes,no,no,no,no,month-to-month,yes,mailed_check,75.9,866.4,no
female,0,no,no,6,yes,no,fiber_optic,no,yes,no,no,no,yes,month-to-month,yes,mailed_check,85.95,514.6,no
male,1,yes,no,7,yes,yes,fiber_optic,no,no,no,no,yes,yes,month-to-month,yes,bank_transfer_(automatic),95.6,644.35,yes
male,0,no,no,69,yes,yes,dsl,yes,yes,yes,yes,no,yes,two_year,yes,credit_card_(automatic),81.5,5553.25,no
male,0,no,no,3,no,no_phone_service,dsl,no,no,no,yes,no,no,month-to-month,no,electronic_check,30.4,82.15,no
female,0,no,no,1,yes,no,no,no_internet_service,no_internet_service,no_internet_service,no_internet_service,no_internet_service,no_internet_service,month-to-month,no,electronic_check,18.85,18.85,no
female,0,yes,yes,44,yes,no,dsl,yes,no,no,yes,no,no,month-to-month,no,bank_transfer_(automatic),56.25,2419.55,no
male,1,yes,no,71,no,no_phone_service,dsl,no,yes,yes,no,yes,yes,month-to-month,yes,bank_transfer_(automatic),52.3,3765.05,no
male,0,no,no,4,yes,no,no,no_internet_service,no_internet_service,no_internet_service,no_internet_service,no_internet_service,no_internet_service,month-to-month,no,mailed_check,19.75,78.3,no
male,0,no,no,1,yes,no,fiber_optic,no,no,no,no,no,no,month-to-month,no,mailed_check,69.4,69.4,yes
female,0,no,no,1,yes,no,fiber_optic,no,no,no,no,no,no,month-to-month,yes,mailed_check,69.95,69.95,yes
female,0,yes,yes,72,yes,no,fiber_optic,yes,yes,yes,yes,yes,yes,two_year,yes,bank_transfer_(automatic),108.65,7726.35,no
female,0,yes,yes,9,yes,yes,fiber_optic,no,no,no,no,yes,no,month-to-month,yes,bank_transfer_(automatic),85.35,754.65,yes
male,1,yes,no,55,yes,yes,fiber_optic,no,no,no,no,no,no,month-to-month,yes,electronic_check,74.0,4052.4,no
male,0,no,no,30,yes,yes,fiber_optic,yes,yes,yes,yes,no,no,month-to-month,yes,credit_card_(automatic),95.0,2852.4,no
male,0,no,no,7,yes,no,dsl,no,no,no,no,yes,no,month-to-month,no,mailed_check,54.85,370.4,no
male,0,yes,no,68,yes,no,dsl,yes,yes,yes,no,no,yes,two_year,no,bank_transfer_(automatic),70.95,4741.45,no
male,0,yes,yes,24,yes,yes,dsl,yes,no,yes,yes,yes,yes,one_year,yes,mailed_check,84.8,1990.5,no
male,0,yes,yes,60,yes,yes,fiber_optic,yes,no,yes,no,yes,no,one_year,yes,bank_transfer_(automatic),95.4,5812.0,no
female,0,no,no,3,yes,no,no,no_internet_service,no_internet_service,no_internet_service,no_internet_service,no_internet_service,no_internet_service,month-to-month,yes,mailed_check,19.6,59.75,yes
female,0,yes,no,40,yes,yes,fiber_optic,no,no,no,yes,no,no,month-to-month,yes,credit_card_(automatic),78.85,3126.85,no
female,0,no,no,8,yes,no,no,no_internet_service,no_internet_service,no_internet_service,no_internet_service,no_internet_service,no_internet_service,two_year,no,mailed_check,20.85,161.65,no
male,0,yes,yes,52,no,no_phone_service,dsl,no,yes,yes,yes,yes,no,two_year,no,mailed_check,50.2,2554.0,no
male,0,yes,no,72,yes,yes,fiber_optic,no,yes,no,no,yes,yes,two_year,yes,electronic_check,99.4,7285.7,no
female,0,yes,yes,25,yes,no,no,no_internet_service,no_internet_service,no_internet_service,no_internet_service,no_internet_service,no_internet_service,two_year,yes,mailed_check,18.7,383.65,no
male,0,yes,no,72,yes,yes,fiber_optic,yes,yes,yes,yes,yes,yes,two_year,yes,electronic_check,115.55,8425.3,no
female,0,yes,no,11,yes,yes,fiber_optic,no,yes,no,no,yes,yes,month-to-month,yes,electronic_check,102.0,1145.35,yes
male,0,yes,yes,46,yes,no,no,no_internet_service,no_internet_service,no_internet_service,no_internet_service,no_internet_service,no_internet_service,two_year,yes,mailed_check,20.2,917.45,no
male,0,yes,no,60,yes,yes,fiber_optic,yes,no,yes,yes,yes,yes,month-to-month,yes,bank_transfer_(automatic),109.45,6572.85,no
male,0,yes,yes,1,yes,no,dsl,no,no,no,no,no,no,month-to-month,no,electronic_check,44.55,44.55,no
male,0,no,no,61,yes,yes,fiber_optic,yes,no,yes,yes,yes,yes,two_year,yes,credit_card_(automatic),111.6,6876.05,yes
female,0,no,no,38,yes,no,fiber_optic,yes,yes,yes,no,no,no,month-to-month,yes,credit_card_(automatic),83.9,3233.6,yes
female,0,yes,no,40,yes,yes,dsl,no,yes,no,no,yes,no,one_year,no,bank_transfer_(automatic),63.9,2635.0,no
female,0,no,no,60,yes,no,fiber_optic,no,yes,yes,no,yes,yes,two_year,yes,electronic_check,99.65,5941.05,no
male,1,yes,no,71,yes,no,fiber_optic,no,yes,yes,yes,no,yes,two_year,yes,credit_card_(automatic),95.5,6707.15,no
female,1,yes,no,53,yes,yes,fiber_optic,no,no,no,no,yes,yes,one_year,yes,credit_card_(automatic),95.85,5016.25,no
male,0,no,no,1,yes,no,no,no_internet_service,no_internet_service,no_internet_service,no_internet_service,no_internet_service,no_internet_service,month-to-month,no,mailed_check,20.5,20.5,yes
male,0,yes,no,72,yes,yes,fiber_optic,no,yes,yes,no,yes,yes,two_year,yes,bank_transfer_(automatic),106.3,7565.35,no
male,0,no,no,25,yes,yes,no,no_internet_service,no_internet_service,no_internet_service,no_internet_service,no_internet_service,no_internet_service,one_year,no,bank_transfer_(automatic),25.3,676.35,yes
female,0,yes,yes,25,no,no_phone_service,dsl,yes,yes,yes,no,yes,yes,month-to-month,yes,credit_card_(automatic),58.6,1502.65,yes
female,0,yes,yes,57,yes,no,no,no_internet_service,no_internet_service,no_internet_service,no_internet_service,no_internet_service,no_internet_service,two_year,yes,bank_transfer_(automatic),20.1,1087.7,no
female,0,no,no,1,yes,yes,fiber_optic,no,yes,no,no,no,no,month-to-month,yes,mailed_check,79.15,79.15,no
female,0,yes,yes,24,yes,yes,dsl,yes,yes,yes,no,no,no,two_year,no,electronic_check,64.35,1558.65,no
male,0,no,no,12,yes,yes,fiber_optic,no,yes,yes,no,yes,yes,month-to-month,yes,electronic_check,106.7,1253.9,yes
male,0,yes,no,72,yes,no,no,no_internet_service,no_internet_service,no_internet_service,no_internet_service,no_internet_service,no_internet_service,two_year,no,credit_card_(automatic),19.3,1304.8,no
male,1,yes,no,7,yes,yes,fiber_optic,no,no,yes,no,yes,yes,month-to-month,yes,electronic_check,99.25,665.45,yes
female,0,yes,no,42,yes,no,fiber_optic,no,no,yes,yes,yes,yes,two_year,yes,credit_card_(automatic),99.0,4135.0,no
male,0,yes,no,15,yes,no,no,no_internet_service,no_internet_service,no_internet_service,no_internet_service,no_internet_service,no_internet_service,one_year,no,mailed_check,18.8,294.95,no
female,1,yes,no,71,yes,yes,fiber_optic,yes,yes,yes,yes,no,no,two_year,yes,credit_card_(automatic),96.35,6766.95,no
male,0,no,no,15,yes,no,no,no_internet_service,no_internet_service,no_internet_service,no_internet_service,no_internet_service,no_internet_service,month-to-month,yes,mailed_check,19.8,309.4,no
female,0,no,no,38,yes,no,no,no_internet_service,no_internet_service,no_internet_service,no_internet_service,no_internet_service,no_internet_service,one_year,no,mailed_check,20.05,678.2,no
female,0,no,no,2,yes,no,no,no_internet_service,no_internet_service,no_internet_service,no_internet_service,no_internet_service,no_internet_service,month-to-month,no,credit_card_(automatic),20.35,35.1,no
female,0,no,no,1,yes,no,no,no_internet_service,no_internet_service,no_internet_service,no_internet_service,no_internet_service,no_internet_service,month-to-month,no,mailed_check,19.55,19.55,no
male,0,no,no,45,no,no_phone_service,dsl,yes,no,yes,yes,no,no,one_year,no,bank_transfer_(automatic),42.3,1840.75,no
male,0,yes,yes,32,yes,no,fiber_optic,yes,yes,no,no,no,yes,one_year,yes,electronic_check,90.8,3023.85,no
female,0,yes,yes,39,yes,no,no,no_internet_service,no_internet_service,no_internet_service,no_internet_service,no_internet_service,no_internet_service,two_year,yes,bank_transfer_(automatic),19.85,854.8,no
female,0,yes,yes,45,yes,no,no,no_internet_service,no_internet_service,no_internet_service,no_internet_service,no_internet_service,no_internet_service,two_year,yes,bank_transfer_(automatic),20.0,886.4,no
female,0,yes,yes,17,yes,no,no,no_internet_service,no_internet_service,no_internet_service,no_internet_service,no_internet_service,no_internet_service,one_year,no,mailed_check,20.75,418.25,no
male,0,no,no,59,yes,no,no,no_internet_service,no_internet_service,no_internet_service,no_internet_service,no_internet_service,no_internet_service,two_year,yes,bank_transfer_(automatic),20.2,1192.3,no
male,0,no,yes,6,yes,yes,no,no_internet_service,no_internet_service,no_internet_service,no_internet_service,no_internet_service,no_internet_service,month-to-month,no,mailed_check,26.35,184.05,no
male,0,yes,yes,53,yes,yes,dsl,yes,no,yes,yes,yes,yes,month-to-month,no,electronic_check,85.7,4616.1,no
male,0,no,no,1,yes,no,dsl,no,no,no,no,no,no,month-to-month,yes,mailed_check,45.8,45.8,no
female,0,no,no,2,no,no_phone_service,dsl,no,no,no,no,no,yes,month-to-month,yes,electronic_check,34.7,62.25,yes
female,0,yes,no,42,yes,yes,fiber_optic,no,no,yes,yes,no,no,month-to-month,yes,electronic_check,84.3,3588.4,yes
female,0,no,no,1,yes,no,dsl,no,no,no,no,no,no,month-to-month,no,credit_card_(automatic),43.95,43.95,no
male,0,yes,no,35,yes,yes,dsl,no,yes,no,yes,yes,no,one_year,yes,electronic_check,69.0,2441.7,no
male,1,no,no,23,yes,yes,fiber_optic,no,yes,yes,no,yes,yes,month-to-month,yes,electronic_check,106.4,2483.5,yes
male,1,no,no,1,yes,no,dsl,no,no,no,no,no,no,month-to-month,no,bank_transfer_(automatic),45.25,45.25,no
male,0,yes,no,29,no,no_phone_service,dsl,no,no,no,no,yes,yes,month-to-month,yes,electronic_check,45.9,1332.4,no
female,0,no,no,11,yes,no,dsl,yes,no,no,yes,no,no,one_year,yes,mailed_check,54.6,617.85,no
male,0,no,no,30,yes,no,fiber_optic,yes,yes,yes,no,no,no,month-to-month,yes,credit_card_(automatic),84.3,2438.6,no
female,0,yes,yes,11,yes,yes,dsl,no,no,no,yes,no,yes,month-to-month,yes,electronic_check,66.35,740.8,yes
female,1,yes,no,65,yes,yes,fiber_optic,no,yes,yes,no,yes,yes,month-to-month,yes,bank_transfer_(automatic),108.8,7082.45,no
female,0,yes,no,24,yes,no,dsl,no,yes,no,no,yes,yes,month-to-month,yes,bank_transfer_(automatic),69.45,1614.05,no
female,0,yes,yes,16,yes,no,fiber_optic,yes,no,yes,no,yes,yes,month-to-month,no,bank_transfer_(automatic),100.7,1522.7,no
female,0,no,no,10,no,no_phone_service,dsl,yes,yes,yes,no,no,no,month-to-month,no,bank_transfer_(automatic),40.7,449.3,no
male,0,yes,yes,72,yes,yes,dsl,yes,yes,yes,yes,no,no,two_year,no,bank_transfer_(automatic),69.85,5102.35,no
male,0,yes,yes,64,yes,yes,fiber_optic,no,no,yes,no,no,yes,one_year,no,credit_card_(automatic),90.25,5629.15,no
male,0,no,no,1,yes,no,dsl,no,no,no,no,no,no,month-to-month,yes,mailed_check,44.95,44.95,no
male,0,yes,no,50,no,no_phone_service,dsl,yes,no,no,yes,yes,no,one_year,yes,bank_transfer_(automatic),44.45,2188.45,no
female,1,yes,no,43,yes,yes,fiber_optic,yes,yes,no,no,yes,no,month-to-month,yes,electronic_check,94.5,4156.8,no
male,1,no,no,4,yes,no,fiber_optic,no,no,yes,no,yes,yes,month-to-month,yes,electronic_check,94.75,422.4,no
female,1,yes,yes,66,yes,yes,fiber_optic,yes,yes,no,yes,yes,yes,one_year,yes,credit_card_(automatic),110.6,7210.85,no
female,0,no,no,12,yes,no,fiber_optic,no,no,no,no,no,yes,month-to-month,no,bank_transfer_(automatic),78.1,947.3,yes
male,0,no,no,4,yes,yes,dsl,no,no,no,no,no,no,month-to-month,no,credit_card_(automatic),51.75,201.1,yes
male,0,yes,no,37,yes,no,fiber_optic,no,no,yes,yes,no,yes,month-to-month,yes,electronic_check,90.35,3419.3,no
female,0,no,no,53,yes,yes,fiber_optic,yes,no,yes,no,yes,yes,one_year,yes,credit_card_(automatic),106.95,5785.5,yes
female,0,no,no,1,yes,no,fiber_optic,no,no,no,yes,yes,yes,month-to-month,yes,electronic_check,95.85,95.85,no
male,0,no,no,13,yes,no,fiber_optic,no,no,no,no,yes,yes,month-to-month,yes,electronic_check,91.1,1135.7,yes
male,0,yes,yes,61,yes,yes,fiber_optic,no,no,yes,no,yes,yes,one_year,yes,electronic_check,99.9,6241.35,no
male,0,yes,no,72,yes,yes,dsl,yes,yes,yes,yes,yes,yes,two_year,yes,credit_card_(automatic),92.0,6782.15,no
male,0,yes,yes,45,yes,yes,dsl,yes,yes,no,yes,yes,no,two_year,no,credit_card_(automatic),73.85,3371.0,no
female,0,no,no,43,yes,yes,no,no_internet_service,no_internet_service,no_internet_service,no_internet_service,no_internet_service,no_internet_service,two_year,yes,credit_card_(automatic),25.7,1188.2,no
female,0,yes,yes,55,yes,no,fiber_optic,no,yes,yes,yes,yes,yes,one_year,yes,bank_transfer_(automatic),103.7,5656.75,no
female,0,no,no,58,yes,yes,fiber_optic,yes,yes,yes,no,yes,yes,one_year,yes,electronic_check,107.75,6332.75,no
female,1,no,no,4,yes,yes,fiber_optic,no,no,no,no,no,no,month-to-month,yes,electronic_check,74.9,321.75,yes
male,0,no,no,10,yes,no,no,no_internet_service,no_internet_service,no_internet_service,no_internet_service,no_internet_service,no_internet_service,one_year,no,mailed_check,20.35,176.3,no
male,0,no,yes,32,yes,yes,dsl,no,yes,yes,yes,yes,yes,one_year,no,credit_card_(automatic),83.7,2633.3,no
female,0,no,no,22,yes,no,no,no_internet_service,no_internet_service,no_internet_service,no_internet_service,no_internet_service,no_internet_service,one_year,no,bank_transfer_(automatic),20.85,450.65,no
female,0,no,no,59,yes,yes,fiber_optic,yes,yes,yes,no,no,yes,month-to-month,yes,bank_transfer_(automatic),99.45,5623.7,no
male,1,no,no,45,yes,yes,fiber_optic,no,no,no,no,yes,yes,month-to-month,yes,bank_transfer_(automatic),93.9,4200.25,no
female,0,no,no,70,yes,yes,fiber_optic,yes,yes,yes,yes,yes,yes,one_year,no,credit_card_(automatic),115.55,8127.6,yes
female,0,yes,no,56,yes,yes,fiber_optic,no,yes,yes,yes,no,no,month-to-month,no,electronic_check,90.55,5116.6,no
male,1,yes,no,32,yes,yes,fiber_optic,no,no,no,no,no,no,month-to-month,yes,electronic_check,74.9,2303.35,yes
male,0,no,no,1,yes,no,no,no_internet_service,no_internet_service,no_internet_service,no_internet_service,no_internet_service,no_internet_service,month-to-month,no,electronic_check,19.45,19.45,no
female,1,yes,no,65,yes,yes,fiber_optic,no,yes,yes,no,yes,yes,one_year,yes,electronic_check,106.25,6979.8,yes
female,0,no,no,48,yes,no,dsl,yes,no,yes,yes,no,no,one_year,yes,credit_card_(automatic),60.35,2896.4,yes
male,0,no,no,1,yes,no,no,no_internet_service,no_internet_service,no_internet_service,no_internet_service,no_internet_service,no_internet_service,month-to-month,no,mailed_check,19.4,19.4,yes
male,0,no,no,1,no,no_phone_service,dsl,no,no,no,no,no,no,month-to-month,yes,electronic_check,24.4,24.4,no
male,0,yes,yes,45,yes,no,no,no_internet_service,no_internet_service,no_internet_service,no_internet_service,no_internet_service,no_internet_service,two_year,no,mailed_check,20.35,929.2,no
female,0,yes,yes,31,yes,no,no,no_internet_service,no_internet_service,no_internet_service,no_internet_service,no_internet_service,no_internet_service,month-to-month,yes,mailed_check,19.55,658.95,yes
female,0,no,no,72,yes,yes,fiber_optic,no,yes,yes,yes,yes,yes,two_year,yes,bank_transfer_(automatic),111.6,8012.75,no
female,0,no,yes,43,yes,yes,no,no_internet_service,no_internet_service,no_internet_service,no_internet_service,no_internet_service,no_internet_service,two_year,yes,electronic_check,25.1,1070.15,no
male,0,yes,yes,49,yes,yes,fiber_optic,no,no,no,yes,yes,yes,one_year,yes,electronic_check,97.95,4917.9,no
female,0,no,yes,34,yes,no,fiber_optic,yes,yes,yes,no,yes,yes,month-to-month,yes,bank_transfer_(automatic),105.35,3688.6,no
male,0,no,no,68,yes,yes,fiber_optic,yes,yes,yes,no,no,yes,two_year,yes,bank_transfer_(automatic),102.1,7149.35,no
male,0,yes,yes,0,yes,no,no,no_internet_service,no_internet_service,no_internet_service,no_internet_service,no_internet_service,no_internet_service,one_year,yes,mailed_check,19.7,0.0,no
female,0,no,yes,21,yes,no,no,no_internet_service,no_internet_service,no_internet_service,no_internet_service,no_internet_service,no_internet_service,month-to-month,no,mailed_check,20.75,452.2,no
male,0,no,no,13,yes,no,fiber_optic,no,yes,yes,no,no,no,month-to-month,yes,electronic_check,79.8,973.45,yes
female,0,no,no,1,yes,no,no,no_internet_service,no_internet_service,no_internet_service,no_internet_service,no_internet_service,no_internet_service,month-to-month,no,mailed_check,19.9,19.9,yes
male,0,no,no,10,yes,no,fiber_optic,yes,yes,yes,no,yes,yes,month-to-month,yes,electronic_check,104.4,1081.45,yes
male,0,no,no,1,yes,no,dsl,no,no,yes,no,no,no,month-to-month,yes,mailed_check,49.65,49.65,yes
male,0,yes,yes,12,yes,no,no,no_internet_service,no_internet_service,no_internet_service,no_internet_service,no_internet_service,no_internet_service,two_year,no,mailed_check,19.7,258.35,no
male,0,yes,no,59,no,no_phone_service,dsl,no,yes,no,no,no,yes,month-to-month,yes,bank_transfer_(automatic),41.05,2452.7,yes
female,0,no,no,50,yes,yes,dsl,yes,no,yes,yes,yes,yes,one_year,yes,credit_card_(automatic),82.5,4179.1,no
male,0,yes,no,66,yes,no,dsl,yes,yes,yes,yes,yes,yes,two_year,yes,bank_transfer_(automatic),85.9,5595.3,no
male,0,no,yes,28,yes,no,fiber_optic,yes,no,no,no,no,no,month-to-month,yes,bank_transfer_(automatic),74.9,2068.55,yes
female,0,no,no,59,yes,no,fiber_optic,no,no,yes,no,yes,yes,two_year,no,electronic_check,95.8,5655.45,no
female,0,no,no,4,yes,no,fiber_optic,no,no,no,no,no,yes,month-to-month,yes,electronic_check,79.15,317.25,yes
female,0,no,no,31,yes,yes,fiber_optic,no,no,no,no,no,no,month-to-month,yes,electronic_check,76.05,2227.8,no
female,0,no,no,6,yes,no,no,no_internet_service,no_internet_service,no_internet_service,no_internet_service,no_internet_service,no_internet_service,month-to-month,no,mailed_check,20.2,123.65,no
male,0,yes,yes,42,yes,no,no,no_internet_service,no_internet_service,no_internet_service,no_internet_service,no_internet_service,no_internet_service,one_year,no,mailed_check,20.25,854.9,no
female,1,yes,no,70,yes,yes,fiber_optic,yes,yes,yes,yes,yes,yes,two_year,yes,credit_card_(automatic),113.0,7987.6,no
male,1,yes,yes,22,no,no_phone_service,dsl,yes,no,no,no,no,yes,month-to-month,no,mailed_check,40.05,880.2,yes
male,0,no,yes,6,yes,no,no,no_internet_service,no_internet_service,no_internet_service,no_internet_service,no_internet_service,no_internet_service,month-to-month,yes,mailed_check,20.2,98.35,no
female,0,no,no,27,yes,no,dsl,yes,yes,no,no,no,no,month-to-month,yes,mailed_check,56.7,1652.95,no
male,0,yes,yes,58,yes,yes,fiber_optic,no,yes,no,yes,yes,no,one_year,yes,credit_card_(automatic),94.7,5430.35,no
male,0,yes,no,66,yes,yes,fiber_optic,yes,yes,yes,yes,yes,yes,one_year,no,bank_transfer_(automatic),115.8,7942.15,no
male,0,yes,yes,36,yes,yes,no,no_internet_service,no_internet_service,no_internet_service,no_internet_service,no_internet_service,no_internet_service,two_year,no,credit_card_(automatic),25.1,930.95,no
female,0,yes,no,42,no,no_phone_service,dsl,no,yes,no,yes,no,no,one_year,no,mailed_check,33.55,1445.3,yes
male,0,no,no,32,yes,yes,fiber_optic,yes,no,no,yes,no,no,month-to-month,no,bank_transfer_(automatic),87.65,2766.4,no
male,0,yes,no,2,yes,no,fiber_optic,no,no,no,yes,yes,yes,month-to-month,yes,electronic_check,94.2,167.5,yes
female,1,yes,no,55,yes,no,fiber_optic,no,no,yes,yes,yes,no,two_year,no,credit_card_(automatic),88.8,4805.3,no
female,0,no,no,1,yes,no,fiber_optic,no,no,no,no,no,no,month-to-month,no,mailed_check,70.9,70.9,yes
female,0,no,no,5,yes,no,dsl,yes,no,no,yes,no,no,month-to-month,no,electronic_check,54.2,308.25,yes
male,0,yes,no,30,yes,no,no,no_internet_service,no_internet_service,no_internet_service,no_internet_service,no_internet_service,no_internet_service,one_year,no,credit_card_(automatic),20.7,587.1,no
female,0,no,no,72,yes,yes,fiber_optic,yes,yes,yes,no,yes,no,two_year,yes,bank_transfer_(automatic),101.3,7261.25,no
female,0,no,no,61,yes,yes,dsl,yes,yes,yes,yes,yes,yes,two_year,no,electronic_check,89.65,5308.7,no
female,0,yes,no,71,yes,yes,no,no_internet_service,no_internet_service,no_internet_service,no_internet_service,no_internet_service,no_internet_service,two_year,no,bank_transfer_(automatic),25.0,1753.0,no
female,0,no,no,4,yes,no,fiber_optic,no,no,no,no,no,no,month-to-month,yes,electronic_check,70.15,268.35,yes
female,0,yes,yes,71,yes,no,fiber_optic,no,no,yes,no,no,no,two_year,no,electronic_check,76.05,5436.45,no
male,0,yes,yes,40,yes,yes,no,no_internet_service,no_internet_service,no_internet_service,no_internet_service,no_internet_service,no_internet_service,two_year,no,credit_card_(automatic),25.25,1006.9,no
female,0,yes,yes,41,yes,yes,dsl,yes,yes,yes,yes,no,yes,month-to-month,no,credit_card_(automatic),79.9,3326.2,yes
female,1,no,no,41,yes,no,fiber_optic,no,no,yes,yes,yes,yes,one_year,yes,bank_transfer_(automatic),101.1,4016.2,no
male,0,yes,yes,67,yes,yes,fiber_optic,no,yes,yes,no,no,no,one_year,no,electronic_check,87.4,5918.8,yes
female,0,yes,no,37,yes,no,no,no_internet_service,no_internet_service,no_internet_service,no_internet_service,no_internet_service,no_internet_service,one_year,yes,bank_transfer_(automatic),19.85,717.5,no
female,0,no,no,62,yes,yes,fiber_optic,no,no,no,no,yes,yes,one_year,yes,bank_transfer_(automatic),94.0,5757.2,no
female,0,no,no,58,yes,yes,fiber_optic,yes,no,no,no,no,no,month-to-month,yes,bank_transfer_(automatic),79.8,4526.85,no
female,0,yes,no,58,yes,yes,fiber_optic,no,yes,yes,no,no,yes,one_year,yes,electronic_check,94.3,5610.15,no
female,0,yes,no,57,yes,no,dsl,yes,yes,no,yes,yes,no,two_year,yes,credit_card_(automatic),70.35,4124.65,no
female,0,no,no,46,yes,no,fiber_optic,yes,yes,yes,no,yes,no,one_year,yes,credit_card_(automatic),95.65,4664.2,no
female,0,yes,yes,46,yes,no,no,no_internet_service,no_internet_service,no_internet_service,no_internet_service,no_internet_service,no_internet_service,two_year,yes,mailed_check,19.95,927.1,no
male,0,no,no,10,yes,yes,fiber_optic,no,yes,no,no,no,no,month-to-month,no,electronic_check,79.85,797.25,no
male,0,yes,yes,68,yes,yes,no,no_internet_service,no_internet_service,no_internet_service,no_internet_service,no_internet_service,no_internet_service,two_year,yes,bank_transfer_(automatic),24.0,1664.3,no
female,0,no,yes,61,yes,yes,no,no_internet_service,no_internet_service,no_internet_service,no_internet_service,no_internet_service,no_internet_service,two_year,yes,credit_card_(automatic),25.0,1498.35,no
male,0,no,no,5,yes,no,no,no_internet_service,no_internet_service,no_internet_service,no_internet_service,no_internet_service,no_internet_service,month-to-month,no,bank_transfer_(automatic),20.65,93.55,no
female,0,yes,yes,72,yes,yes,fiber_optic,yes,yes,no,yes,no,no,two_year,yes,bank_transfer_(automatic),90.35,6563.4,no
male,0,no,no,26,yes,no,dsl,no,no,no,yes,no,no,month-to-month,no,bank_transfer_(automatic),49.15,1237.3,no
female,0,yes,no,47,yes,yes,fiber_optic,no,no,yes,no,yes,yes,month-to-month,yes,electronic_check,100.5,4707.1,no
female,0,no,no,6,yes,no,fiber_optic,no,no,no,no,no,no,month-to-month,no,credit_card_(automatic),70.55,433.95,no
female,0,no,no,63,yes,yes,fiber_optic,no,yes,yes,yes,yes,yes,month-to-month,yes,credit_card_(automatic),109.85,7002.95,no
female,0,yes,yes,39,yes,no,dsl,yes,no,no,no,no,no,month-to-month,no,credit_card_(automatic),51.05,2066.0,no
male,0,yes,yes,44,yes,yes,no,no_internet_service,no_internet_service,no_internet_service,no_internet_service,no_internet_service,no_internet_service,one_year,no,mailed_check,25.7,1110.5,no
male,0,yes,no,65,yes,yes,fiber_optic,yes,yes,yes,no,no,no,one_year,no,electronic_check,89.75,5769.6,yes
female,0,yes,no,37,yes,yes,fiber_optic,no,no,yes,no,no,no,month-to-month,yes,credit_card_(automatic),78.95,2839.65,yes
male,1,yes,yes,50,yes,yes,dsl,yes,yes,yes,no,no,yes,two_year,yes,bank_transfer_(automatic),75.15,3822.45,no
female,1,yes,no,51,yes,yes,fiber_optic,yes,no,no,no,no,no,month-to-month,yes,electronic_check,77.5,3807.35,yes
male,0,no,no,22,yes,yes,fiber_optic,no,yes,no,no,yes,yes,month-to-month,yes,electronic_check,100.65,2415.95,no
female,0,no,no,14,yes,no,dsl,no,yes,no,no,no,no,month-to-month,no,electronic_check,50.45,765.45,no
female,0,no,no,5,yes,no,dsl,yes,no,no,yes,yes,no,month-to-month,yes,electronic_check,64.35,352.65,no
female,0,yes,no,70,yes,yes,dsl,yes,yes,yes,yes,yes,yes,two_year,yes,credit_card_(automatic),94.8,6859.05,no
female,0,yes,no,32,yes,no,no,no_internet_service,no_internet_service,no_internet_service,no_internet_service,no_internet_service,no_internet_service,month-to-month,no,bank_transfer_(automatic),19.4,641.15,no
female,0,no,no,36,yes,no,dsl,yes,yes,yes,yes,yes,yes,one_year,no,bank_transfer_(automatic),85.85,3003.55,no
female,0,no,no,6,yes,no,fiber_optic,no,no,no,no,yes,yes,month-to-month,yes,electronic_check,91.1,455.3,yes
male,1,no,no,22,yes,yes,fiber_optic,no,no,no,no,yes,yes,month-to-month,yes,electronic_check,96.7,2082.95,yes
male,0,yes,yes,72,yes,yes,dsl,yes,yes,yes,yes,yes,no,two_year,yes,bank_transfer_(automatic),80.85,5727.45,no
female,0,no,no,9,yes,no,dsl,no,no,no,no,no,no,month-to-month,yes,bank_transfer_(automatic),44.2,403.35,yes
female,0,yes,no,60,no,no_phone_service,dsl,yes,yes,no,yes,no,no,two_year,no,bank_transfer_(automatic),37.7,2288.7,no
female,0,yes,yes,1,yes,no,no,no_internet_service,no_internet_service,no_internet_service,no_internet_service,no_internet_service,no_internet_service,month-to-month,yes,mailed_check,19.0,19.0,no
female,0,yes,yes,7,no,no_phone_service,dsl,yes,no,no,yes,no,no,month-to-month,no,mailed_check,34.65,246.6,no
male,0,no,no,33,no,no_phone_service,dsl,no,yes,no,no,yes,no,one_year,yes,electronic_check,39.1,1309.0,no
male,0,no,yes,1,yes,yes,fiber_optic,no,no,no,no,no,no,month-to-month,yes,electronic_check,74.35,74.35,yes
male,0,yes,no,72,yes,yes,dsl,yes,yes,yes,yes,no,no,two_year,no,mailed_check,68.15,4808.7,no
female,0,yes,yes,15,yes,no,no,no_internet_service,no_internet_service,no_internet_service,no_internet_service,no_internet_service,no_internet_service,one_year,no,credit_card_(automatic),20.35,335.95,no
female,0,yes,no,18,yes,yes,fiber_optic,no,no,no,yes,yes,no,month-to-month,yes,electronic_check,88.85,1594.75,no
male,0,no,no,4,yes,no,dsl,no,no,yes,yes,yes,yes,month-to-month,yes,electronic_check,74.4,299.7,yes
male,0,yes,no,59,yes,yes,dsl,yes,no,no,yes,no,yes,one_year,yes,mailed_check,69.1,4096.9,no
male,0,no,no,37,no,no_phone_service,dsl,no,no,no,no,yes,no,two_year,no,credit_card_(automatic),35.8,1316.9,no
male,0,yes,yes,72,no,no_phone_service,dsl,yes,yes,yes,yes,yes,yes,two_year,yes,credit_card_(automatic),65.25,4478.85,no
male,0,yes,yes,72,yes,yes,fiber_optic,yes,yes,no,yes,yes,yes,two_year,yes,credit_card_(automatic),107.7,7919.8,no
male,0,no,no,2,yes,no,dsl,yes,no,no,no,no,no,month-to-month,yes,electronic_check,47.8,92.45,yes
male,1,yes,no,66,yes,yes,fiber_optic,no,no,no,yes,yes,yes,month-to-month,yes,credit_card_(automatic),100.05,6871.9,yes
male,0,no,no,1,yes,no,no,no_internet_service,no_internet_service,no_internet_service,no_internet_service,no_internet_service,no_internet_service,month-to-month,no,mailed_check,18.9,18.9,no
male,0,yes,yes,7,no,no_phone_service,dsl,yes,yes,yes,no,yes,yes,month-to-month,no,mailed_check,58.85,465.7,no
female,0,yes,yes,35,yes,yes,dsl,yes,no,yes,yes,yes,no,month-to-month,no,electronic_check,72.25,2568.55,yes
male,0,no,no,6,yes,no,no,no_internet_service,no_internet_service,no_internet_service,no_internet_service,no_internet_service,no_internet_service,month-to-month,no,mailed_check,18.95,110.15,no
male,0,no,no,72,no,no_phone_service,dsl,yes,yes,yes,yes,yes,yes,two_year,yes,bank_transfer_(automatic),65.55,4807.45,no
female,0,no,no,1,yes,no,no,no_internet_service,no_internet_service,no_internet_service,no_internet_service,no_internet_service,no_internet_service,month-to-month,no,mailed_check,19.9,19.9,no
female,0,yes,yes,9,yes,no,dsl,no,yes,no,yes,yes,no,one_year,yes,mailed_check,65.6,593.3,no
female,1,yes,no,28,yes,yes,fiber_optic,no,yes,yes,yes,yes,yes,month-to-month,yes,electronic_check,110.85,3204.4,no
male,1,yes,no,17,yes,yes,fiber_optic,no,no,no,no,yes,yes,month-to-month,yes,electronic_check,94.8,1563.9,no
male,0,no,no,3,yes,no,fiber_optic,no,yes,no,no,no,no,month-to-month,no,credit_card_(automatic),74.45,221.1,no
female,1,yes,no,55,yes,yes,dsl,no,no,no,no,no,no,month-to-month,no,bank_transfer_(automatic),51.65,2838.55,no
male,0,yes,yes,1,no,no_phone_service,dsl,no,yes,no,no,no,no,month-to-month,no,electronic_check,30.2,30.2,yes
male,0,yes,no,71,yes,yes,fiber_optic,no,yes,yes,yes,yes,yes,two_year,yes,credit_card_(automatic),108.6,7690.9,yes
male,0,no,no,69,yes,yes,fiber_optic,no,yes,yes,yes,yes,no,two_year,yes,credit_card_(automatic),97.65,6743.55,no
female,0,no,no,4,yes,yes,fiber_optic,yes,no,no,no,no,no,month-to-month,yes,electronic_check,80.15,319.85,no
female,0,yes,yes,54,yes,yes,no,no_internet_service,no_internet_service,no_internet_service,no_internet_service,no_internet_service,no_internet_service,one_year,yes,bank_transfer_(automatic),24.75,1342.15,no
male,0,yes,yes,64,yes,no,dsl,yes,no,yes,no,yes,yes,one_year,yes,credit_card_(automatic),73.05,4688.65,no
female,0,yes,yes,66,yes,yes,fiber_optic,yes,yes,yes,no,yes,yes,two_year,no,bank_transfer_(automatic),109.25,7082.5,no
male,0,yes,no,61,yes,yes,fiber_optic,no,no,no,no,yes,yes,one_year,yes,bank_transfer_(automatic),96.5,5673.7,no
female,0,yes,yes,56,yes,yes,dsl,yes,no,no,no,yes,no,one_year,no,bank_transfer_(automatic),65.2,3512.15,no
female,0,no,yes,7,yes,no,no,no_internet_service,no_internet_service,no_internet_service,no_internet_service,no_internet_service,no_internet_service,one_year,no,mailed_check,20.05,96.8,no
male,0,yes,no,72,yes,yes,no,no_internet_service,no_internet_service,no_internet_service,no_internet_service,no_internet_service,no_internet_service,two_year,no,credit_card_(automatic),24.8,1874.3,no
male,0,no,no,8,yes,yes,fiber_optic,no,no,no,no,no,yes,month-to-month,yes,electronic_check,86.55,649.65,yes
female,0,yes,no,70,yes,yes,fiber_optic,no,yes,yes,yes,yes,yes,two_year,yes,electronic_check,110.5,7752.05,no
female,0,no,no,14,yes,no,dsl,no,no,no,yes,yes,yes,month-to-month,yes,electronic_check,69.65,921.4,no
male,0,yes,yes,72,yes,yes,fiber_optic,no,yes,yes,yes,no,no,two_year,no,bank_transfer_(automatic),90.45,6565.85,no
male,0,no,no,5,yes,no,dsl,no,no,yes,no,yes,yes,one_year,yes,mailed_check,70.0,347.4,yes
female,0,no,no,8,yes,yes,fiber_optic,no,no,no,no,yes,no,month-to-month,yes,electronic_check,87.05,762.1,yes
male,0,no,no,7,yes,yes,fiber_optic,no,no,no,no,yes,yes,month-to-month,yes,electronic_check,94.1,701.3,no
female,0,no,yes,18,no,no_phone_service,dsl,no,no,no,no,no,yes,month-to-month,yes,electronic_check,35.0,553.0,yes
female,1,yes,no,20,yes,no,dsl,no,yes,no,no,no,yes,month-to-month,yes,electronic_check,60.0,1259.35,no
female,0,no,no,52,yes,yes,fiber_optic,no,yes,no,no,no,no,one_year,yes,mailed_check,80.2,4297.6,no
female,0,yes,yes,72,yes,yes,fiber_optic,yes,yes,yes,yes,yes,yes,two_year,yes,bank_transfer_(automatic),115.6,8220.4,no
male,0,yes,yes,72,yes,yes,dsl,yes,yes,yes,yes,yes,yes,two_year,no,credit_card_(automatic),88.7,6501.35,no
female,0,yes,yes,34,yes,no,no,no_internet_service,no_internet_service,no_internet_service,no_internet_service,no_internet_service,no_internet_service,one_year,yes,bank_transfer_(automatic),20.1,682.1,no
male,0,no,no,23,yes,yes,fiber_optic,no,no,yes,yes,yes,yes,month-to-month,yes,mailed_check,104.05,2470.1,yes
female,0,no,no,1,yes,yes,fiber_optic,no,no,no,no,no,no,month-to-month,yes,electronic_check,74.5,74.5,yes
female,1,no,no,34,no,no_phone_service,dsl,no,yes,yes,no,yes,yes,month-to-month,yes,electronic_check,56.25,1765.95,no
male,0,yes,yes,1,yes,no,fiber_optic,no,no,no,no,no,no,month-to-month,yes,mailed_check,69.9,69.9,yes
female,0,no,yes,21,no,no_phone_service,dsl,yes,yes,yes,yes,yes,no,two_year,no,mailed_check,53.15,1183.2,no
female,0,yes,yes,53,yes,no,no,no_internet_service,no_internet_service,no_internet_service,no_internet_service,no_internet_service,no_internet_service,one_year,no,bank_transfer_(automatic),19.55,1007.9,no
female,0,no,no,3,yes,yes,dsl,no,no,no,yes,yes,no,month-to-month,no,electronic_check,64.6,174.2,no
female,1,no,no,5,no,no_phone_service,dsl,no,yes,no,no,no,no,month-to-month,no,electronic_check,28.45,131.05,yes
male,0,no,no,35,yes,yes,no,no_internet_service,no_internet_service,no_internet_service,no_internet_service,no_internet_service,no_internet_service,one_year,no,bank_transfer_(automatic),26.2,954.9,no
female,0,yes,yes,62,yes,yes,fiber_optic,no,yes,no,yes,yes,yes,one_year,yes,credit_card_(automatic),106.05,6703.5,no
male,1,yes,yes,26,yes,yes,fiber_optic,no,yes,yes,no,yes,yes,month-to-month,no,electronic_check,105.75,2710.25,yes
male,0,yes,no,67,yes,no,fiber_optic,yes,yes,no,no,no,yes,one_year,yes,credit_card_(automatic),90.6,6056.15,yes
male,0,yes,yes,23,yes,no,fiber_optic,no,yes,yes,yes,no,no,one_year,no,mailed_check,86.8,1940.8,no
female,0,yes,yes,22,yes,no,fiber_optic,no,no,no,no,no,yes,month-to-month,yes,electronic_check,80.15,1790.65,no
male,0,yes,yes,31,yes,yes,fiber_optic,yes,no,yes,no,yes,no,one_year,no,bank_transfer_(automatic),98.05,3082.1,no
female,1,no,no,14,yes,yes,fiber_optic,no,yes,no,no,no,no,month-to-month,yes,electronic_check,78.95,1101.85,yes
female,0,no,no,2,yes,yes,fiber_optic,no,no,no,no,no,no,month-to-month,no,credit_card_(automatic),74.9,147.15,yes
female,0,yes,yes,48,yes,yes,fiber_optic,yes,yes,no,no,yes,yes,one_year,yes,credit_card_(automatic),103.25,5037.55,yes
female,1,yes,no,26,yes,no,fiber_optic,no,yes,no,no,no,yes,month-to-month,no,electronic_check,84.95,2169.75,yes
male,0,yes,yes,7,yes,no,fiber_optic,no,yes,no,yes,yes,no,month-to-month,yes,electronic_check,89.75,608.8,yes
male,1,yes,no,13,yes,yes,fiber_optic,yes,yes,no,no,no,yes,month-to-month,no,credit_card_(automatic),93.8,1261.0,no
male,1,no,no,26,yes,no,no,no_internet_service,no_internet_service,no_internet_service,no_internet_service,no_internet_service,no_internet_service,one_year,no,credit_card_(automatic),19.3,504.2,no
male,0,yes,yes,14,yes,no,no,no_internet_service,no_internet_service,no_internet_service,no_internet_service,no_internet_service,no_internet_service,one_year,no,mailed_check,19.75,309.35,no
female,0,no,yes,2,yes,no,dsl,yes,no,no,no,no,yes,month-to-month,yes,credit_card_(automatic),61.2,125.95,no
male,0,no,yes,29,yes,yes,fiber_optic,no,yes,yes,yes,no,yes,one_year,no,credit_card_(automatic),100.55,2830.45,no
male,0,yes,yes,22,yes,no,dsl,yes,no,yes,yes,yes,no,one_year,yes,bank_transfer_(automatic),67.5,1544.05,yes
male,0,yes,no,54,yes,yes,fiber_optic,yes,yes,yes,no,yes,yes,month-to-month,no,electronic_check,109.55,6118.95,no
male,0,no,no,22,yes,no,no,no_internet_service,no_internet_service,no_internet_service,no_internet_service,no_internet_service,no_internet_service,one_year,no,credit_card_(automatic),20.3,467.15,no
female,0,yes,yes,61,yes,yes,dsl,yes,yes,yes,yes,yes,yes,two_year,no,mailed_check,88.1,5526.75,no
male,0,yes,yes,69,yes,yes,fiber_optic,no,yes,yes,no,yes,yes,two_year,yes,electronic_check,105.0,7297.75,no
female,1,no,no,4,yes,yes,fiber_optic,no,no,yes,no,yes,no,month-to-month,yes,electronic_check,89.2,346.2,yes
female,1,no,no,63,yes,yes,dsl,yes,yes,yes,yes,yes,no,one_year,no,bank_transfer_(automatic),83.0,5243.05,no
male,0,yes,yes,11,yes,no,fiber_optic,no,no,no,no,yes,yes,month-to-month,no,electronic_check,90.6,1020.2,no
female,0,no,no,2,yes,no,dsl,no,no,yes,yes,yes,yes,month-to-month,no,electronic_check,76.4,160.8,yes
male,0,yes,no,29,yes,yes,fiber_optic,no,yes,yes,no,no,no,month-to-month,yes,electronic_check,85.8,2440.25,no
female,0,yes,yes,57,yes,yes,fiber_optic,no,yes,no,no,yes,yes,month-to-month,yes,electronic_check,100.6,5611.7,no
male,0,yes,yes,71,yes,no,no,no_internet_service,no_internet_service,no_internet_service,no_internet_service,no_internet_service,no_internet_service,two_year,no,credit_card_(automatic),19.7,1301.1,no
female,0,no,no,2,yes,yes,fiber_optic,no,yes,no,no,no,no,month-to-month,no,electronic_check,79.55,151.75,no
female,0,no,no,7,yes,yes,fiber_optic,no,no,no,no,no,no,month-to-month,yes,electronic_check,73.85,511.25,yes
female,1,yes,no,32,yes,yes,fiber_optic,no,no,no,no,yes,yes,month-to-month,yes,electronic_check,93.2,2931.0,yes
male,1,yes,no,30,yes,yes,dsl,no,no,yes,no,yes,yes,two_year,no,electronic_check,74.85,2181.75,no
male,0,yes,no,49,no,no_phone_service,dsl,no,yes,no,no,yes,yes,two_year,no,credit_card_(automatic),49.65,2409.9,no
female,0,yes,yes,26,yes,no,no,no_internet_service,no_internet_service,no_internet_service,no_internet_service,no_internet_service,no_internet_service,two_year,no,credit_card_(automatic),19.65,494.9,no
male,0,no,no,45,yes,no,fiber_optic,yes,yes,yes,yes,yes,yes,one_year,no,credit_card_(automatic),112.2,5031.85,no
male,0,no,no,26,yes,yes,fiber_optic,no,no,no,no,no,yes,month-to-month,yes,electronic_check,83.95,2254.2,yes
female,0,yes,no,68,yes,yes,no,no_internet_service,no_internet_service,no_internet_service,no_internet_service,no_internet_service,no_internet_service,two_year,no,credit_card_(automatic),25.8,1911.5,no
female,0,yes,yes,72,yes,no,dsl,yes,no,yes,yes,yes,yes,two_year,yes,bank_transfer_(automatic),80.45,5886.85,no
male,0,no,no,1,yes,no,dsl,no,yes,no,no,no,no,month-to-month,no,mailed_check,50.65,50.65,yes
male,0,yes,yes,67,yes,no,no,no_internet_service,no_internet_service,no_internet_service,no_internet_service,no_internet_service,no_internet_service,two_year,yes,mailed_check,20.8,1411.9,no
male,0,yes,no,54,no,no_phone_service,dsl,no,yes,no,no,no,no,month-to-month,no,electronic_check,30.4,1621.35,no
female,0,yes,yes,12,yes,no,no,no_internet_service,no_internet_service,no_internet_service,no_internet_service,no_internet_service,no_internet_service,one_year,no,bank_transfer_(automatic),19.8,229.6,yes
female,0,no,no,42,yes,no,dsl,yes,yes,yes,no,no,no,month-to-month,no,bank_transfer_(automatic),59.65,2536.55,no
male,0,yes,no,70,yes,no,dsl,yes,yes,yes,yes,no,no,two_year,no,credit_card_(automatic),64.95,4523.25,no
male,0,no,yes,40,yes,no,no,no_internet_service,no_internet_service,no_internet_service,no_internet_service,no_internet_service,no_internet_service,one_year,yes,bank_transfer_(automatic),20.4,854.9,no
female,0,yes,no,25,yes,no,fiber_optic,no,no,no,yes,yes,yes,month-to-month,yes,electronic_check,95.15,2395.7,no
male,0,yes,no,54,yes,yes,fiber_optic,no,yes,yes,no,yes,yes,month-to-month,yes,electronic_check,104.3,5278.15,yes
male,0,no,no,7,yes,yes,fiber_optic,no,no,yes,no,yes,no,month-to-month,yes,credit_card_(automatic),89.35,631.85,yes
male,0,yes,yes,71,yes,yes,fiber_optic,yes,no,yes,no,yes,yes,two_year,no,electronic_check,105.55,7405.5,no
female,0,no,no,1,yes,no,fiber_optic,no,no,no,no,no,no,month-to-month,yes,mailed_check,70.15,70.15,yes
male,0,yes,no,18,yes,no,dsl,no,no,yes,no,no,no,month-to-month,yes,mailed_check,49.55,878.35,yes
female,1,yes,no,67,yes,yes,fiber_optic,yes,yes,no,no,yes,yes,one_year,yes,electronic_check,105.6,7112.15,no
female,0,yes,yes,30,yes,yes,fiber_optic,no,no,yes,no,yes,yes,month-to-month,yes,electronic_check,100.05,3046.15,yes
male,0,no,no,2,yes,no,dsl,no,no,no,no,no,no,month-to-month,yes,mailed_check,45.0,96.45,yes
male,0,no,no,10,yes,no,fiber_optic,no,no,no,yes,yes,yes,month-to-month,yes,credit_card_(automatic),95.1,865.1,no
male,1,no,no,13,yes,no,dsl,no,yes,no,no,yes,no,month-to-month,yes,electronic_check,59.9,788.35,no
female,0,no,no,1,yes,no,fiber_optic,no,no,no,no,no,no,month-to-month,no,electronic_check,71.35,71.35,yes
male,0,yes,no,10,yes,no,fiber_optic,no,no,no,no,no,no,month-to-month,yes,electronic_check,70.1,659.65,yes
male,1,no,no,14,yes,yes,fiber_optic,no,no,no,no,no,no,month-to-month,yes,electronic_check,74.95,1036.75,yes
male,0,yes,no,72,yes,no,no,no_internet_service,no_internet_service,no_internet_service,no_internet_service,no_internet_service,no_internet_service,two_year,no,bank_transfer_(automatic),20.7,1492.1,no
female,0,no,no,6,yes,no,no,no_internet_service,no_internet_service,no_internet_service,no_internet_service,no_internet_service,no_internet_service,month-to-month,no,mailed_check,20.7,112.75,no
male,1,yes,no,64,yes,no,fiber_optic,yes,no,yes,no,no,no,one_year,no,credit_card_(automatic),80.3,5017.7,no
male,1,yes,no,68,yes,yes,fiber_optic,no,no,yes,no,no,no,month-to-month,yes,credit_card_(automatic),80.35,5589.3,no
male,0,no,no,3,yes,yes,fiber_optic,no,no,no,no,no,no,month-to-month,no,electronic_check,74.5,217.45,no
male,0,no,no,18,yes,no,no,no_internet_service,no_internet_service,no_internet_service,no_internet_service,no_internet_service,no_internet_service,month-to-month,no,mailed_check,19.25,331.35,no
male,0,yes,yes,49,yes,yes,fiber_optic,no,yes,yes,no,yes,no,one_year,yes,electronic_check,93.65,4520.15,no
male,0,yes,no,70,yes,yes,fiber_optic,no,yes,yes,no,yes,no,one_year,yes,bank_transfer_(automatic),95.0,6602.9,no
male,0,no,no,64,yes,yes,fiber_optic,yes,no,yes,yes,no,yes,two_year,no,credit_card_(automatic),99.25,6549.45,no
female,0,no,no,2,yes,no,fiber_optic,no,no,no,no,no,no,month-to-month,no,electronic_check,70.35,139.25,no
male,0,no,yes,8,no,no_phone_service,dsl,no,no,no,no,no,no,month-to-month,no,mailed_check,25.5,215.2,yes
female,0,yes,yes,22,yes,no,fiber_optic,no,yes,no,no,no,yes,month-to-month,no,electronic_check,83.3,1845.9,yes
male,0,yes,yes,66,yes,yes,no,no_internet_service,no_internet_service,no_internet_service,no_internet_service,no_internet_service,no_internet_service,one_year,yes,credit_card_(automatic),25.7,1714.55,no
male,0,no,no,5,no,no_phone_service,dsl,yes,no,yes,yes,no,no,month-to-month,no,mailed_check,40.0,223.45,yes
male,0,no,no,22,yes,yes,dsl,yes,yes,no,no,no,no,month-to-month,no,electronic_check,59.0,1254.7,yes
female,0,no,no,15,yes,no,dsl,no,yes,no,no,no,no,month-to-month,no,electronic_check,48.85,736.8,no
female,0,no,no,2,yes,no,fiber_optic,no,no,no,no,no,no,month-to-month,no,bank_transfer_(automatic),70.0,153.05,yes
male,0,yes,yes,38,yes,yes,fiber_optic,no,yes,yes,no,yes,no,month-to-month,yes,electronic_check,94.65,3624.3,yes
female,0,no,no,13,yes,no,no,no_internet_service,no_internet_service,no_internet_service,no_internet_service,no_internet_service,no_internet_service,one_year,no,mailed_check,20.2,273.25,no
male,0,no,yes,1,yes,yes,dsl,no,no,no,no,no,no,month-to-month,yes,electronic_check,50.05,50.05,no
female,1,yes,yes,48,no,no_phone_service,dsl,no,yes,no,no,no,no,one_year,no,bank_transfer_(automatic),29.9,1388.75,no
female,0,yes,no,72,yes,yes,dsl,yes,yes,yes,yes,yes,yes,two_year,yes,electronic_check,92.4,6786.1,no
female,0,no,no,10,yes,yes,fiber_optic,no,no,yes,no,yes,yes,month-to-month,yes,electronic_check,100.6,1060.2,yes
female,0,no,no,1,yes,no,no,no_internet_service,no_internet_service,no_internet_service,no_internet_service,no_internet_service,no_internet_service,month-to-month,yes,mailed_check,19.5,19.5,no
male,0,yes,no,3,yes,no,no,no_internet_service,no_internet_service,no_internet_service,no_internet_service,no_internet_service,no_internet_service,month-to-month,yes,credit_card_(automatic),20.55,51.15,yes
female,1,yes,no,4,yes,yes,fiber_optic,yes,no,no,no,yes,yes,month-to-month,yes,electronic_check,99.6,347.65,yes
male,0,no,no,28,no,no_phone_service,dsl,no,no,no,yes,no,no,month-to-month,yes,credit_card_(automatic),30.1,810.85,no
female,0,no,no,43,yes,no,fiber_optic,no,yes,yes,no,yes,no,month-to-month,yes,electronic_check,91.65,3954.1,no
male,0,no,no,10,yes,no,fiber_optic,yes,yes,yes,yes,yes,yes,month-to-month,yes,electronic_check,110.1,1043.3,yes
male,0,no,yes,1,no,no_phone_service,dsl,no,no,no,no,no,no,month-to-month,no,electronic_check,24.75,24.75,yes
female,1,no,no,57,yes,no,dsl,yes,no,yes,yes,yes,no,two_year,no,bank_transfer_(automatic),69.85,4003.0,no
female,0,no,no,28,yes,no,dsl,yes,yes,no,no,no,no,month-to-month,no,electronic_check,56.05,1522.65,no
male,1,no,no,5,yes,no,fiber_optic,no,no,no,no,yes,yes,month-to-month,yes,electronic_check,89.5,477.7,yes
male,0,yes,yes,67,yes,yes,no,no_internet_service,no_internet_service,no_internet_service,no_internet_service,no_internet_service,no_internet_service,two_year,no,mailed_check,26.3,1688.9,no
female,0,yes,no,33,yes,no,dsl,no,no,no,yes,no,no,one_year,yes,mailed_check,51.45,1758.9,no
female,0,yes,yes,49,yes,yes,fiber_optic,no,yes,yes,yes,yes,yes,two_year,yes,bank_transfer_(automatic),107.95,5293.2,yes
male,0,yes,no,64,yes,no,fiber_optic,yes,no,no,no,no,no,month-to-month,yes,mailed_check,73.55,4764.0,no
female,0,yes,yes,72,yes,yes,fiber_optic,yes,yes,no,no,yes,no,two_year,yes,electronic_check,95.1,6843.15,no
male,0,yes,yes,66,no,no_phone_service,dsl,no,no,no,yes,yes,yes,two_year,no,bank_transfer_(automatic),50.55,3364.55,no
male,0,yes,yes,72,yes,yes,fiber_optic,yes,yes,yes,yes,yes,no,two_year,yes,credit_card_(automatic),106.1,7548.6,no
female,0,no,no,42,yes,no,no,no_internet_service,no_internet_service,no_internet_service,no_internet_service,no_internet_service,no_internet_service,one_year,yes,mailed_check,20.65,958.1,no
male,0,yes,yes,37,yes,no,no,no_internet_service,no_internet_service,no_internet_service,no_internet_service,no_internet_service,no_internet_service,two_year,no,bank_transfer_(automatic),19.8,726.1,no
male,0,no,no,29,yes,no,fiber_optic,no,no,no,yes,yes,yes,month-to-month,yes,electronic_check,94.2,2607.6,no
male,0,no,no,34,no,no_phone_service,dsl,no,no,no,no,no,no,month-to-month,yes,bank_transfer_(automatic),25.05,852.7,no
male,0,no,yes,4,yes,no,dsl,yes,no,no,no,no,no,month-to-month,yes,electronic_check,49.4,184.4,yes
female,1,no,no,11,yes,no,fiber_optic,no,yes,no,no,yes,yes,month-to-month,yes,electronic_check,95.0,1120.3,yes
female,0,no,no,54,yes,no,fiber_optic,no,no,yes,no,yes,yes,one_year,yes,credit_card_(automatic),94.1,5060.9,no
male,0,no,no,4,no,no_phone_service,dsl,no,no,no,yes,no,yes,month-to-month,yes,electronic_check,40.05,162.45,no
female,0,yes,no,19,yes,no,dsl,no,no,no,no,no,no,month-to-month,no,mailed_check,44.9,839.65,no
male,0,no,no,6,yes,no,fiber_optic,yes,yes,no,no,no,no,month-to-month,yes,electronic_check,78.95,494.95,no
female,1,no,no,56,yes,yes,fiber_optic,yes,yes,no,no,no,yes,month-to-month,yes,electronic_check,96.85,5219.65,no
female,0,no,no,12,yes,no,dsl,no,no,no,no,no,no,month-to-month,yes,electronic_check,45.05,523.1,no
male,0,no,no,33,yes,no,no,no_internet_service,no_internet_service,no_internet_service,no_internet_service,no_internet_service,no_internet_service,two_year,no,mailed_check,20.35,689.75,no
male,0,no,no,33,yes,yes,dsl,no,yes,no,no,no,no,month-to-month,yes,bank_transfer_(automatic),54.65,1665.2,no
male,0,no,no,14,yes,yes,fiber_optic,no,yes,no,no,yes,yes,month-to-month,yes,electronic_check,100.55,1415.55,yes
female,0,yes,no,58,yes,yes,fiber_optic,no,no,yes,yes,yes,yes,month-to-month,yes,credit_card_(automatic),102.1,5885.4,yes
female,1,no,no,4,yes,no,no,no_internet_service,no_internet_service,no_internet_service,no_internet_service,no_internet_service,no_internet_service,month-to-month,no,mailed_check,20.05,91.45,no
female,0,yes,yes,22,yes,yes,fiber_optic,no,no,no,no,no,no,month-to-month,yes,bank_transfer_(automatic),75.8,1615.1,no
male,0,no,yes,57,yes,no,no,no_internet_service,no_internet_service,no_internet_service,no_internet_service,no_internet_service,no_internet_service,two_year,yes,mailed_check,19.6,1170.55,no
female,1,yes,no,8,yes,yes,fiber_optic,no,no,no,no,no,yes,month-to-month,yes,electronic_check,84.0,613.4,yes
male,0,no,no,9,yes,yes,fiber_optic,no,yes,no,no,yes,yes,month-to-month,yes,credit_card_(automatic),99.3,918.75,no
female,0,yes,no,71,no,no_phone_service,dsl,no,yes,yes,yes,yes,yes,two_year,yes,credit_card_(automatic),61.4,4310.35,no
male,0,no,no,4,yes,yes,fiber_optic,no,yes,no,no,no,no,month-to-month,no,electronic_check,78.45,330.05,yes
female,0,yes,yes,50,yes,no,fiber_optic,no,no,no,no,no,no,month-to-month,yes,bank_transfer_(automatic),69.75,3557.7,no
male,0,yes,yes,62,yes,no,dsl,yes,no,yes,yes,no,yes,one_year,no,credit_card_(automatic),71.4,4487.3,no
female,0,yes,no,41,no,no_phone_service,dsl,no,yes,no,yes,no,no,one_year,no,mailed_check,35.45,1391.65,no
female,0,no,no,27,yes,yes,fiber_optic,no,no,no,no,yes,yes,month-to-month,yes,bank_transfer_(automatic),95.6,2595.25,no
male,0,no,no,37,yes,no,no,no_internet_service,no_internet_service,no_internet_service,no_internet_service,no_internet_service,no_internet_service,one_year,no,credit_card_(automatic),20.15,785.75,no
female,0,no,no,3,no,no_phone_service,dsl,yes,no,no,yes,no,no,month-to-month,no,mailed_check,34.25,139.35,yes
male,0,yes,yes,60,yes,no,fiber_optic,no,yes,yes,no,yes,no,one_year,no,electronic_check,90.95,5453.4,yes
female,0,no,no,5,yes,no,fiber_optic,no,no,no,no,yes,no,month-to-month,no,electronic_check,80.2,384.25,no
male,1,no,no,36,yes,yes,fiber_optic,yes,no,no,no,yes,no,month-to-month,yes,electronic_check,90.85,3186.7,yes
female,0,yes,yes,68,yes,yes,fiber_optic,no,yes,no,yes,yes,yes,two_year,yes,credit_card_(automatic),103.75,7039.45,no
male,0,yes,yes,42,yes,no,dsl,no,no,yes,yes,yes,yes,one_year,no,electronic_check,73.15,3088.25,no
female,0,no,no,1,yes,no,fiber_optic,no,no,no,no,no,no,month-to-month,yes,electronic_check,69.2,69.2,yes
male,0,yes,no,36,yes,yes,fiber_optic,no,no,no,no,yes,yes,month-to-month,yes,electronic_check,95.4,3474.2,no
female,0,yes,yes,52,yes,no,no,no_internet_service,no_internet_service,no_internet_service,no_internet_service,no_internet_service,no_internet_service,two_year,no,mailed_check,19.35,1031.7,no
male,0,yes,no,1,yes,no,fiber_optic,no,no,yes,no,no,no,month-to-month,no,credit_card_(automatic),75.35,75.35,no
female,0,no,no,12,yes,yes,fiber_optic,no,no,no,yes,no,no,month-to-month,yes,credit_card_(automatic),79.55,958.25,no
male,0,no,yes,33,yes,no,no,no_internet_service,no_internet_service,no_internet_service,no_internet_service,no_internet_service,no_internet_service,one_year,yes,mailed_check,20.15,682.15,no
female,0,no,no,9,yes,yes,fiber_optic,no,no,no,no,no,no,month-to-month,yes,electronic_check,74.75,706.6,yes
female,0,yes,yes,4,yes,no,no,no_internet_service,no_internet_service,no_internet_service,no_internet_service,no_internet_service,no_internet_service,month-to-month,yes,electronic_check,19.95,82.9,no
female,0,no,no,63,yes,no,no,no_internet_service,no_internet_service,no_internet_service,no_internet_service,no_internet_service,no_internet_service,two_year,yes,mailed_check,20.6,1298.7,no
male,0,no,no,8,no,no_phone_service,dsl,yes,no,no,no,no,no,month-to-month,no,mailed_check,29.35,216.45,no
male,0,no,no,1,yes,no,no,no_internet_service,no_internet_service,no_internet_service,no_internet_service,no_internet_service,no_internet_service,month-to-month,no,mailed_check,20.45,20.45,no
male,0,yes,no,56,yes,yes,fiber_optic,no,yes,no,yes,yes,yes,one_year,yes,electronic_check,107.25,6033.3,no
male,0,yes,no,50,yes,yes,fiber_optic,no,no,no,yes,yes,yes,one_year,no,electronic_check,99.4,5059.75,no
female,0,no,no,37,no,no_phone_service,dsl,no,no,no,yes,no,no,month-to-month,no,credit_card_(automatic),28.6,973.55,yes
male,0,yes,yes,59,yes,no,dsl,yes,yes,yes,yes,yes,yes,two_year,yes,electronic_check,86.75,5186.0,no
male,0,no,no,2,yes,no,no,no_internet_service,no_internet_service,no_internet_service,no_internet_service,no_internet_service,no_internet_service,month-to-month,yes,credit_card_(automatic),19.9,33.7,no
male,0,no,yes,54,yes,no,fiber_optic,yes,yes,no,yes,yes,yes,one_year,yes,electronic_check,105.85,5826.65,no
female,0,yes,yes,68,yes,yes,dsl,yes,yes,yes,yes,yes,yes,two_year,yes,bank_transfer_(automatic),89.05,6185.8,no
female,1,no,no,1,no,no_phone_service,dsl,no,no,no,no,yes,no,month-to-month,yes,electronic_check,36.45,36.45,yes
female,1,yes,no,50,yes,yes,no,no_internet_service,no_internet_service,no_internet_service,no_internet_service,no_internet_service,no_internet_service,one_year,no,electronic_check,25.2,1306.3,no
female,0,no,no,1,yes,no,fiber_optic,no,no,no,no,no,no,month-to-month,yes,electronic_check,70.6,70.6,yes
male,0,yes,yes,59,yes,no,dsl,no,yes,yes,yes,yes,yes,one_year,no,credit_card_(automatic),76.75,4541.9,no
female,0,yes,yes,40,yes,yes,fiber_optic,no,no,yes,yes,no,no,month-to-month,yes,electronic_check,84.85,3303.05,yes
male,0,yes,yes,2,yes,no,no,no_internet_service,no_internet_service,no_internet_service,no_internet_service,no_internet_service,no_internet_service,one_year,no,mailed_check,19.85,35.9,yes
female,0,no,yes,49,yes,no,no,no_internet_service,no_internet_service,no_internet_service,no_internet_service,no_internet_service,no_internet_service,one_year,no,credit_card_(automatic),19.45,921.3,no
female,0,no,no,15,yes,no,fiber_optic,no,yes,yes,no,yes,yes,month-to-month,yes,electronic_check,101.25,1457.25,yes
male,1,yes,no,60,yes,no,fiber_optic,no,yes,yes,no,yes,yes,one_year,yes,electronic_check,97.95,5867.0,no
female,1,no,no,46,yes,yes,fiber_optic,no,yes,yes,no,yes,yes,month-to-month,yes,electronic_check,104.45,4863.85,no
male,1,no,no,47,yes,yes,fiber_optic,no,no,no,no,yes,no,month-to-month,yes,credit_card_(automatic),86.05,3865.6,no
female,0,no,yes,46,yes,yes,fiber_optic,no,no,yes,yes,no,no,month-to-month,yes,bank_transfer_(automatic),84.8,3958.85,no
male,1,yes,no,61,yes,yes,dsl,no,yes,no,no,no,yes,one_year,no,bank_transfer_(automatic),64.05,3902.6,no
female,0,no,no,6,yes,yes,fiber_optic,no,no,no,no,no,no,month-to-month,yes,mailed_check,73.85,401.3,no
female,1,no,no,2,yes,yes,fiber_optic,no,no,no,no,no,no,month-to-month,yes,mailed_check,75.45,158.4,yes
male,0,no,no,72,yes,yes,fiber_optic,yes,yes,yes,yes,yes,yes,two_year,yes,electronic_check,118.2,8547.15,no
male,0,no,yes,25,no,no_phone_service,dsl,yes,no,no,no,yes,no,one_year,yes,credit_card_(automatic),40.65,970.55,no
female,0,yes,yes,30,yes,no,no,no_internet_service,no_internet_service,no_internet_service,no_internet_service,no_internet_service,no_internet_service,two_year,no,mailed_check,19.7,599.25,no
male,1,yes,no,35,yes,yes,fiber_optic,no,no,yes,no,no,no,one_year,yes,bank_transfer_(automatic),81.6,2815.25,no
male,0,yes,yes,47,yes,yes,no,no_internet_service,no_internet_service,no_internet_service,no_internet_service,no_internet_service,no_internet_service,two_year,no,mailed_check,24.55,1160.45,no
female,0,yes,no,3,yes,yes,fiber_optic,no,no,no,no,no,no,month-to-month,yes,credit_card_(automatic),74.75,229.5,yes
male,0,no,no,31,yes,yes,fiber_optic,no,yes,no,no,no,no,month-to-month,yes,electronic_check,80.45,2429.1,no
male,1,yes,no,60,yes,yes,fiber_optic,no,yes,yes,no,yes,yes,one_year,yes,electronic_check,104.35,6339.45,no
male,0,no,no,1,yes,no,fiber_optic,no,no,no,no,no,no,month-to-month,yes,electronic_check,70.3,70.3,yes
female,0,no,no,35,yes,no,dsl,no,no,yes,no,no,yes,month-to-month,yes,electronic_check,62.1,2096.1,no
female,0,yes,no,11,yes,yes,fiber_optic,no,no,yes,no,yes,yes,month-to-month,yes,electronic_check,99.5,1056.95,yes
male,0,no,no,31,yes,no,fiber_optic,no,yes,yes,no,yes,yes,month-to-month,yes,electronic_check,101.4,3143.65,no
female,0,yes,yes,28,yes,no,no,no_internet_service,no_internet_service,no_internet_service,no_internet_service,no_internet_service,no_internet_service,one_year,no,mailed_check,19.9,543.0,no
female,0,no,no,11,yes,yes,fiber_optic,no,no,yes,no,yes,yes,month-to-month,yes,electronic_check,100.75,1129.75,yes
male,0,yes,yes,23,yes,no,fiber_optic,yes,no,no,yes,yes,yes,month-to-month,yes,electronic_check,99.85,2331.3,yes
male,0,yes,no,71,yes,no,dsl,yes,yes,yes,yes,yes,yes,two_year,yes,bank_transfer_(automatic),86.1,6045.9,no
male,0,yes,yes,71,yes,no,no,no_internet_service,no_internet_service,no_internet_service,no_internet_service,no_internet_service,no_internet_service,two_year,yes,bank_transfer_(automatic),19.6,1387.45,no
female,0,no,no,12,yes,no,no,no_internet_service,no_internet_service,no_internet_service,no_internet_service,no_internet_service,no_internet_service,one_year,no,mailed_check,19.3,228.75,no
male,0,yes,no,71,yes,yes,dsl,yes,yes,no,yes,no,no,two_year,no,bank_transfer_(automatic),65.15,4681.75,no
female,0,yes,no,49,yes,no,no,no_internet_service,no_internet_service,no_internet_service,no_internet_service,no_internet_service,no_internet_service,one_year,no,credit_card_(automatic),20.7,1032.05,no
male,0,no,no,26,yes,no,no,no_internet_service,no_internet_service,no_internet_service,no_internet_service,no_internet_service,no_internet_service,one_year,no,mailed_check,19.4,525.55,no
male,0,yes,no,10,yes,no,fiber_optic,no,no,no,no,yes,no,month-to-month,yes,electronic_check,79.95,857.2,yes
female,0,no,no,16,yes,no,no,no_internet_service,no_internet_service,no_internet_service,no_internet_service,no_internet_service,no_internet_service,one_year,no,credit_card_(automatic),19.35,295.55,no
male,0,no,yes,2,yes,yes,dsl,yes,yes,no,no,no,no,month-to-month,no,bank_transfer_(automatic),60.95,134.6,no
male,1,no,no,1,yes,yes,fiber_optic,no,no,no,no,yes,yes,month-to-month,yes,electronic_check,93.55,93.55,yes
female,0,no,no,25,yes,no,dsl,yes,yes,yes,yes,yes,no,one_year,no,mailed_check,74.3,1863.8,yes
female,0,yes,no,71,yes,yes,fiber_optic,no,no,no,no,yes,yes,two_year,yes,bank_transfer_(automatic),93.7,6585.35,yes
male,0,yes,no,40,yes,no,dsl,no,yes,no,no,no,no,month-to-month,yes,mailed_check,50.15,2058.5,no
female,1,no,no,28,yes,yes,fiber_optic,no,no,yes,yes,yes,yes,month-to-month,yes,electronic_check,103.3,2890.65,yes
female,0,yes,yes,17,yes,no,dsl,yes,yes,no,no,yes,yes,month-to-month,no,mailed_check,74.55,1215.8,no
female,0,no,no,17,yes,no,fiber_optic,no,no,no,no,no,no,month-to-month,yes,electronic_check,70.0,1144.5,yes
male,1,yes,no,45,yes,yes,fiber_optic,no,yes,yes,yes,yes,no,one_year,yes,bank_transfer_(automatic),98.7,4525.8,no
male,0,yes,yes,1,yes,no,no,no_internet_service,no_internet_service,no_internet_service,no_internet_service,no_internet_service,no_internet_service,one_year,no,mailed_check,19.65,19.65,no
female,0,no,no,1,yes,no,no,no_internet_service,no_internet_service,no_internet_service,no_internet_service,no_internet_service,no_internet_service,month-to-month,no,mailed_check,20.9,20.9,no
male,1,no,no,35,yes,yes,fiber_optic,yes,no,no,no,no,yes,month-to-month,no,credit_card_(automatic),91.0,3180.5,no
male,0,no,no,37,yes,no,fiber_optic,no,no,no,no,no,no,month-to-month,yes,mailed_check,70.35,2552.9,no
male,0,yes,no,18,yes,yes,dsl,no,yes,no,no,no,no,month-to-month,no,credit_card_(automatic),56.8,1074.65,no
female,0,no,no,15,yes,no,no,no_internet_service,no_internet_service,no_internet_service,no_internet_service,no_internet_service,no_internet_service,month-to-month,no,bank_transfer_(automatic),19.4,289.3,yes
male,0,yes,no,6,yes,no,fiber_optic,no,yes,yes,no,no,yes,month-to-month,yes,electronic_check,91.0,531.0,yes
male,0,yes,no,72,yes,yes,fiber_optic,no,yes,yes,no,yes,yes,two_year,yes,bank_transfer_(automatic),103.75,7346.2,no
male,0,yes,no,47,yes,yes,fiber_optic,no,yes,yes,yes,yes,yes,month-to-month,yes,electronic_check,109.55,5124.55,yes
male,0,no,no,15,yes,yes,fiber_optic,no,no,no,no,no,no,month-to-month,yes,mailed_check,76.0,1130.85,yes
female,0,yes,yes,9,yes,no,no,no_internet_service,no_internet_service,no_internet_service,no_internet_service,no_internet_service,no_internet_service,one_year,no,mailed_check,20.25,172.35,no
male,0,no,no,1,no,no_phone_service,dsl,no,no,no,yes,no,no,month-to-month,no,mailed_check,29.15,29.15,no
female,0,yes,no,20,yes,no,fiber_optic,yes,yes,no,yes,yes,no,month-to-month,yes,electronic_check,96.55,1901.65,no
male,0,yes,yes,55,yes,yes,fiber_optic,no,no,no,no,no,yes,month-to-month,no,bank_transfer_(automatic),85.5,4713.4,no
male,1,yes,no,36,yes,yes,fiber_optic,no,no,no,no,no,yes,month-to-month,yes,credit_card_(automatic),85.25,3132.75,yes
male,0,no,no,65,yes,yes,no,no_internet_service,no_internet_service,no_internet_service,no_internet_service,no_internet_service,no_internet_service,two_year,no,mailed_check,25.75,1654.75,no
male,1,no,yes,1,yes,no,dsl,no,no,yes,no,no,no,month-to-month,yes,mailed_check,50.15,50.15,yes
male,0,no,no,5,yes,yes,fiber_optic,no,yes,yes,no,yes,yes,month-to-month,no,electronic_check,105.3,550.6,no
male,0,yes,yes,6,yes,no,no,no_internet_service,no_internet_service,no_internet_service,no_internet_service,no_internet_service,no_internet_service,month-to-month,no,mailed_check,19.55,122.9,no
female,1,no,no,13,yes,no,fiber_optic,no,no,yes,no,no,no,month-to-month,yes,electronic_check,74.3,940.35,yes
male,0,no,no,44,yes,no,no,no_internet_service,no_internet_service,no_internet_service,no_internet_service,no_internet_service,no_internet_service,two_year,no,credit_card_(automatic),20.4,905.55,no
male,0,no,no,1,yes,no,no,no_internet_service,no_internet_service,no_internet_service,no_internet_service,no_internet_service,no_internet_service,month-to-month,yes,mailed_check,20.45,20.45,no
female,0,yes,yes,50,yes,no,no,no_internet_service,no_internet_service,no_internet_service,no_internet_service,no_internet_service,no_internet_service,two_year,no,credit_card_(automatic),20.55,1070.25,no
male,0,yes,yes,37,no,no_phone_service,dsl,yes,yes,yes,no,no,no,month-to-month,no,bank_transfer_(automatic),40.2,1448.8,yes
male,0,yes,no,49,yes,yes,fiber_optic,no,yes,no,no,yes,yes,month-to-month,yes,bank_transfer_(automatic),99.05,4853.75,yes
female,0,no,no,1,yes,no,fiber_optic,no,no,no,no,no,yes,month-to-month,yes,electronic_check,79.7,79.7,yes
female,0,yes,yes,36,yes,yes,fiber_optic,yes,no,yes,no,yes,yes,month-to-month,yes,credit_card_(automatic),104.5,3684.95,no
female,0,yes,no,70,yes,no,no,no_internet_service,no_internet_service,no_internet_service,no_internet_service,no_internet_service,no_internet_service,two_year,no,bank_transfer_(automatic),19.45,1303.5,no
female,0,yes,yes,72,yes,yes,dsl,yes,no,yes,yes,yes,yes,two_year,yes,bank_transfer_(automatic),84.2,5986.55,no
female,0,no,no,44,yes,no,fiber_optic,no,yes,yes,no,yes,no,month-to-month,yes,credit_card_(automatic),88.15,3973.2,no
female,0,no,no,12,yes,no,no,no_internet_service,no_internet_service,no_internet_service,no_internet_service,no_internet_service,no_internet_service,one_year,no,electronic_check,20.15,260.7,no
female,0,yes,yes,69,yes,yes,fiber_optic,yes,no,yes,no,no,no,one_year,no,bank_transfer_(automatic),84.45,5848.6,no
female,1,yes,no,43,no,no_phone_service,dsl,no,yes,yes,no,yes,yes,month-to-month,no,credit_card_(automatic),55.55,2342.2,yes
female,0,no,no,8,yes,no,dsl,no,yes,no,yes,yes,no,month-to-month,yes,electronic_check,65.45,554.45,no
male,0,yes,no,11,yes,no,no,no_internet_service,no_internet_service,no_internet_service,no_internet_service,no_internet_service,no_internet_service,one_year,yes,mailed_check,20.55,184.95,no
male,0,yes,no,64,yes,yes,dsl,yes,no,no,no,yes,no,one_year,yes,credit_card_(automatic),66.15,4392.5,no
male,1,yes,no,1,yes,no,fiber_optic,no,no,no,no,no,no,month-to-month,yes,electronic_check,70.3,70.3,yes
male,0,no,no,2,yes,no,fiber_optic,no,no,no,no,no,yes,month-to-month,yes,electronic_check,80.2,181.1,yes
male,0,yes,yes,72,yes,no,dsl,yes,no,yes,yes,yes,yes,two_year,yes,electronic_check,80.8,5728.55,no
female,0,yes,no,54,yes,yes,fiber_optic,yes,yes,yes,yes,yes,yes,one_year,yes,mailed_check,114.65,6049.5,no
female,0,yes,no,2,yes,no,dsl,no,no,no,no,no,no,month-to-month,yes,credit_card_(automatic),44.6,80.55,yes
male,0,no,no,22,no,no_phone_service,dsl,no,yes,yes,no,no,yes,one_year,yes,bank_transfer_(automatic),43.75,903.6,yes
female,0,no,no,3,yes,yes,fiber_optic,no,no,no,no,no,no,month-to-month,yes,electronic_check,74.95,212.4,no
female,0,no,no,22,yes,no,dsl,yes,no,no,no,no,no,month-to-month,yes,electronic_check,49.8,1049.05,no
female,0,no,yes,62,yes,yes,fiber_optic,no,no,yes,no,yes,yes,one_year,yes,electronic_check,100.15,6413.65,yes
female,0,no,no,53,yes,yes,fiber_optic,yes,yes,yes,no,yes,no,one_year,no,mailed_check,98.6,5311.85,no
female,0,no,no,36,yes,yes,fiber_optic,no,yes,yes,no,yes,yes,one_year,yes,bank_transfer_(automatic),104.8,3886.45,no
female,0,yes,yes,30,no,no_phone_service,dsl,no,no,no,yes,yes,yes,month-to-month,no,credit_card_(automatic),51.2,1561.5,yes
female,0,no,no,26,yes,yes,fiber_optic,no,no,yes,no,no,no,month-to-month,yes,electronic_check,80.7,2193.0,no
female,0,no,no,4,yes,yes,fiber_optic,no,no,no,no,yes,no,month-to-month,yes,electronic_check,85.65,321.65,yes
female,0,no,yes,4,yes,yes,no,no_internet_service,no_internet_service,no_internet_service,no_internet_service,no_internet_service,no_internet_service,month-to-month,yes,mailed_check,25.45,84.2,no
female,1,no,no,30,yes,yes,fiber_optic,no,yes,yes,no,yes,yes,month-to-month,yes,electronic_check,104.1,3121.1,no
male,0,no,no,7,yes,yes,fiber_optic,no,no,no,no,yes,yes,month-to-month,no,mailed_check,95.0,655.5,yes
male,0,yes,yes,25,yes,no,no,no_internet_service,no_internet_service,no_internet_service,no_internet_service,no_internet_service,no_internet_service,one_year,no,electronic_check,19.6,411.15,no
male,0,yes,no,59,yes,yes,fiber_optic,yes,yes,yes,no,yes,yes,one_year,yes,electronic_check,110.15,6448.05,yes
male,0,no,no,7,yes,no,fiber_optic,no,no,no,no,no,no,month-to-month,yes,electronic_check,69.55,521.35,no
female,1,yes,no,72,yes,yes,fiber_optic,yes,yes,yes,no,yes,yes,two_year,yes,electronic_check,112.4,8046.85,no
male,0,no,no,24,yes,yes,fiber_optic,no,yes,no,no,yes,no,month-to-month,yes,credit_card_(automatic),90.55,2282.55,yes
male,1,no,no,3,no,no_phone_service,dsl,no,no,yes,no,no,yes,month-to-month,yes,electronic_check,41.15,132.2,yes
male,0,yes,no,53,yes,yes,fiber_optic,no,yes,no,yes,no,yes,one_year,no,bank_transfer_(automatic),97.75,5043.2,no
female,1,yes,no,62,yes,yes,fiber_optic,no,yes,yes,no,yes,no,one_year,yes,credit_card_(automatic),97.95,5936.55,no
female,0,no,no,23,yes,yes,fiber_optic,yes,no,no,no,yes,no,month-to-month,yes,bank_transfer_(automatic),90.05,2169.8,yes
female,0,yes,no,9,yes,no,dsl,no,yes,no,no,no,no,month-to-month,no,mailed_check,50.85,466.6,no
male,0,no,no,4,yes,no,dsl,no,yes,no,no,no,no,month-to-month,no,mailed_check,49.25,208.45,no
male,0,no,no,10,yes,no,fiber_optic,yes,no,yes,no,no,no,month-to-month,yes,mailed_check,79.85,887.35,no
female,0,no,no,1,yes,no,fiber_optic,no,no,yes,no,yes,no,month-to-month,yes,credit_card_(automatic),85.55,85.55,yes
male,0,no,no,66,yes,yes,fiber_optic,no,yes,no,no,no,yes,month-to-month,no,credit_card_(automatic),89.4,5976.9,no
female,0,no,yes,1,yes,no,fiber_optic,no,no,no,no,no,yes,month-to-month,no,electronic_check,78.65,78.65,yes
female,0,yes,no,71,yes,no,dsl,no,yes,yes,yes,yes,yes,two_year,yes,credit_card_(automatic),80.7,5705.05,no
female,0,yes,yes,32,yes,no,fiber_optic,no,yes,no,no,yes,no,month-to-month,yes,electronic_check,86.1,2723.75,no
female,0,yes,yes,71,yes,yes,fiber_optic,no,yes,yes,no,no,yes,two_year,yes,credit_card_(automatic),95.75,6849.4,no
male,0,yes,no,66,yes,yes,dsl,yes,yes,no,yes,yes,yes,two_year,no,electronic_check,85.25,5538.35,no
female,0,no,no,25,yes,no,no,no_internet_service,no_internet_service,no_internet_service,no_internet_service,no_internet_service,no_internet_service,month-to-month,yes,credit_card_(automatic),19.2,532.1,no
male,0,yes,no,8,yes,no,fiber_optic,yes,no,no,no,no,no,month-to-month,yes,mailed_check,75.0,658.1,no
male,0,no,yes,49,yes,yes,fiber_optic,no,no,no,no,no,no,month-to-month,no,credit_card_(automatic),75.2,3678.3,yes
female,0,no,no,41,yes,yes,dsl,no,yes,no,no,no,no,one_year,yes,credit_card_(automatic),56.3,2364.0,no
female,0,no,no,5,yes,no,dsl,no,no,no,no,no,no,month-to-month,yes,credit_card_(automatic),44.05,202.15,no
female,0,yes,no,2,yes,no,no,no_internet_service,no_internet_service,no_internet_service,no_internet_service,no_internet_service,no_internet_service,month-to-month,no,mailed_check,20.35,41.85,no
male,0,no,no,51,yes,no,fiber_optic,no,yes,yes,no,yes,yes,month-to-month,yes,electronic_check,99.0,5038.15,no
female,0,no,no,10,yes,yes,fiber_optic,no,yes,yes,no,no,yes,month-to-month,yes,electronic_check,94.85,953.45,yes
female,0,yes,yes,27,yes,no,dsl,no,yes,no,no,no,no,month-to-month,no,mailed_check,49.85,1336.15,no
male,0,no,no,12,no,no_phone_service,dsl,no,yes,no,yes,no,no,month-to-month,no,mailed_check,34.0,442.45,no
female,1,no,no,28,yes,yes,fiber_optic,no,yes,yes,no,yes,yes,month-to-month,yes,electronic_check,106.15,3152.5,yes
male,1,no,no,18,yes,yes,dsl,yes,yes,no,no,no,no,month-to-month,yes,credit_card_(automatic),58.4,964.9,no
male,0,yes,no,70,yes,yes,dsl,no,yes,yes,yes,yes,no,two_year,no,bank_transfer_(automatic),72.95,5265.55,no
female,0,no,yes,49,yes,no,no,no_internet_service,no_internet_service,no_internet_service,no_internet_service,no_internet_service,no_internet_service,two_year,no,credit_card_(automatic),20.45,1024.65,no
female,0,no,no,46,yes,no,fiber_optic,no,no,yes,no,no,no,month-to-month,yes,credit_card_(automatic),74.8,3548.3,no
female,0,yes,yes,45,yes,no,dsl,yes,no,yes,yes,yes,yes,two_year,yes,mailed_check,81.0,3533.6,no
female,0,yes,no,70,no,no_phone_service,dsl,yes,no,yes,yes,no,yes,two_year,yes,bank_transfer_(automatic),49.85,3370.2,no
male,1,no,no,20,yes,yes,fiber_optic,no,no,no,no,yes,no,month-to-month,yes,electronic_check,84.35,1745.2,no
female,0,yes,yes,43,yes,no,dsl,no,no,no,no,yes,no,month-to-month,no,electronic_check,56.15,2499.3,yes
female,0,yes,yes,23,yes,no,dsl,yes,yes,no,yes,no,no,one_year,yes,mailed_check,57.75,1282.85,no
male,0,no,yes,56,yes,yes,no,no_internet_service,no_internet_service,no_internet_service,no_internet_service,no_internet_service,no_internet_service,two_year,yes,mailed_check,24.8,1424.2,no
female,1,no,no,56,yes,yes,dsl,yes,no,yes,yes,no,yes,two_year,no,bank_transfer_(automatic),73.25,4054.2,no
female,1,yes,no,28,yes,yes,fiber_optic,no,no,no,yes,yes,yes,month-to-month,yes,credit_card_(automatic),101.3,2812.2,yes
female,0,no,no,12,yes,yes,dsl,no,no,no,yes,yes,yes,one_year,yes,mailed_check,75.85,854.45,no
female,0,no,no,68,yes,no,no,no_internet_service,no_internet_service,no_internet_service,no_internet_service,no_internet_service,no_internet_service,two_year,no,credit_card_(automatic),19.6,1441.65,no
male,0,yes,yes,4,yes,no,dsl,no,no,no,yes,no,yes,month-to-month,no,credit_card_(automatic),61.45,229.55,yes
female,0,yes,no,53,yes,no,fiber_optic,no,no,yes,no,yes,yes,one_year,yes,bank_transfer_(automatic),94.85,5000.2,yes
male,0,no,no,17,yes,yes,dsl,yes,no,no,no,no,yes,month-to-month,no,bank_transfer_(automatic),65.75,1111.2,no
male,0,yes,no,61,yes,yes,dsl,no,yes,yes,no,yes,yes,one_year,yes,electronic_check,79.8,4914.8,no
female,0,yes,no,43,yes,yes,dsl,yes,yes,no,yes,yes,yes,two_year,no,credit_card_(automatic),86.45,3574.5,no
female,0,yes,yes,63,yes,no,dsl,yes,no,no,no,no,no,two_year,yes,bank_transfer_(automatic),50.65,3221.25,no
male,0,no,no,45,yes,yes,fiber_optic,no,no,yes,yes,yes,yes,month-to-month,yes,bank_transfer_(automatic),103.65,4747.85,no
female,1,yes,no,57,yes,yes,fiber_optic,no,yes,yes,no,no,yes,month-to-month,no,credit_card_(automatic),94.0,5438.95,no
male,0,no,no,51,yes,yes,fiber_optic,no,no,yes,no,no,no,month-to-month,no,credit_card_(automatic),80.0,4242.35,yes
female,0,no,no,11,yes,yes,fiber_optic,no,no,no,no,no,no,month-to-month,yes,electronic_check,76.5,837.95,yes
male,1,yes,no,23,yes,no,fiber_optic,no,no,no,no,yes,yes,month-to-month,yes,electronic_check,90.45,2117.25,no
male,0,yes,yes,42,no,no_phone_service,dsl,no,yes,yes,no,no,yes,one_year,yes,credit_card_(automatic),45.1,2049.05,no
female,0,yes,no,21,yes,yes,fiber_optic,no,no,no,no,no,yes,month-to-month,yes,electronic_check,86.5,1808.7,yes
male,0,no,no,56,yes,no,dsl,no,yes,no,yes,yes,yes,one_year,yes,bank_transfer_(automatic),75.75,4284.65,no
female,1,no,no,1,yes,yes,fiber_optic,no,no,no,no,no,yes,month-to-month,yes,electronic_check,85.05,85.05,yes
male,0,no,no,19,yes,no,dsl,no,no,no,yes,yes,no,month-to-month,yes,credit_card_(automatic),61.55,1093.2,no
female,0,no,yes,2,yes,no,no,no_internet_service,no_internet_service,no_internet_service,no_internet_service,no_internet_service,no_internet_service,one_year,no,bank_transfer_(automatic),20.5,38.25,no
female,0,yes,no,71,yes,yes,no,no_internet_service,no_internet_service,no_internet_service,no_internet_service,no_internet_service,no_internet_service,two_year,yes,bank_transfer_(automatic),24.65,1710.15,no
male,0,yes,no,1,no,no_phone_service,dsl,no,no,no,no,no,no,month-to-month,yes,electronic_check,23.45,23.45,yes
female,0,no,no,18,yes,yes,fiber_optic,no,no,yes,yes,no,yes,month-to-month,yes,bank_transfer_(automatic),95.05,1679.4,no
male,1,yes,no,30,yes,no,fiber_optic,no,yes,yes,no,no,no,month-to-month,yes,mailed_check,79.65,2365.15,yes
female,0,no,no,49,yes,no,dsl,yes,yes,yes,yes,no,no,two_year,no,bank_transfer_(automatic),67.4,3306.85,no
male,0,yes,no,71,yes,yes,no,no_internet_service,no_internet_service,no_internet_service,no_internet_service,no_internet_service,no_internet_service,two_year,no,bank_transfer_(automatic),24.45,1730.65,no
female,0,no,yes,35,yes,no,no,no_internet_service,no_internet_service,no_internet_service,no_internet_service,no_internet_service,no_internet_service,one_year,yes,credit_card_(automatic),20.1,644.5,no
male,0,yes,yes,72,yes,yes,fiber_optic,yes,yes,yes,yes,yes,yes,two_year,yes,bank_transfer_(automatic),116.6,8337.45,no
female,1,no,no,16,yes,yes,dsl,yes,no,no,no,no,no,month-to-month,yes,electronic_check,54.1,889.0,no
female,0,yes,yes,67,yes,yes,fiber_optic,yes,no,yes,yes,yes,yes,one_year,yes,electronic_check,109.4,7281.6,no
male,0,no,no,14,no,no_phone_service,dsl,no,yes,no,no,no,no,month-to-month,yes,mailed_check,31.1,419.7,no
female,0,yes,no,19,yes,yes,fiber_optic,no,no,yes,no,no,yes,month-to-month,no,mailed_check,89.65,1761.05,yes
male,1,no,no,9,yes,yes,fiber_optic,no,no,no,no,no,yes,month-to-month,yes,electronic_check,83.85,790.15,yes
male,1,yes,no,28,yes,yes,fiber_optic,no,yes,no,yes,yes,yes,month-to-month,yes,electronic_check,105.8,2998.0,no
female,0,no,no,1,no,no_phone_service,dsl,no,no,no,no,no,yes,month-to-month,no,mailed_check,35.05,35.05,yes
female,0,yes,yes,18,yes,yes,no,no_internet_service,no_internet_service,no_internet_service,no_internet_service,no_internet_service,no_internet_service,two_year,no,mailed_check,25.1,428.45,no
male,0,no,no,1,yes,no,dsl,no,no,no,no,no,no,month-to-month,no,mailed_check,45.05,45.05,yes
female,1,no,no,1,no,no_phone_service,dsl,no,no,no,no,no,no,month-to-month,yes,mailed_check,25.7,25.7,yes
male,0,yes,no,58,yes,no,dsl,no,no,yes,no,no,no,one_year,no,credit_card_(automatic),50.3,2878.55,no
male,0,no,no,3,yes,no,no,no_internet_service,no_internet_service,no_internet_service,no_internet_service,no_internet_service,no_internet_service,one_year,no,mailed_check,19.6,61.35,no
female,0,yes,no,25,no,no_phone_service,dsl,no,no,no,no,yes,no,month-to-month,yes,bank_transfer_(automatic),34.0,853.0,yes
female,0,no,no,68,yes,yes,dsl,yes,no,no,no,no,no,month-to-month,no,mailed_check,54.45,3687.75,no
male,0,no,yes,20,yes,no,no,no_internet_service,no_internet_service,no_internet_service,no_internet_service,no_internet_service,no_internet_service,month-to-month,yes,electronic_check,19.4,374.5,yes
female,0,yes,yes,21,no,no_phone_service,dsl,yes,no,yes,no,yes,yes,one_year,yes,electronic_check,55.95,1157.05,yes
male,0,no,no,45,yes,no,dsl,yes,no,yes,no,yes,yes,month-to-month,yes,electronic_check,75.95,3273.8,no
female,0,no,no,63,yes,yes,dsl,yes,yes,yes,yes,yes,no,two_year,yes,credit_card_(automatic),79.85,4861.45,no
female,0,no,no,32,yes,yes,dsl,no,yes,no,no,no,no,month-to-month,yes,electronic_check,54.2,1739.6,no
female,0,no,no,21,yes,no,dsl,yes,yes,no,yes,yes,no,two_year,no,credit_card_(automatic),71.05,1524.85,no
female,0,no,no,37,yes,yes,fiber_optic,no,no,yes,no,yes,yes,month-to-month,yes,electronic_check,100.05,3810.55,no
male,0,yes,no,59,yes,yes,fiber_optic,no,no,yes,no,yes,yes,one_year,yes,bank_transfer_(automatic),99.5,5961.1,yes
female,0,yes,no,7,yes,no,dsl,yes,no,yes,yes,yes,yes,month-to-month,no,bank_transfer_(automatic),81.25,580.1,no
female,0,yes,yes,28,yes,yes,fiber_optic,no,no,no,yes,no,yes,one_year,yes,electronic_check,90.45,2509.25,no
male,0,no,no,2,yes,no,no,no_internet_service,no_internet_service,no_internet_service,no_internet_service,no_internet_service,no_internet_service,month-to-month,no,mailed_check,20.75,44.2,no
male,0,yes,no,57,no,no_phone_service,dsl,no,yes,yes,yes,yes,yes,two_year,yes,bank_transfer_(automatic),57.5,3265.95,no
male,0,no,no,32,yes,no,no,no_internet_service,no_internet_service,no_internet_service,no_internet_service,no_internet_service,no_internet_service,two_year,yes,bank_transfer_(automatic),20.05,614.45,no
female,0,no,no,59,yes,yes,no,no_internet_service,no_internet_service,no_internet_service,no_internet_service,no_internet_service,no_internet_service,two_year,no,electronic_check,24.45,1493.1,no
female,0,no,no,37,no,no_phone_service,dsl,no,no,yes,no,no,yes,month-to-month,yes,credit_card_(automatic),40.2,1478.85,no
female,1,no,no,56,yes,yes,fiber_optic,yes,yes,yes,no,yes,yes,one_year,no,electronic_check,110.5,6139.5,no
male,0,no,no,1,yes,no,no,no_internet_service,no_internet_service,no_internet_service,no_internet_service,no_internet_service,no_internet_service,month-to-month,no,mailed_check,20.4,20.4,no
female,1,yes,no,27,yes,no,fiber_optic,yes,no,yes,no,yes,yes,month-to-month,yes,electronic_check,101.25,2754.45,yes
male,0,no,no,22,yes,no,dsl,no,yes,no,yes,no,no,one_year,yes,credit_card_(automatic),55.15,1193.05,yes
female,0,no,no,16,yes,no,fiber_optic,no,yes,no,no,no,yes,month-to-month,yes,electronic_check,86.25,1340.1,no
male,1,no,no,19,yes,yes,fiber_optic,no,yes,no,no,yes,no,month-to-month,yes,electronic_check,88.2,1775.8,yes
male,0,yes,no,2,yes,no,dsl,no,yes,no,yes,no,yes,month-to-month,yes,mailed_check,64.2,143.65,no
male,0,yes,yes,13,yes,no,fiber_optic,no,no,yes,no,yes,yes,month-to-month,yes,mailed_check,96.65,1162.85,yes
female,0,no,yes,4,yes,yes,fiber_optic,no,no,yes,yes,no,no,month-to-month,yes,mailed_check,87.1,341.45,yes
female,0,yes,yes,66,yes,no,dsl,yes,no,no,no,yes,no,two_year,yes,electronic_check,59.75,3996.8,no
female,0,no,no,1,yes,no,no,no_internet_service,no_internet_service,no_internet_service,no_internet_service,no_internet_service,no_internet_service,month-to-month,yes,mailed_check,20.3,20.3,yes
female,0,no,no,6,yes,no,fiber_optic,no,no,yes,no,no,yes,month-to-month,no,electronic_check,83.9,497.55,yes
male,0,yes,yes,50,yes,yes,fiber_optic,no,yes,yes,no,yes,yes,month-to-month,yes,bank_transfer_(automatic),103.85,5017.9,yes
female,0,yes,yes,72,no,no_phone_service,dsl,yes,yes,yes,yes,yes,yes,two_year,no,bank_transfer_(automatic),65.7,4575.35,no
female,0,no,no,12,yes,no,dsl,no,no,no,no,no,no,month-to-month,no,bank_transfer_(automatic),43.8,540.95,no
male,0,yes,no,31,yes,yes,dsl,no,no,yes,yes,yes,yes,one_year,yes,mailed_check,79.3,2484.0,no
female,0,no,no,1,yes,no,fiber_optic,no,no,no,no,no,no,month-to-month,no,electronic_check,68.65,68.65,yes
female,0,yes,yes,62,yes,yes,fiber_optic,yes,no,no,no,yes,yes,two_year,yes,bank_transfer_(automatic),101.15,6638.35,no
male,0,yes,yes,52,no,no_phone_service,dsl,yes,no,yes,no,no,yes,one_year,no,bank_transfer_(automatic),44.25,2276.1,no
male,0,no,no,1,yes,no,dsl,no,no,no,no,no,yes,month-to-month,yes,electronic_check,55.25,55.25,no
female,0,yes,no,1,yes,no,fiber_optic,no,no,no,no,yes,no,month-to-month,no,electronic_check,78.8,78.8,yes
male,1,yes,no,9,yes,no,no,no_internet_service,no_internet_service,no_internet_service,no_internet_service,no_internet_service,no_internet_service,one_year,no,credit_card_(automatic),19.85,183.15,no
male,0,yes,no,63,yes,yes,dsl,yes,yes,yes,yes,no,yes,one_year,no,credit_card_(automatic),80.0,5040.2,no
male,0,yes,yes,16,yes,no,no,no_internet_service,no_internet_service,no_internet_service,no_internet_service,no_internet_service,no_internet_service,month-to-month,no,electronic_check,20.15,341.35,no
female,0,yes,yes,33,yes,yes,fiber_optic,no,yes,yes,yes,no,no,month-to-month,no,credit_card_(automatic),88.6,2888.7,no
male,0,no,no,53,yes,no,no,no_internet_service,no_internet_service,no_internet_service,no_internet_service,no_internet_service,no_internet_service,two_year,no,bank_transfer_(automatic),19.65,978.0,no
female,0,no,no,45,yes,yes,fiber_optic,yes,yes,no,no,no,yes,one_year,no,bank_transfer_(automatic),96.75,4442.75,no
male,0,no,no,22,yes,yes,no,no_internet_service,no_internet_service,no_internet_service,no_internet_service,no_internet_service,no_internet_service,month-to-month,yes,credit_card_(automatic),24.85,493.4,no
female,0,yes,yes,14,yes,yes,fiber_optic,no,no,yes,no,no,yes,month-to-month,yes,electronic_check,87.25,1258.6,yes
female,0,no,no,65,yes,yes,fiber_optic,no,yes,no,yes,yes,yes,one_year,yes,bank_transfer_(automatic),105.05,6744.25,no
male,0,yes,yes,17,yes,yes,dsl,yes,no,no,yes,no,no,one_year,yes,mailed_check,62.1,1096.65,no
male,0,no,yes,1,yes,no,dsl,yes,yes,no,yes,no,yes,month-to-month,yes,bank_transfer_(automatic),70.45,70.45,no
female,0,no,no,13,yes,no,no,no_internet_service,no_internet_service,no_internet_service,no_internet_service,no_internet_service,no_internet_service,month-to-month,yes,mailed_check,20.3,275.4,no
male,1,yes,yes,28,yes,yes,dsl,no,no,no,no,no,no,one_year,yes,electronic_check,51.0,1381.8,no
female,1,no,no,56,yes,yes,fiber_optic,no,yes,yes,no,yes,yes,month-to-month,no,electronic_check,104.75,5841.35,no
female,0,yes,yes,54,yes,yes,dsl,no,yes,yes,no,no,no,two_year,yes,bank_transfer_(automatic),59.8,3246.45,no
male,0,yes,yes,18,yes,no,no,no_internet_service,no_internet_service,no_internet_service,no_internet_service,no_internet_service,no_internet_service,one_year,no,bank_transfer_(automatic),19.8,342.3,no
male,0,no,no,47,yes,no,no,no_internet_service,no_internet_service,no_internet_service,no_internet_service,no_internet_service,no_internet_service,two_year,no,bank_transfer_(automatic),20.45,943.0,no
female,0,no,no,16,yes,yes,fiber_optic,no,no,no,no,no,no,month-to-month,no,electronic_check,72.65,1194.3,yes
male,1,yes,no,59,no,no_phone_service,dsl,yes,no,yes,yes,yes,yes,two_year,yes,credit_card_(automatic),64.05,3886.85,no
male,0,no,no,48,yes,no,no,no_internet_service,no_internet_service,no_internet_service,no_internet_service,no_internet_service,no_internet_service,two_year,no,credit_card_(automatic),20.15,982.95,no
male,0,yes,no,70,yes,yes,fiber_optic,yes,yes,yes,no,yes,no,two_year,yes,credit_card_(automatic),99.35,6944.5,no
male,0,no,no,3,yes,no,no,no_internet_service,no_internet_service,no_internet_service,no_internet_service,no_internet_service,no_internet_service,month-to-month,yes,electronic_check,20.25,61.45,no
female,0,yes,yes,72,yes,yes,dsl,yes,yes,yes,yes,yes,yes,two_year,yes,bank_transfer_(automatic),93.25,6688.95,no
male,0,no,no,41,yes,no,no,no_internet_service,no_internet_service,no_internet_service,no_internet_service,no_internet_service,no_internet_service,two_year,no,mailed_check,20.15,802.35,no
female,0,no,no,12,yes,yes,fiber_optic,yes,no,no,no,no,no,month-to-month,yes,electronic_check,78.95,927.35,yes
female,1,no,no,23,yes,no,fiber_optic,no,yes,no,no,yes,yes,month-to-month,yes,electronic_check,94.75,2293.6,yes
female,0,no,no,3,no,no_phone_service,dsl,no,no,no,no,yes,no,month-to-month,yes,credit_card_(automatic),34.8,113.95,no
male,0,no,no,9,yes,no,fiber_optic,no,no,no,yes,yes,yes,month-to-month,yes,bank_transfer_(automatic),95.9,827.45,no
female,0,no,yes,48,yes,no,no,no_internet_service,no_internet_service,no_internet_service,no_internet_service,no_internet_service,no_internet_service,one_year,no,mailed_check,19.95,936.7,no
female,0,no,no,22,no,no_phone_service,dsl,no,no,yes,no,yes,yes,month-to-month,yes,electronic_check,50.6,1073.3,no
female,0,no,no,2,yes,no,no,no_internet_service,no_internet_service,no_internet_service,no_internet_service,no_internet_service,no_internet_service,month-to-month,yes,bank_transfer_(automatic),20.7,39.85,no
female,0,no,no,19,yes,yes,fiber_optic,yes,yes,no,no,no,yes,month-to-month,yes,electronic_check,95.15,1789.25,yes
female,0,yes,no,41,yes,no,fiber_optic,no,yes,yes,yes,no,no,one_year,yes,bank_transfer_(automatic),86.2,3339.05,no
female,0,yes,yes,55,yes,yes,fiber_optic,yes,yes,no,no,no,no,month-to-month,yes,electronic_check,85.1,4600.95,no
male,0,yes,no,56,yes,yes,fiber_optic,yes,no,no,no,yes,yes,one_year,yes,electronic_check,100.55,5514.95,no
male,0,no,no,1,no,no_phone_service,dsl,no,no,no,no,no,yes,month-to-month,no,electronic_check,35.9,35.9,yes
male,0,no,no,39,yes,no,fiber_optic,yes,no,yes,no,yes,yes,two_year,yes,electronic_check,100.45,3801.7,no
male,0,no,no,1,yes,no,dsl,no,no,no,yes,no,no,month-to-month,no,mailed_check,51.25,51.25,yes
male,0,no,no,22,yes,yes,fiber_optic,no,yes,no,no,no,no,month-to-month,yes,mailed_check,78.85,1600.25,no
female,0,yes,yes,67,no,no_phone_service,dsl,yes,yes,no,no,no,no,two_year,no,bank_transfer_(automatic),36.15,2434.45,no
male,0,yes,no,3,no,no_phone_service,dsl,no,no,no,no,no,yes,month-to-month,yes,electronic_check,35.15,99.75,yes
female,0,yes,no,72,no,no_phone_service,dsl,yes,yes,yes,no,no,yes,two_year,yes,electronic_check,49.2,3580.95,no
male,0,no,no,69,no,no_phone_service,dsl,no,yes,yes,no,no,no,one_year,yes,bank_transfer_(automatic),35.75,2492.25,no
female,0,yes,no,26,yes,yes,fiber_optic,no,yes,no,no,no,no,month-to-month,no,bank_transfer_(automatic),79.3,2015.8,no
male,0,yes,no,27,yes,yes,dsl,yes,no,no,yes,yes,yes,one_year,no,mailed_check,80.85,2204.35,no
female,0,yes,no,72,yes,yes,fiber_optic,yes,yes,yes,no,yes,yes,two_year,yes,electronic_check,109.55,8165.1,no
male,0,no,no,1,yes,no,no,no_internet_service,no_internet_service,no_internet_service,no_internet_service,no_internet_service,no_internet_service,month-to-month,no,mailed_check,20.15,20.15,yes
female,0,yes,yes,60,no,no_phone_service,dsl,yes,no,yes,yes,yes,yes,two_year,no,credit_card_(automatic),59.85,3590.2,no
male,0,yes,yes,69,no,no_phone_service,dsl,yes,no,yes,yes,no,no,two_year,no,mailed_check,39.1,2779.5,no
female,0,yes,yes,10,yes,yes,fiber_optic,yes,no,no,no,yes,yes,month-to-month,yes,electronic_check,100.25,1064.65,yes
female,0,no,no,11,no,no_phone_service,dsl,no,yes,yes,yes,no,no,one_year,yes,credit_card_(automatic),40.4,422.6,no
female,0,no,yes,9,yes,no,dsl,no,no,no,yes,yes,yes,month-to-month,yes,credit_card_(automatic),69.4,571.45,no
female,1,no,no,13,yes,yes,fiber_optic,no,no,no,no,yes,yes,month-to-month,yes,electronic_check,95.05,1290.0,yes
female,1,no,no,33,yes,yes,fiber_optic,no,yes,yes,yes,yes,yes,month-to-month,yes,electronic_check,110.45,3655.45,yes
male,1,yes,no,71,yes,yes,fiber_optic,yes,yes,yes,yes,no,no,one_year,yes,electronic_check,92.0,6585.2,no
female,0,yes,yes,51,yes,yes,fiber_optic,yes,yes,no,no,no,yes,month-to-month,yes,electronic_check,93.8,4539.35,no
female,0,yes,yes,70,yes,yes,dsl,yes,yes,no,no,yes,no,two_year,yes,credit_card_(automatic),69.2,4872.35,no
male,0,yes,yes,21,yes,yes,fiber_optic,no,yes,yes,no,yes,yes,month-to-month,no,electronic_check,104.4,2157.95,yes
female,1,no,no,70,yes,yes,dsl,no,yes,yes,yes,yes,no,two_year,yes,bank_transfer_(automatic),75.5,5212.65,no
female,1,no,no,35,yes,no,fiber_optic,no,no,no,no,no,no,month-to-month,no,electronic_check,70.55,2419.0,no
male,0,yes,yes,21,yes,yes,dsl,yes,yes,no,yes,yes,no,one_year,no,mailed_check,77.5,1625.0,yes
male,0,no,no,7,yes,no,no,no_internet_service,no_internet_service,no_internet_service,no_internet_service,no_internet_service,no_internet_service,month-to-month,no,mailed_check,20.75,141.1,no
male,1,yes,no,70,yes,yes,fiber_optic,no,yes,yes,no,yes,yes,month-to-month,yes,electronic_check,102.95,7101.5,yes
male,0,no,no,4,yes,yes,fiber_optic,no,yes,no,no,no,yes,month-to-month,yes,electronic_check,90.05,368.1,yes
female,0,no,no,9,yes,no,dsl,no,no,no,no,no,no,month-to-month,yes,electronic_check,43.75,405.7,no
female,1,yes,no,31,yes,yes,fiber_optic,no,no,no,no,no,yes,month-to-month,yes,electronic_check,84.85,2633.4,no
female,0,no,no,54,yes,yes,fiber_optic,yes,no,yes,no,yes,yes,one_year,yes,bank_transfer_(automatic),103.95,5639.05,yes
male,0,no,no,4,yes,no,dsl,no,no,no,no,no,yes,month-to-month,no,electronic_check,54.3,195.3,yes
male,0,yes,no,25,yes,yes,dsl,no,no,yes,no,no,no,month-to-month,no,credit_card_(automatic),55.55,1405.3,no
female,0,yes,no,12,yes,no,no,no_internet_service,no_internet_service,no_internet_service,no_internet_service,no_internet_service,no_internet_service,two_year,yes,electronic_check,20.05,264.55,no
female,1,yes,no,72,yes,yes,dsl,yes,yes,yes,no,yes,yes,two_year,yes,credit_card_(automatic),84.1,6129.65,no
female,1,yes,no,18,no,no_phone_service,dsl,no,no,yes,no,yes,yes,month-to-month,yes,electronic_check,48.35,810.7,yes
male,0,yes,yes,61,yes,no,no,no_internet_service,no_internet_service,no_internet_service,no_internet_service,no_internet_service,no_internet_service,two_year,no,credit_card_(automatic),20.55,1305.95,no
male,1,yes,yes,60,yes,yes,fiber_optic,yes,yes,no,no,no,yes,month-to-month,yes,electronic_check,93.25,5774.55,no
female,1,yes,no,24,yes,yes,fiber_optic,no,no,no,no,yes,yes,month-to-month,yes,electronic_check,93.55,2264.05,yes
female,0,yes,no,8,yes,no,fiber_optic,no,yes,yes,no,yes,yes,month-to-month,no,electronic_check,101.15,842.9,yes
male,0,no,no,17,yes,no,fiber_optic,no,no,yes,no,no,no,month-to-month,yes,electronic_check,76.65,1313.55,yes
female,0,yes,no,3,yes,yes,fiber_optic,no,no,no,no,no,no,month-to-month,yes,credit_card_(automatic),75.15,216.75,yes
male,0,no,no,19,no,no_phone_service,dsl,no,no,no,no,no,no,month-to-month,yes,bank_transfer_(automatic),25.15,468.35,no
female,1,yes,no,17,yes,yes,fiber_optic,yes,no,yes,no,no,no,month-to-month,yes,bank_transfer_(automatic),85.35,1463.45,yes
male,1,yes,no,32,yes,yes,fiber_optic,no,no,no,no,no,yes,month-to-month,no,electronic_check,85.3,2661.1,yes
male,1,no,no,9,yes,yes,dsl,yes,no,no,no,no,no,month-to-month,no,electronic_check,54.55,494.05,yes
male,0,yes,yes,38,yes,yes,fiber_optic,no,no,yes,no,yes,yes,month-to-month,yes,credit_card_(automatic),101.15,3956.7,no
male,0,yes,no,18,yes,yes,fiber_optic,yes,no,no,no,yes,yes,month-to-month,yes,electronic_check,99.4,1742.95,yes
female,0,no,no,47,yes,no,fiber_optic,yes,no,yes,yes,yes,yes,one_year,yes,electronic_check,103.7,4730.6,no
female,0,no,no,52,yes,yes,dsl,no,no,yes,yes,yes,yes,two_year,yes,bank_transfer_(automatic),80.95,4233.95,no
male,0,no,no,31,yes,yes,fiber_optic,no,yes,yes,no,yes,yes,one_year,yes,electronic_check,103.45,3066.45,yes
female,0,yes,yes,14,yes,yes,fiber_optic,no,no,no,no,yes,no,month-to-month,yes,electronic_check,84.8,1203.9,no
male,0,yes,yes,72,yes,yes,fiber_optic,no,yes,yes,yes,yes,yes,two_year,no,credit_card_(automatic),110.9,7922.75,no
female,1,no,no,14,yes,no,fiber_optic,yes,yes,no,no,no,no,month-to-month,no,electronic_check,78.85,1043.8,no
female,0,yes,no,59,yes,no,no,no_internet_service,no_internet_service,no_internet_service,no_internet_service,no_internet_service,no_internet_service,one_year,no,mailed_check,20.35,1267.0,no
male,0,no,no,26,yes,no,dsl,no,no,no,no,no,no,month-to-month,no,electronic_check,45.45,1233.15,no
female,0,yes,yes,59,yes,yes,fiber_optic,no,yes,no,yes,no,yes,month-to-month,yes,bank_transfer_(automatic),96.65,5580.8,no
male,0,yes,yes,26,yes,no,dsl,no,no,yes,no,no,no,one_year,no,mailed_check,50.35,1285.8,no
male,0,no,no,40,yes,yes,fiber_optic,no,no,yes,yes,yes,yes,month-to-month,no,bank_transfer_(automatic),104.8,4131.95,yes
male,0,yes,no,60,yes,yes,fiber_optic,no,no,yes,no,yes,yes,two_year,no,credit_card_(automatic),101.15,6067.4,no
male,0,yes,yes,23,yes,yes,dsl,no,yes,no,yes,no,no,two_year,no,mailed_check,59.7,1414.2,no
male,0,no,no,22,yes,yes,dsl,yes,yes,yes,no,no,no,month-to-month,no,mailed_check,65.05,1427.55,no
male,1,yes,yes,72,yes,no,fiber_optic,yes,no,yes,yes,yes,yes,two_year,yes,credit_card_(automatic),104.1,7447.7,no
male,0,no,no,20,yes,no,no,no_internet_service,no_internet_service,no_internet_service,no_internet_service,no_internet_service,no_internet_service,month-to-month,no,mailed_check,19.4,415.4,no
male,0,no,no,67,no,no_phone_service,dsl,yes,no,yes,yes,yes,no,one_year,yes,bank_transfer_(automatic),49.35,3321.35,no
male,0,no,no,46,no,no_phone_service,dsl,yes,no,yes,yes,no,no,two_year,no,mailed_check,38.25,1755.35,no
male,0,no,yes,43,no,no_phone_service,dsl,yes,yes,yes,no,no,no,month-to-month,yes,electronic_check,40.45,1912.85,no
male,0,yes,yes,50,yes,yes,dsl,yes,no,no,yes,yes,no,two_year,yes,credit_card_(automatic),70.5,3486.65,no
male,0,yes,yes,19,yes,yes,fiber_optic,no,no,no,yes,yes,yes,one_year,yes,electronic_check,100.95,1875.55,yes
male,0,yes,no,3,no,no_phone_service,dsl,no,no,no,yes,no,no,month-to-month,yes,electronic_check,29.9,92.25,no
male,0,no,no,1,yes,no,dsl,no,no,no,no,no,no,month-to-month,no,electronic_check,45.3,45.3,yes
male,0,no,no,29,yes,no,no,no_internet_service,no_internet_service,no_internet_service,no_internet_service,no_internet_service,no_internet_service,one_year,no,mailed_check,19.1,529.5,no
female,0,yes,no,7,yes,no,fiber_optic,no,no,yes,no,no,no,month-to-month,yes,bank_transfer_(automatic),75.15,496.9,yes
male,0,no,no,62,yes,yes,fiber_optic,yes,yes,no,yes,no,yes,one_year,no,electronic_check,102.0,6529.25,yes
male,0,no,no,51,yes,no,no,no_internet_service,no_internet_service,no_internet_service,no_internet_service,no_internet_service,no_internet_service,one_year,no,electronic_check,19.1,1007.8,no
male,0,no,no,2,yes,no,no,no_internet_service,no_internet_service,no_internet_service,no_internet_service,no_internet_service,no_internet_service,month-to-month,no,mailed_check,20.25,36.8,no
female,0,no,no,1,yes,no,no,no_internet_service,no_internet_service,no_internet_service,no_internet_service,no_internet_service,no_internet_service,month-to-month,no,mailed_check,19.65,19.65,no
female,1,no,no,1,yes,yes,fiber_optic,no,no,no,no,no,no,month-to-month,yes,mailed_check,74.45,74.45,yes
male,0,yes,no,3,yes,no,dsl,no,no,yes,yes,no,no,month-to-month,yes,mailed_check,55.8,154.55,no
male,0,no,no,17,yes,no,no,no_internet_service,no_internet_service,no_internet_service,no_internet_service,no_internet_service,no_internet_service,two_year,no,mailed_check,19.15,343.45,no
female,0,no,no,10,no,no_phone_service,dsl,no,no,no,yes,no,no,two_year,yes,mailed_check,29.6,299.05,no
male,0,yes,no,25,yes,no,fiber_optic,no,no,no,yes,yes,yes,month-to-month,yes,credit_card_(automatic),95.7,2338.35,no
female,0,yes,yes,16,yes,no,fiber_optic,no,yes,yes,no,yes,no,month-to-month,yes,credit_card_(automatic),89.45,1430.25,yes
female,0,no,no,1,yes,no,fiber_optic,no,no,no,no,yes,no,month-to-month,yes,electronic_check,79.65,79.65,yes
female,1,no,no,2,yes,no,fiber_optic,no,no,no,no,no,yes,month-to-month,yes,electronic_check,79.6,195.05,yes
male,0,no,no,1,no,no_phone_service,dsl,no,no,no,no,no,yes,month-to-month,yes,bank_transfer_(automatic),35.25,35.25,yes
female,0,no,yes,16,yes,no,fiber_optic,no,no,no,no,yes,no,month-to-month,yes,electronic_check,81.0,1312.15,yes
male,0,yes,yes,29,yes,yes,dsl,no,yes,yes,no,yes,yes,month-to-month,no,credit_card_(automatic),80.1,2211.8,no
male,0,yes,yes,14,yes,no,dsl,yes,yes,no,no,no,yes,two_year,yes,bank_transfer_(automatic),61.4,815.55,no
female,0,yes,yes,21,yes,no,dsl,no,yes,no,no,yes,no,one_year,yes,credit_card_(automatic),58.85,1215.45,no
female,0,yes,yes,55,yes,no,no,no_internet_service,no_internet_service,no_internet_service,no_internet_service,no_internet_service,no_internet_service,two_year,no,mailed_check,21.0,1210.3,no
female,1,yes,no,5,yes,yes,fiber_optic,no,yes,no,no,no,no,month-to-month,yes,electronic_check,81.0,371.65,yes
female,0,no,no,8,yes,no,dsl,no,no,yes,yes,no,yes,month-to-month,no,mailed_check,64.1,504.05,no
female,0,yes,no,72,yes,yes,fiber_optic,yes,yes,yes,no,yes,no,two_year,no,bank_transfer_(automatic),100.65,7334.05,no
female,0,no,no,19,yes,no,dsl,no,yes,no,no,yes,no,one_year,no,electronic_check,58.2,1045.25,no
male,0,no,no,7,yes,yes,fiber_optic,no,no,no,no,no,no,month-to-month,no,electronic_check,73.6,520.0,yes
female,0,yes,yes,2,no,no_phone_service,dsl,no,no,no,no,no,no,month-to-month,yes,mailed_check,24.4,36.55,yes
male,0,yes,yes,65,yes,yes,fiber_optic,yes,yes,yes,yes,no,no,two_year,no,credit_card_(automatic),94.55,6078.75,no
female,0,no,no,1,yes,no,fiber_optic,no,no,no,no,no,no,month-to-month,yes,electronic_check,70.1,70.1,yes
male,0,no,no,13,yes,no,dsl,no,no,no,yes,no,no,month-to-month,yes,mailed_check,50.55,610.75,no
male,0,no,no,8,yes,no,dsl,no,no,no,no,yes,yes,month-to-month,yes,electronic_check,66.25,546.45,no
female,1,no,no,29,yes,yes,dsl,yes,yes,no,no,no,no,month-to-month,yes,bank_transfer_(automatic),58.55,1718.95,no
female,0,yes,yes,37,yes,yes,fiber_optic,no,yes,yes,no,no,yes,month-to-month,yes,electronic_check,95.15,3532.85,no
male,0,yes,yes,20,no,no_phone_service,dsl,yes,no,yes,yes,no,no,two_year,yes,credit_card_(automatic),39.4,825.4,no
male,0,no,no,1,yes,yes,fiber_optic,no,no,no,no,no,no,month-to-month,yes,electronic_check,74.9,74.9,yes
female,0,no,yes,10,no,no_phone_service,dsl,yes,yes,no,yes,no,no,one_year,no,mailed_check,40.25,411.45,no
male,0,yes,yes,68,yes,no,fiber_optic,yes,yes,yes,no,yes,yes,two_year,yes,bank_transfer_(automatic),105.25,7173.15,no
male,0,yes,no,4,yes,yes,dsl,no,no,yes,no,yes,no,month-to-month,no,electronic_check,65.6,250.1,no
female,0,yes,yes,55,yes,no,dsl,yes,yes,no,no,no,no,month-to-month,no,electronic_check,55.7,3131.8,no
female,0,no,no,41,no,no_phone_service,dsl,no,yes,no,no,no,yes,month-to-month,yes,electronic_check,40.35,1677.85,no
female,0,no,yes,67,yes,yes,fiber_optic,no,yes,no,yes,yes,yes,two_year,yes,electronic_check,104.0,7039.05,no
female,1,no,no,36,yes,yes,fiber_optic,no,no,no,no,no,no,month-to-month,yes,bank_transfer_(automatic),74.9,2659.45,no
male,0,no,no,13,yes,yes,fiber_optic,no,no,no,yes,yes,yes,month-to-month,no,electronic_check,100.75,1313.25,no
male,0,yes,no,66,yes,yes,fiber_optic,no,yes,no,yes,yes,yes,one_year,yes,electronic_check,104.05,6890.0,yes
male,0,no,no,64,yes,no,fiber_optic,yes,yes,no,no,yes,yes,one_year,yes,credit_card_(automatic),100.3,6603.8,no
female,1,no,no,14,yes,yes,fiber_optic,no,yes,yes,no,yes,yes,month-to-month,yes,electronic_check,104.85,1531.4,yes
female,0,yes,yes,44,yes,no,no,no_internet_service,no_internet_service,no_internet_service,no_internet_service,no_internet_service,no_internet_service,month-to-month,no,mailed_check,19.6,780.25,no
male,0,no,no,31,yes,no,fiber_optic,no,yes,no,yes,no,no,month-to-month,yes,electronic_check,78.45,2435.15,yes
female,0,no,no,15,yes,yes,dsl,yes,no,no,no,no,no,month-to-month,yes,mailed_check,55.7,899.8,yes
female,0,yes,yes,72,yes,yes,dsl,yes,no,yes,no,yes,no,two_year,yes,bank_transfer_(automatic),71.45,5025.85,no
female,0,no,no,3,yes,no,no,no_internet_service,no_internet_service,no_internet_service,no_internet_service,no_internet_service,no_internet_service,month-to-month,no,electronic_check,20.2,65.95,no
male,0,yes,no,22,yes,yes,fiber_optic,no,no,no,no,no,yes,month-to-month,yes,electronic_check,85.1,1873.7,yes
male,1,yes,no,18,yes,no,dsl,yes,no,no,no,no,yes,month-to-month,yes,credit_card_(automatic),59.1,1011.05,no
female,1,no,no,71,yes,yes,fiber_optic,no,no,yes,no,yes,yes,two_year,no,bank_transfer_(automatic),104.05,7413.55,no
male,0,yes,no,45,yes,yes,fiber_optic,yes,no,yes,no,no,no,month-to-month,yes,mailed_check,84.55,3713.95,no
male,0,no,no,1,yes,yes,fiber_optic,no,yes,no,no,no,no,month-to-month,yes,electronic_check,79.15,79.15,yes
female,0,no,yes,44,yes,no,no,no_internet_service,no_internet_service,no_internet_service,no_internet_service,no_internet_service,no_internet_service,two_year,no,mailed_check,19.9,868.1,no
female,0,no,no,5,no,no_phone_service,dsl,no,yes,no,no,yes,yes,month-to-month,yes,credit_card_(automatic),50.95,229.4,no
male,0,yes,no,45,yes,no,dsl,yes,no,yes,no,no,no,two_year,no,credit_card_(automatic),53.3,2296.25,no
male,0,no,yes,52,yes,yes,no,no_internet_service,no_internet_service,no_internet_service,no_internet_service,no_internet_service,no_internet_service,two_year,no,credit_card_(automatic),25.6,1334.5,no
female,0,yes,yes,66,yes,yes,fiber_optic,no,yes,yes,no,yes,yes,one_year,yes,credit_card_(automatic),102.45,6615.15,yes
male,0,yes,no,55,yes,yes,fiber_optic,no,no,yes,yes,yes,yes,one_year,yes,electronic_check,104.15,5743.05,yes
female,0,no,no,37,yes,yes,fiber_optic,yes,yes,yes,no,no,no,month-to-month,no,bank_transfer_(automatic),91.2,3382.3,no
male,0,no,no,18,yes,yes,fiber_optic,no,no,no,no,yes,no,month-to-month,no,bank_transfer_(automatic),84.3,1537.9,no
female,0,no,no,39,yes,no,no,no_internet_service,no_internet_service,no_internet_service,no_internet_service,no_internet_service,no_internet_service,two_year,no,mailed_check,20.15,826.0,no
female,1,no,no,8,yes,yes,fiber_optic,no,no,no,no,no,no,month-to-month,yes,electronic_check,75.75,606.25,yes
male,0,no,no,68,yes,yes,no,no_internet_service,no_internet_service,no_internet_service,no_internet_service,no_internet_service,no_internet_service,two_year,no,mailed_check,24.55,1657.4,no
female,0,no,no,29,yes,yes,dsl,no,no,no,no,yes,yes,one_year,yes,credit_card_(automatic),71.0,2080.1,no
female,1,yes,no,60,yes,yes,fiber_optic,no,no,yes,no,yes,yes,one_year,yes,credit_card_(automatic),100.5,6029.0,no
female,0,no,yes,9,yes,no,dsl,no,no,yes,yes,yes,yes,month-to-month,yes,mailed_check,72.9,651.4,yes
female,0,no,no,61,yes,no,no,no_internet_service,no_internet_service,no_internet_service,no_internet_service,no_internet_service,no_internet_service,one_year,no,bank_transfer_(automatic),19.45,1336.35,no
female,0,no,no,13,no,no_phone_service,dsl,yes,no,no,no,no,no,month-to-month,yes,bank_transfer_(automatic),30.85,394.1,no
female,0,yes,yes,53,no,no_phone_service,dsl,yes,yes,yes,no,no,yes,month-to-month,yes,bank_transfer_(automatic),48.7,2495.2,no
female,0,yes,no,42,yes,no,no,no_internet_service,no_internet_service,no_internet_service,no_internet_service,no_internet_service,no_internet_service,month-to-month,no,credit_card_(automatic),20.35,869.9,no
male,1,no,no,3,yes,yes,fiber_optic,no,no,no,no,yes,yes,month-to-month,yes,electronic_check,94.85,335.75,no
female,0,yes,yes,69,yes,no,no,no_internet_service,no_internet_service,no_internet_service,no_internet_service,no_internet_service,no_internet_service,two_year,no,bank_transfer_(automatic),19.7,1396.9,no
female,0,yes,yes,57,yes,no,no,no_internet_service,no_internet_service,no_internet_service,no_internet_service,no_internet_service,no_internet_service,two_year,no,bank_transfer_(automatic),19.75,1272.05,no
female,1,no,no,18,yes,no,fiber_optic,no,no,yes,no,no,yes,month-to-month,yes,electronic_check,84.95,1443.65,no
female,0,no,no,3,no,no_phone_service,dsl,no,no,no,no,yes,no,month-to-month,no,credit_card_(automatic),35.2,108.95,yes
female,0,yes,no,57,yes,no,no,no_internet_service,no_internet_service,no_internet_service,no_internet_service,no_internet_service,no_internet_service,two_year,yes,bank_transfer_(automatic),19.6,1134.25,no
male,0,yes,yes,12,yes,yes,no,no_internet_service,no_internet_service,no_internet_service,no_internet_service,no_internet_service,no_internet_service,two_year,yes,bank_transfer_(automatic),25.4,313.0,no
male,0,yes,yes,10,no,no_phone_service,dsl,yes,yes,yes,yes,no,yes,two_year,no,credit_card_(automatic),53.7,521.0,no
male,0,no,yes,1,no,no_phone_service,dsl,no,yes,no,yes,no,no,month-to-month,no,mailed_check,33.6,33.6,no
female,0,no,no,9,yes,no,fiber_optic,yes,no,no,no,no,no,month-to-month,yes,credit_card_(automatic),74.25,639.65,yes
male,1,no,no,57,yes,no,dsl,no,no,yes,yes,no,no,one_year,yes,electronic_check,53.5,3035.8,no
male,0,no,no,24,yes,no,dsl,no,no,yes,no,no,no,month-to-month,yes,mailed_check,49.7,1167.8,no
male,0,yes,yes,15,yes,no,no,no_internet_service,no_internet_service,no_internet_service,no_internet_service,no_internet_service,no_internet_service,month-to-month,yes,electronic_check,20.0,288.05,yes
female,0,no,no,47,yes,no,fiber_optic,yes,no,no,no,no,no,month-to-month,no,credit_card_(automatic),75.45,3545.1,no
female,0,no,no,2,yes,no,dsl,no,no,yes,no,no,yes,month-to-month,no,electronic_check,60.85,111.4,no
female,1,no,no,18,yes,no,dsl,no,yes,no,no,no,no,month-to-month,yes,credit_card_(automatic),49.85,865.75,no
female,1,no,no,71,yes,yes,fiber_optic,no,yes,yes,no,yes,yes,one_year,yes,electronic_check,105.9,7521.95,no
male,0,no,no,1,yes,no,no,no_internet_service,no_internet_service,no_internet_service,no_internet_service,no_internet_service,no_internet_service,month-to-month,no,mailed_check,19.65,19.65,yes
male,0,yes,no,25,no,no_phone_service,dsl,no,no,yes,no,yes,no,one_year,yes,credit_card_(automatic),38.1,970.4,no
male,0,no,yes,17,yes,no,dsl,no,no,no,no,no,no,one_year,no,mailed_check,44.6,681.4,no
male,0,yes,yes,58,yes,yes,fiber_optic,no,no,yes,yes,yes,yes,one_year,yes,bank_transfer_(automatic),105.05,6004.85,no
male,0,yes,yes,72,yes,yes,fiber_optic,yes,no,yes,no,yes,yes,one_year,yes,bank_transfer_(automatic),106.1,7848.5,no
male,0,no,yes,27,yes,yes,no,no_internet_service,no_internet_service,no_internet_service,no_internet_service,no_internet_service,no_internet_service,two_year,yes,credit_card_(automatic),25.85,788.55,no
female,1,yes,no,19,yes,yes,fiber_optic,no,no,no,no,yes,yes,month-to-month,yes,electronic_check,94.95,1760.25,no
male,1,yes,no,70,yes,yes,dsl,yes,yes,yes,yes,yes,yes,two_year,no,credit_card_(automatic),90.05,6333.4,no
male,0,yes,yes,54,no,no_phone_service,dsl,no,no,yes,yes,no,yes,two_year,no,credit_card_(automatic),46.0,2424.05,no
male,0,yes,yes,25,yes,no,dsl,no,yes,yes,no,no,no,one_year,no,mailed_check,53.65,1355.45,no
male,0,no,no,44,yes,yes,fiber_optic,yes,yes,yes,no,yes,yes,month-to-month,yes,electronic_check,111.5,4915.15,no
female,0,no,no,14,yes,no,fiber_optic,no,no,no,no,yes,yes,month-to-month,yes,mailed_check,89.8,1129.1,yes
male,1,no,no,38,yes,no,dsl,no,yes,yes,yes,yes,no,one_year,yes,credit_card_(automatic),70.15,2497.35,yes
female,0,yes,no,72,yes,yes,fiber_optic,yes,yes,yes,yes,yes,yes,two_year,yes,bank_transfer_(automatic),113.65,8182.75,no
female,0,no,no,10,yes,no,no,no_internet_service,no_internet_service,no_internet_service,no_internet_service,no_internet_service,no_internet_service,one_year,yes,mailed_check,19.8,198.25,no
male,0,no,no,8,yes,no,dsl,no,no,no,no,no,no,month-to-month,yes,mailed_check,45.15,438.4,yes
male,0,yes,yes,4,yes,no,no,no_internet_service,no_internet_service,no_internet_service,no_internet_service,no_internet_service,no_internet_service,two_year,no,mailed_check,19.9,76.65,no
female,0,no,no,4,yes,no,dsl,no,no,no,no,no,no,month-to-month,yes,mailed_check,46.0,193.6,yes
male,0,no,no,3,yes,no,dsl,no,no,no,no,no,no,month-to-month,yes,electronic_check,43.3,123.65,yes
female,0,no,no,34,yes,yes,fiber_optic,yes,yes,yes,no,yes,yes,month-to-month,yes,mailed_check,109.8,3587.25,yes
female,0,yes,no,67,yes,yes,no,no_internet_service,no_internet_service,no_internet_service,no_internet_service,no_internet_service,no_internet_service,two_year,yes,credit_card_(automatic),25.25,1733.15,no
male,0,yes,no,60,no,no_phone_service,dsl,no,yes,yes,yes,yes,yes,month-to-month,yes,bank_transfer_(automatic),60.2,3582.4,no
female,0,no,no,21,yes,yes,fiber_optic,no,no,no,no,yes,yes,month-to-month,yes,electronic_check,97.35,2119.5,yes
male,0,yes,yes,1,yes,no,no,no_internet_service,no_internet_service,no_internet_service,no_internet_service,no_internet_service,no_internet_service,month-to-month,no,bank_transfer_(automatic),19.95,19.95,yes
male,0,yes,yes,34,yes,yes,fiber_optic,no,no,yes,no,no,yes,month-to-month,yes,credit_card_(automatic),90.05,3097.0,no
male,0,yes,yes,6,yes,no,dsl,no,no,no,no,no,no,month-to-month,yes,bank_transfer_(automatic),44.6,260.8,yes
female,1,yes,yes,11,yes,yes,fiber_optic,no,no,yes,no,no,no,month-to-month,yes,credit_card_(automatic),78.1,864.85,no
female,0,no,no,4,yes,no,fiber_optic,no,no,no,no,yes,no,month-to-month,yes,electronic_check,79.0,303.15,yes
female,0,yes,yes,49,yes,yes,no,no_internet_service,no_internet_service,no_internet_service,no_internet_service,no_internet_service,no_internet_service,two_year,no,mailed_check,25.25,1211.65,no
male,0,no,no,27,yes,yes,dsl,no,no,no,no,no,no,month-to-month,no,mailed_check,49.0,1291.35,no
female,0,yes,no,70,yes,yes,fiber_optic,no,no,yes,no,yes,yes,one_year,yes,electronic_check,97.65,6982.5,no
male,0,yes,no,58,yes,yes,dsl,yes,yes,yes,no,yes,yes,two_year,yes,electronic_check,86.1,4890.5,no
female,0,yes,yes,13,yes,no,no,no_internet_service,no_internet_service,no_internet_service,no_internet_service,no_internet_service,no_internet_service,two_year,no,mailed_check,20.85,272.35,no
male,1,yes,no,72,yes,yes,fiber_optic,no,yes,yes,no,yes,yes,two_year,yes,bank_transfer_(automatic),104.15,7689.95,yes
female,0,yes,yes,35,no,no_phone_service,dsl,yes,no,no,yes,yes,no,two_year,yes,credit_card_(automatic),46.35,1662.05,no
female,0,no,no,7,yes,no,dsl,yes,no,no,no,no,yes,one_year,yes,electronic_check,59.1,369.25,no
male,0,no,no,40,yes,no,fiber_optic,no,yes,no,yes,no,yes,one_year,yes,credit_card_(automatic),89.6,3488.15,no
male,0,no,no,24,yes,yes,no,no_internet_service,no_internet_service,no_internet_service,no_internet_service,no_internet_service,no_internet_service,one_year,no,electronic_check,24.6,592.65,no
female,0,yes,no,68,yes,yes,fiber_optic,no,no,yes,no,yes,no,two_year,yes,bank_transfer_(automatic),89.95,5974.3,no
female,1,yes,no,72,yes,yes,fiber_optic,yes,yes,yes,yes,yes,yes,two_year,yes,credit_card_(automatic),115.75,8443.7,no
male,0,no,no,5,yes,no,fiber_optic,no,no,no,no,no,no,month-to-month,yes,electronic_check,69.7,316.9,yes
male,0,yes,no,72,yes,no,no,no_internet_service,no_internet_service,no_internet_service,no_internet_service,no_internet_service,no_internet_service,two_year,no,credit_card_(automatic),19.7,1421.9,no
male,0,yes,yes,70,yes,yes,dsl,no,yes,yes,yes,yes,yes,two_year,yes,electronic_check,84.1,5979.7,no
male,0,yes,yes,1,yes,no,fiber_optic,no,no,no,no,yes,yes,month-to-month,no,mailed_check,89.15,89.15,yes
male,0,no,no,2,yes,no,dsl,no,yes,no,no,no,no,month-to-month,no,mailed_check,49.25,97.0,no
female,0,no,no,22,yes,yes,no,no_internet_service,no_internet_service,no_internet_service,no_internet_service,no_internet_service,no_internet_service,two_year,no,mailed_check,26.25,605.9,no
female,1,yes,no,52,yes,yes,fiber_optic,no,yes,yes,no,yes,yes,one_year,yes,electronic_check,106.5,5621.85,no
female,0,yes,yes,32,yes,yes,dsl,no,yes,yes,no,no,no,month-to-month,no,bank_transfer_(automatic),62.45,2045.55,no
female,0,no,no,67,yes,yes,no,no_internet_service,no_internet_service,no_internet_service,no_internet_service,no_internet_service,no_internet_service,two_year,yes,mailed_check,26.1,1759.55,no
female,0,yes,yes,53,yes,yes,fiber_optic,yes,yes,yes,yes,no,yes,two_year,yes,bank_transfer_(automatic),104.05,5566.4,no
female,0,no,no,1,yes,no,fiber_optic,no,no,yes,no,no,no,month-to-month,yes,mailed_check,74.6,74.6,yes
female,0,yes,yes,49,yes,no,dsl,no,yes,yes,no,yes,yes,one_year,no,credit_card_(automatic),78.0,3824.2,no
male,0,no,yes,40,no,no_phone_service,dsl,yes,yes,no,yes,no,no,one_year,no,mailed_check,40.25,1564.05,no
male,1,no,no,24,yes,yes,fiber_optic,no,yes,no,no,no,no,month-to-month,yes,electronic_check,80.5,2088.45,no
male,1,no,no,70,no,no_phone_service,dsl,no,no,no,no,yes,yes,one_year,yes,electronic_check,45.25,3264.45,yes
female,0,no,no,13,no,no_phone_service,dsl,no,no,yes,yes,no,no,two_year,no,mailed_check,35.4,450.4,no
male,0,no,yes,6,yes,no,no,no_internet_service,no_internet_service,no_internet_service,no_internet_service,no_internet_service,no_internet_service,month-to-month,no,mailed_check,19.55,128.6,no
male,0,no,yes,68,yes,yes,dsl,yes,yes,no,yes,yes,yes,two_year,yes,bank_transfer_(automatic),86.5,5882.75,no
male,0,yes,no,59,yes,no,dsl,yes,yes,yes,no,yes,no,one_year,no,credit_card_(automatic),66.4,3958.2,no
male,0,no,no,1,yes,no,fiber_optic,no,no,no,no,no,no,month-to-month,yes,electronic_check,69.55,69.55,yes
female,0,yes,yes,69,yes,yes,fiber_optic,yes,yes,yes,yes,yes,yes,two_year,no,credit_card_(automatic),113.25,7895.15,no
male,0,no,no,37,yes,yes,fiber_optic,yes,no,no,no,yes,no,month-to-month,yes,electronic_check,91.15,3369.25,no
female,0,no,yes,19,yes,no,dsl,yes,yes,yes,no,no,no,month-to-month,yes,electronic_check,60.6,1297.8,no
male,0,yes,yes,43,yes,yes,dsl,yes,no,no,yes,no,yes,one_year,yes,credit_card_(automatic),71.9,3173.35,no
female,0,no,no,15,no,no_phone_service,dsl,yes,yes,yes,yes,no,no,one_year,no,mailed_check,45.9,693.45,no
male,0,yes,no,60,yes,yes,fiber_optic,no,yes,yes,no,yes,yes,one_year,no,bank_transfer_(automatic),102.5,6157.6,no
male,0,no,no,11,yes,no,fiber_optic,no,yes,no,no,no,no,month-to-month,no,electronic_check,74.95,815.5,yes
male,0,yes,yes,72,yes,yes,no,no_internet_service,no_internet_service,no_internet_service,no_internet_service,no_internet_service,no_internet_service,two_year,no,bank_transfer_(automatic),24.3,1643.25,no
female,0,no,no,8,yes,no,dsl,yes,no,no,yes,no,no,one_year,no,bank_transfer_(automatic),54.25,447.75,no
female,0,yes,yes,52,yes,yes,fiber_optic,no,yes,yes,no,yes,no,one_year,yes,credit_card_(automatic),95.7,4976.15,no
female,0,no,yes,40,yes,no,dsl,yes,no,no,yes,yes,no,month-to-month,yes,credit_card_(automatic),64.1,2460.35,no
female,1,no,no,2,no,no_phone_service,dsl,no,no,no,no,no,no,month-to-month,no,electronic_check,24.35,41.85,yes
male,0,no,yes,52,yes,yes,dsl,yes,yes,no,yes,yes,yes,two_year,yes,mailed_check,85.15,4461.85,no
female,0,no,no,15,yes,yes,fiber_optic,no,yes,no,no,no,no,month-to-month,yes,electronic_check,79.75,1111.85,yes
male,1,no,no,19,yes,no,fiber_optic,yes,no,no,no,no,yes,month-to-month,yes,electronic_check,87.3,1637.3,no
female,0,no,no,56,no,no_phone_service,dsl,no,no,no,no,yes,yes,month-to-month,yes,credit_card_(automatic),44.85,2564.95,no
male,0,yes,no,36,yes,yes,fiber_optic,no,no,no,no,yes,yes,month-to-month,yes,bank_transfer_(automatic),95.0,3440.25,no
female,0,yes,no,70,yes,no,no,no_internet_service,no_internet_service,no_internet_service,no_internet_service,no_internet_service,no_internet_service,two_year,no,bank_transfer_(automatic),19.8,1397.65,no
male,0,no,no,34,yes,no,dsl,yes,no,yes,no,no,no,one_year,no,mailed_check,56.95,1889.5,no
male,0,no,no,12,yes,no,no,no_internet_service,no_internet_service,no_internet_service,no_internet_service,no_internet_service,no_internet_service,month-to-month,no,mailed_check,20.45,255.35,no
male,1,yes,no,17,yes,yes,fiber_optic,no,no,yes,no,yes,yes,month-to-month,yes,credit_card_(automatic),100.45,1622.45,yes
female,0,no,no,54,yes,no,dsl,yes,no,yes,yes,yes,yes,two_year,no,electronic_check,80.6,4299.95,no
male,0,no,no,1,yes,no,no,no_internet_service,no_internet_service,no_internet_service,no_internet_service,no_internet_service,no_internet_service,month-to-month,yes,mailed_check,20.1,20.1,yes
male,0,no,no,4,yes,yes,fiber_optic,no,no,no,no,no,no,month-to-month,yes,electronic_check,76.05,318.9,yes
male,0,yes,yes,22,yes,no,dsl,yes,yes,no,yes,no,no,month-to-month,yes,mailed_check,57.95,1271.8,no
male,0,yes,yes,72,yes,yes,fiber_optic,yes,yes,yes,yes,yes,yes,two_year,yes,credit_card_(automatic),114.05,8468.2,no
male,0,yes,yes,26,yes,no,no,no_internet_service,no_internet_service,no_internet_service,no_internet_service,no_internet_service,no_internet_service,two_year,yes,credit_card_(automatic),19.15,515.75,no
female,0,yes,yes,20,yes,yes,fiber_optic,no,yes,yes,no,yes,yes,month-to-month,yes,bank_transfer_(automatic),105.85,2239.65,yes
female,0,no,no,58,yes,yes,no,no_internet_service,no_internet_service,no_internet_service,no_internet_service,no_internet_service,no_internet_service,two_year,no,credit_card_(automatic),24.35,1423.85,no
female,0,yes,no,48,no,no_phone_service,dsl,no,yes,yes,no,no,no,one_year,no,mailed_check,34.7,1604.5,yes
male,1,no,no,57,yes,yes,fiber_optic,no,yes,no,yes,yes,yes,month-to-month,yes,bank_transfer_(automatic),104.9,5913.95,no
male,0,no,no,34,yes,yes,fiber_optic,yes,yes,yes,yes,yes,yes,one_year,no,credit_card_(automatic),116.25,3899.05,no
female,0,yes,yes,20,yes,yes,fiber_optic,no,no,yes,yes,no,yes,month-to-month,yes,bank_transfer_(automatic),95.5,1916.2,no
male,1,no,no,9,yes,no,fiber_optic,no,no,no,no,no,yes,month-to-month,yes,electronic_check,79.55,718.55,no
male,1,no,no,7,yes,yes,fiber_optic,no,no,no,no,no,no,month-to-month,no,mailed_check,73.75,545.15,yes
female,0,yes,yes,1,yes,no,no,no_internet_service,no_internet_service,no_internet_service,no_internet_service,no_internet_service,no_internet_service,month-to-month,yes,credit_card_(automatic),20.15,20.15,yes
male,0,no,no,54,yes,no,no,no_internet_service,no_internet_service,no_internet_service,no_internet_service,no_internet_service,no_internet_service,two_year,no,mailed_check,20.0,1149.65,no
male,0,no,no,3,yes,no,fiber_optic,no,no,yes,yes,yes,no,month-to-month,yes,mailed_check,89.85,244.45,no
male,0,yes,yes,16,yes,no,dsl,yes,no,yes,no,yes,no,two_year,no,mailed_check,64.25,1024.0,no
male,0,yes,yes,47,yes,yes,dsl,yes,yes,yes,yes,yes,yes,two_year,yes,mailed_check,90.5,4318.35,no
male,0,yes,yes,72,yes,yes,fiber_optic,yes,yes,yes,no,yes,yes,two_year,yes,credit_card_(automatic),108.4,7767.25,no
female,0,no,no,25,yes,no,no,no_internet_service,no_internet_service,no_internet_service,no_internet_service,no_internet_service,no_internet_service,one_year,no,credit_card_(automatic),19.9,527.5,no
male,0,yes,yes,22,yes,no,fiber_optic,yes,no,no,no,no,no,month-to-month,no,bank_transfer_(automatic),75.0,1573.95,no
female,1,no,no,5,no,no_phone_service,dsl,no,no,no,no,yes,yes,month-to-month,no,electronic_check,45.7,198.0,yes
male,0,yes,yes,28,yes,no,no,no_internet_service,no_internet_service,no_internet_service,no_internet_service,no_internet_service,no_internet_service,two_year,yes,credit_card_(automatic),20.3,487.95,no
female,0,no,no,3,yes,yes,dsl,no,no,no,no,yes,no,month-to-month,yes,electronic_check,60.25,170.5,no
male,1,yes,no,53,yes,yes,fiber_optic,no,yes,yes,no,yes,yes,month-to-month,yes,electronic_check,103.85,5485.5,yes
female,1,no,no,17,yes,yes,fiber_optic,no,no,no,no,yes,yes,month-to-month,yes,electronic_check,94.2,1608.15,no
male,0,no,yes,49,yes,yes,fiber_optic,yes,yes,yes,no,yes,yes,one_year,yes,credit_card_(automatic),109.2,5290.45,no
male,0,yes,yes,44,yes,no,no,no_internet_service,no_internet_service,no_internet_service,no_internet_service,no_internet_service,no_internet_service,one_year,no,bank_transfer_(automatic),20.0,860.85,no
female,0,yes,yes,22,yes,no,dsl,no,yes,no,yes,no,no,month-to-month,no,electronic_check,55.15,1206.05,yes
female,0,yes,yes,48,yes,yes,fiber_optic,yes,yes,no,no,yes,yes,month-to-month,yes,credit_card_(automatic),105.25,4997.5,no
male,0,yes,no,72,yes,yes,fiber_optic,yes,no,yes,yes,yes,yes,two_year,yes,credit_card_(automatic),111.9,8071.05,no
male,0,yes,yes,26,yes,no,fiber_optic,no,no,no,no,no,yes,one_year,no,bank_transfer_(automatic),78.95,2034.25,no
male,0,yes,no,52,yes,no,dsl,yes,yes,no,no,yes,yes,one_year,yes,mailed_check,75.4,3865.45,no
male,0,yes,yes,53,yes,yes,dsl,yes,yes,no,no,no,yes,two_year,no,bank_transfer_(automatic),69.7,3686.05,no
female,0,yes,yes,65,yes,yes,dsl,no,yes,no,yes,yes,yes,two_year,yes,bank_transfer_(automatic),79.4,5071.9,no
male,0,no,no,3,yes,no,dsl,no,no,no,yes,no,no,month-to-month,yes,mailed_check,50.25,152.3,no
male,0,yes,yes,11,yes,no,no,no_internet_service,no_internet_service,no_internet_service,no_internet_service,no_internet_service,no_internet_service,month-to-month,no,bank_transfer_(automatic),20.95,267.35,no
male,0,no,no,20,yes,no,no,no_internet_service,no_internet_service,no_internet_service,no_internet_service,no_internet_service,no_internet_service,two_year,yes,mailed_check,19.7,419.4,no
male,0,no,no,1,yes,no,no,no_internet_service,no_internet_service,no_internet_service,no_internet_service,no_internet_service,no_internet_service,month-to-month,no,mailed_check,19.95,19.95,no
female,0,no,yes,24,yes,no,no,no_internet_service,no_internet_service,no_internet_service,no_internet_service,no_internet_service,no_internet_service,two_year,no,mailed_check,19.75,498.1,no
male,0,yes,no,12,yes,no,dsl,no,no,yes,yes,yes,yes,month-to-month,yes,electronic_check,74.15,741.4,no
male,0,no,yes,35,yes,no,dsl,no,no,no,yes,yes,yes,one_year,yes,mailed_check,72.1,2495.15,no
male,1,yes,no,10,yes,no,fiber_optic,yes,no,no,no,no,no,month-to-month,no,electronic_check,75.3,720.45,no
female,0,yes,no,36,yes,yes,fiber_optic,yes,yes,yes,yes,no,yes,two_year,yes,credit_card_(automatic),106.05,3834.4,no
female,0,no,no,38,yes,yes,fiber_optic,no,no,yes,yes,yes,yes,month-to-month,yes,electronic_check,103.65,3988.5,no
female,1,no,no,32,yes,no,fiber_optic,no,no,no,no,no,yes,month-to-month,yes,electronic_check,79.5,2665.0,no
female,0,yes,yes,24,yes,yes,fiber_optic,no,yes,yes,no,no,no,one_year,no,bank_transfer_(automatic),83.15,2033.05,no
male,0,yes,no,61,yes,yes,fiber_optic,no,yes,yes,no,yes,yes,month-to-month,yes,electronic_check,105.55,6281.45,yes
male,0,no,yes,53,yes,no,no,no_internet_service,no_internet_service,no_internet_service,no_internet_service,no_internet_service,no_internet_service,two_year,no,bank_transfer_(automatic),19.75,1052.35,yes
female,0,yes,yes,4,yes,yes,dsl,no,no,no,no,no,no,month-to-month,no,mailed_check,50.85,239.55,yes
male,0,yes,no,57,yes,no,dsl,yes,no,no,yes,no,no,month-to-month,no,electronic_check,55.7,3171.6,no
male,0,no,no,51,yes,yes,dsl,yes,yes,yes,yes,yes,no,one_year,yes,credit_card_(automatic),81.15,4126.2,no
female,1,yes,no,70,yes,yes,dsl,yes,yes,yes,yes,yes,yes,two_year,yes,bank_transfer_(automatic),92.2,6474.45,no
female,0,yes,yes,59,yes,yes,dsl,no,no,yes,yes,yes,no,two_year,yes,bank_transfer_(automatic),72.1,4194.85,no
male,0,no,yes,3,yes,no,no,no_internet_service,no_internet_service,no_internet_service,no_internet_service,no_internet_service,no_internet_service,month-to-month,no,mailed_check,19.95,58.3,no
male,0,no,no,4,yes,yes,dsl,no,no,no,no,no,no,month-to-month,no,mailed_check,50.4,206.6,yes
male,1,no,no,52,no,no_phone_service,dsl,yes,no,no,no,yes,yes,month-to-month,yes,credit_card_(automatic),48.8,2555.05,no
female,0,no,no,3,yes,no,no,no_internet_service,no_internet_service,no_internet_service,no_internet_service,no_internet_service,no_internet_service,month-to-month,no,mailed_check,19.85,57.2,no
male,0,yes,yes,2,yes,yes,dsl,yes,no,no,no,no,no,month-to-month,no,mailed_check,56.7,113.55,yes
female,0,yes,yes,72,no,no_phone_service,dsl,yes,yes,yes,yes,yes,yes,two_year,no,bank_transfer_(automatic),64.45,4528.0,no
male,0,yes,yes,62,yes,yes,fiber_optic,yes,yes,yes,yes,yes,yes,two_year,no,bank_transfer_(automatic),115.55,7159.05,no
female,0,no,no,15,yes,no,no,no_internet_service,no_internet_service,no_internet_service,no_internet_service,no_internet_service,no_internet_service,month-to-month,no,bank_transfer_(automatic),19.75,297.3,yes
male,0,yes,yes,27,yes,yes,fiber_optic,yes,yes,no,yes,yes,no,month-to-month,no,electronic_check,100.75,2793.55,no
male,0,no,no,3,yes,no,fiber_optic,no,yes,yes,yes,yes,yes,month-to-month,yes,electronic_check,107.95,318.6,no
female,0,no,no,1,yes,no,fiber_optic,no,no,yes,no,yes,no,month-to-month,yes,electronic_check,85.45,85.45,yes
female,0,no,no,6,no,no_phone_service,dsl,no,no,no,yes,yes,yes,one_year,yes,mailed_check,49.25,255.6,no
male,0,no,no,35,yes,yes,fiber_optic,no,no,no,no,yes,no,month-to-month,no,electronic_check,83.15,2848.45,no
female,0,yes,yes,38,yes,no,no,no_internet_service,no_internet_service,no_internet_service,no_internet_service,no_internet_service,no_internet_service,two_year,yes,mailed_check,20.2,746.05,no
male,0,no,no,52,yes,yes,fiber_optic,yes,no,yes,yes,yes,yes,two_year,yes,electronic_check,109.3,5731.4,no
male,0,no,yes,26,no,no_phone_service,dsl,no,yes,no,no,yes,no,one_year,yes,bank_transfer_(automatic),39.95,1023.75,no
female,0,no,no,3,yes,no,fiber_optic,no,no,no,yes,no,yes,month-to-month,no,electronic_check,85.8,272.2,yes
male,0,no,no,31,yes,no,dsl,yes,yes,yes,yes,yes,no,month-to-month,yes,bank_transfer_(automatic),72.45,2156.25,no
female,0,no,yes,8,no,no_phone_service,dsl,yes,no,no,no,no,yes,month-to-month,yes,electronic_check,38.5,330.8,no
male,1,yes,no,1,yes,no,fiber_optic,no,no,no,no,no,no,month-to-month,no,mailed_check,70.85,70.85,yes
female,0,no,yes,43,yes,no,dsl,yes,yes,no,no,no,yes,month-to-month,yes,electronic_check,63.95,2737.05,no
female,0,yes,no,72,yes,yes,fiber_optic,yes,yes,yes,no,yes,yes,two_year,yes,credit_card_(automatic),110.65,8065.65,no
male,1,no,no,47,yes,yes,dsl,no,yes,no,yes,no,no,two_year,no,bank_transfer_(automatic),59.6,2754.0,no
female,1,yes,no,27,yes,yes,dsl,no,yes,yes,yes,yes,yes,month-to-month,no,electronic_check,83.85,2310.2,no
female,0,no,no,37,yes,yes,dsl,yes,yes,yes,yes,yes,no,month-to-month,yes,credit_card_(automatic),78.9,2976.95,no
male,1,yes,yes,68,yes,yes,fiber_optic,no,no,yes,yes,yes,yes,one_year,yes,credit_card_(automatic),107.15,7379.8,no
female,0,yes,yes,28,yes,no,fiber_optic,yes,no,no,no,no,yes,one_year,yes,bank_transfer_(automatic),82.85,2320.8,no
male,0,yes,yes,68,yes,yes,fiber_optic,yes,yes,yes,yes,yes,yes,two_year,yes,bank_transfer_(automatic),114.7,7849.85,no
female,0,yes,yes,17,yes,yes,fiber_optic,no,no,yes,no,yes,no,month-to-month,no,electronic_check,88.25,1460.65,yes
female,0,no,no,3,yes,yes,fiber_optic,no,no,no,no,no,no,month-to-month,no,electronic_check,75.25,242.0,yes
female,0,no,no,45,yes,yes,fiber_optic,no,yes,no,no,yes,no,month-to-month,yes,credit_card_(automatic),89.3,4016.85,yes
male,0,yes,no,56,yes,no,no,no_internet_service,no_internet_service,no_internet_service,no_internet_service,no_internet_service,no_internet_service,one_year,no,credit_card_(automatic),19.95,1126.75,no
female,0,yes,no,72,yes,yes,no,no_internet_service,no_internet_service,no_internet_service,no_internet_service,no_internet_service,no_internet_service,two_year,yes,mailed_check,26.0,1776.0,no
male,0,no,no,13,yes,no,no,no_internet_service,no_internet_service,no_internet_service,no_internet_service,no_internet_service,no_internet_service,two_year,no,mailed_check,19.75,265.75,no
male,0,no,no,52,yes,no,dsl,yes,no,yes,no,no,no,one_year,no,electronic_check,53.75,2790.65,no
male,0,yes,yes,46,yes,yes,no,no_internet_service,no_internet_service,no_internet_service,no_internet_service,no_internet_service,no_internet_service,one_year,no,electronic_check,24.9,1174.8,no
female,0,yes,no,45,yes,yes,fiber_optic,yes,yes,yes,yes,yes,yes,one_year,no,mailed_check,113.3,5032.25,no
female,0,no,no,30,yes,yes,dsl,yes,no,yes,no,yes,yes,one_year,yes,credit_card_(automatic),79.3,2427.1,no
female,0,no,no,21,yes,no,no,no_internet_service,no_internet_service,no_internet_service,no_internet_service,no_internet_service,no_internet_service,two_year,yes,credit_card_(automatic),20.85,435.25,no
male,0,yes,yes,4,yes,yes,dsl,no,no,no,no,no,no,month-to-month,yes,electronic_check,50.9,225.6,yes
female,0,no,no,63,yes,yes,fiber_optic,yes,yes,yes,no,yes,yes,month-to-month,no,credit_card_(automatic),108.25,6780.1,no
male,1,no,no,64,yes,no,no,no_internet_service,no_internet_service,no_internet_service,no_internet_service,no_internet_service,no_internet_service,two_year,yes,bank_transfer_(automatic),20.05,1198.05,no
male,1,yes,yes,46,yes,yes,fiber_optic,yes,yes,yes,no,yes,no,month-to-month,yes,electronic_check,100.7,4541.2,yes
female,0,no,no,8,yes,no,no,no_internet_service,no_internet_service,no_internet_service,no_internet_service,no_internet_service,no_internet_service,one_year,yes,bank_transfer_(automatic),20.2,140.95,no
female,0,no,no,57,no,no_phone_service,dsl,yes,no,yes,yes,no,no,one_year,yes,credit_card_(automatic),41.1,2258.25,no
male,0,no,no,5,yes,no,no,no_internet_service,no_internet_service,no_internet_service,no_internet_service,no_internet_service,no_internet_service,month-to-month,yes,mailed_check,19.25,86.05,no
female,0,yes,yes,70,yes,no,dsl,no,yes,yes,yes,yes,yes,two_year,yes,bank_transfer_(automatic),80.4,5717.85,no
female,0,yes,no,62,yes,yes,dsl,yes,yes,no,yes,yes,yes,two_year,yes,electronic_check,84.95,5150.55,no
female,0,no,no,17,yes,yes,dsl,no,no,yes,yes,yes,no,month-to-month,yes,mailed_check,69.0,1108.0,no
female,0,yes,yes,3,no,no_phone_service,dsl,yes,no,no,no,no,no,month-to-month,no,credit_card_(automatic),29.7,91.7,yes
male,0,yes,yes,71,yes,no,no,no_internet_service,no_internet_service,no_internet_service,no_internet_service,no_internet_service,no_internet_service,two_year,no,mailed_check,19.8,1396.25,no
male,0,no,no,54,no,no_phone_service,dsl,yes,no,no,yes,yes,no,two_year,no,credit_card_(automatic),45.2,2460.55,no
female,1,no,no,50,yes,yes,fiber_optic,yes,yes,no,no,no,no,month-to-month,yes,electronic_check,83.4,4113.7,no
male,0,yes,no,1,yes,no,fiber_optic,no,no,yes,no,no,no,month-to-month,no,electronic_check,76.2,76.2,yes
female,1,no,no,16,yes,no,dsl,no,no,no,yes,yes,no,month-to-month,no,electronic_check,59.4,1023.9,yes
female,0,yes,no,14,yes,no,no,no_internet_service,no_internet_service,no_internet_service,no_internet_service,no_internet_service,no_internet_service,two_year,no,mailed_check,20.4,292.4,no
male,1,yes,no,71,yes,yes,no,no_internet_service,no_internet_service,no_internet_service,no_internet_service,no_internet_service,no_internet_service,two_year,no,bank_transfer_(automatic),23.95,1756.2,no
male,1,no,no,35,yes,no,dsl,no,no,yes,yes,yes,yes,one_year,yes,electronic_check,73.0,2471.25,no
male,1,no,no,67,yes,no,fiber_optic,yes,yes,no,yes,yes,yes,two_year,yes,electronic_check,105.05,7171.7,no
male,1,yes,no,52,yes,no,fiber_optic,yes,no,yes,yes,yes,yes,one_year,yes,bank_transfer_(automatic),104.45,5481.25,no
male,0,yes,no,10,yes,yes,fiber_optic,no,no,yes,no,yes,yes,month-to-month,yes,electronic_check,98.5,1037.75,yes
female,1,yes,no,34,yes,yes,fiber_optic,no,yes,yes,no,no,yes,month-to-month,yes,electronic_check,94.25,3217.55,yes
female,1,yes,no,50,yes,yes,fiber_optic,yes,yes,yes,no,yes,yes,month-to-month,no,bank_transfer_(automatic),108.75,5431.9,no
male,0,no,yes,32,yes,no,no,no_internet_service,no_internet_service,no_internet_service,no_internet_service,no_internet_service,no_internet_service,two_year,no,mailed_check,20.5,696.8,no
female,0,yes,no,65,yes,yes,fiber_optic,no,yes,yes,yes,yes,yes,two_year,yes,bank_transfer_(automatic),107.65,7082.85,no
male,0,yes,yes,72,yes,no,no,no_internet_service,no_internet_service,no_internet_service,no_internet_service,no_internet_service,no_internet_service,two_year,no,bank_transfer_(automatic),21.0,1493.75,no
female,0,no,no,9,yes,no,fiber_optic,no,no,yes,no,no,yes,month-to-month,yes,credit_card_(automatic),85.3,781.4,no
male,0,no,no,52,no,no_phone_service,dsl,no,yes,no,no,no,no,one_year,no,mailed_check,30.1,1623.4,no
female,0,yes,no,1,yes,no,fiber_optic,no,no,no,no,yes,no,month-to-month,yes,bank_transfer_(automatic),79.35,79.35,yes
female,0,no,no,2,yes,no,no,no_internet_service,no_internet_service,no_internet_service,no_internet_service,no_internet_service,no_internet_service,month-to-month,no,mailed_check,20.35,45.3,no
female,0,yes,no,29,yes,no,no,no_internet_service,no_internet_service,no_internet_service,no_internet_service,no_internet_service,no_internet_service,two_year,yes,mailed_check,19.55,521.8,no
female,0,yes,no,71,yes,yes,fiber_optic,yes,no,yes,no,yes,yes,one_year,yes,credit_card_(automatic),104.1,7412.25,no
male,1,no,no,23,no,no_phone_service,dsl,no,no,no,no,no,yes,month-to-month,yes,bank_transfer_(automatic),34.65,768.45,no
male,0,no,no,71,yes,yes,fiber_optic,yes,no,no,yes,no,yes,one_year,no,credit_card_(automatic),97.65,6687.85,no
female,0,yes,no,44,yes,yes,fiber_optic,no,no,no,no,yes,yes,month-to-month,yes,electronic_check,96.1,4364.1,yes
female,0,yes,yes,0,no,no_phone_service,dsl,yes,no,yes,yes,yes,no,two_year,yes,bank_transfer_(automatic),52.55,0.0,no
female,0,no,no,1,no,no_phone_service,dsl,no,no,no,no,yes,no,month-to-month,yes,electronic_check,34.7,34.7,yes
female,1,yes,no,50,yes,yes,fiber_optic,no,yes,yes,no,yes,no,month-to-month,yes,electronic_check,95.05,4888.7,yes
male,1,no,no,37,yes,yes,fiber_optic,no,no,yes,no,yes,yes,month-to-month,yes,electronic_check,101.1,3744.05,yes
male,0,yes,no,14,yes,no,dsl,no,no,no,no,no,no,one_year,no,electronic_check,44.6,641.25,no
male,0,no,no,25,yes,yes,dsl,yes,yes,yes,yes,no,yes,month-to-month,no,bank_transfer_(automatic),81.75,2028.8,no
male,0,no,no,5,yes,no,fiber_optic,no,no,no,no,no,no,month-to-month,yes,electronic_check,69.75,324.6,yes
female,0,no,no,29,yes,no,no,no_internet_service,no_internet_service,no_internet_service,no_internet_service,no_internet_service,no_internet_service,month-to-month,no,credit_card_(automatic),19.35,601.6,no
male,0,yes,yes,21,yes,no,no,no_internet_service,no_internet_service,no_internet_service,no_internet_service,no_internet_service,no_internet_service,one_year,no,mailed_check,19.8,350.1,no
female,0,yes,yes,68,yes,yes,fiber_optic,yes,no,yes,yes,yes,yes,two_year,yes,bank_transfer_(automatic),109.05,7508.55,no
female,0,no,yes,14,yes,yes,fiber_optic,yes,no,no,yes,no,no,month-to-month,yes,mailed_check,86.0,1164.05,no
female,0,no,no,2,yes,yes,fiber_optic,no,no,yes,no,no,no,month-to-month,no,mailed_check,80.6,155.8,yes
female,1,no,no,31,yes,no,fiber_optic,yes,no,no,no,no,no,month-to-month,yes,credit_card_(automatic),73.55,2094.65,no
female,0,yes,yes,67,yes,yes,dsl,yes,yes,no,yes,yes,no,two_year,no,credit_card_(automatic),74.0,4868.4,no
female,0,yes,no,10,yes,no,dsl,no,no,yes,no,yes,yes,month-to-month,yes,credit_card_(automatic),67.8,653.15,no
male,0,yes,yes,72,yes,no,fiber_optic,yes,yes,no,yes,yes,yes,two_year,no,bank_transfer_(automatic),105.5,7611.55,no
male,0,no,no,72,yes,no,dsl,yes,yes,yes,yes,yes,no,two_year,yes,bank_transfer_(automatic),75.1,5336.35,no
male,0,yes,yes,69,yes,no,no,no_internet_service,no_internet_service,no_internet_service,no_internet_service,no_internet_service,no_internet_service,one_year,yes,credit_card_(automatic),20.55,1403.1,no
male,0,no,no,20,yes,yes,dsl,no,yes,no,yes,yes,no,one_year,yes,electronic_check,68.7,1416.2,no
male,0,no,no,14,yes,yes,fiber_optic,no,no,no,yes,yes,no,month-to-month,yes,electronic_check,89.95,1178.4,yes
male,0,no,no,10,yes,yes,fiber_optic,no,no,no,no,no,no,month-to-month,no,electronic_check,75.05,786.3,no
female,0,no,yes,25,yes,no,no,no_internet_service,no_internet_service,no_internet_service,no_internet_service,no_internet_service,no_internet_service,month-to-month,no,credit_card_(automatic),20.05,471.7,no
male,0,yes,no,42,yes,no,no,no_internet_service,no_internet_service,no_internet_service,no_internet_service,no_internet_service,no_internet_service,two_year,no,electronic_check,20.25,835.5,no
female,0,yes,yes,6,yes,yes,fiber_optic,no,yes,yes,no,yes,no,month-to-month,yes,mailed_check,94.05,518.75,no
male,1,yes,no,24,no,no_phone_service,dsl,yes,no,no,no,no,yes,month-to-month,no,bank_transfer_(automatic),39.1,971.3,yes
male,1,yes,no,57,yes,yes,fiber_optic,no,yes,yes,no,no,yes,month-to-month,yes,bank_transfer_(automatic),95.25,5427.05,yes
female,0,no,no,31,yes,no,fiber_optic,yes,no,yes,yes,no,no,month-to-month,no,electronic_check,87.6,2724.25,no
male,0,no,no,72,no,no_phone_service,dsl,yes,yes,yes,yes,yes,yes,two_year,yes,bank_transfer_(automatic),63.7,4464.8,no
female,0,no,no,1,yes,no,no,no_internet_service,no_internet_service,no_internet_service,no_internet_service,no_internet_service,no_internet_service,month-to-month,no,mailed_check,19.15,19.15,no
female,0,yes,no,38,yes,no,no,no_internet_service,no_internet_service,no_internet_service,no_internet_service,no_internet_service,no_internet_service,one_year,yes,credit_card_(automatic),20.25,814.75,no
male,0,no,no,6,yes,no,dsl,yes,yes,no,no,no,no,month-to-month,yes,bank_transfer_(automatic),55.7,335.65,no
female,0,no,no,1,yes,no,no,no_internet_service,no_internet_service,no_internet_service,no_internet_service,no_internet_service,no_internet_service,month-to-month,no,mailed_check,19.65,19.65,no
female,0,yes,no,37,no,no_phone_service,dsl,yes,no,no,yes,yes,no,two_year,no,electronic_check,45.4,1593.1,no
female,0,yes,no,71,yes,yes,no,no_internet_service,no_internet_service,no_internet_service,no_internet_service,no_internet_service,no_internet_service,two_year,no,credit_card_(automatic),25.6,1888.25,no
male,0,yes,no,8,yes,no,fiber_optic,yes,no,no,no,no,no,month-to-month,no,electronic_check,75.0,632.95,yes
male,0,yes,no,72,yes,yes,no,no_internet_service,no_internet_service,no_internet_service,no_internet_service,no_internet_service,no_internet_service,two_year,no,mailed_check,25.4,1797.1,no
female,0,no,no,1,yes,no,fiber_optic,no,no,yes,no,no,no,month-to-month,no,electronic_check,75.3,75.3,yes
female,1,yes,no,21,yes,yes,dsl,no,yes,yes,no,no,yes,one_year,no,bank_transfer_(automatic),71.7,1497.05,no
male,1,yes,no,7,yes,yes,dsl,yes,yes,no,yes,no,no,month-to-month,no,electronic_check,64.2,475.0,no
female,0,yes,no,43,no,no_phone_service,dsl,yes,no,no,yes,no,no,month-to-month,no,bank_transfer_(automatic),34.0,1505.35,no
female,0,no,no,2,yes,no,dsl,no,no,no,no,no,no,month-to-month,yes,electronic_check,45.4,80.95,no
female,0,yes,no,46,yes,yes,dsl,yes,no,no,no,no,no,month-to-month,no,bank_transfer_(automatic),55.0,2473.95,no
male,0,no,no,1,yes,no,no,no_internet_service,no_internet_service,no_internet_service,no_internet_service,no_internet_service,no_internet_service,month-to-month,no,mailed_check,20.3,20.3,no
female,0,no,no,12,yes,no,no,no_internet_service,no_internet_service,no_internet_service,no_internet_service,no_internet_service,no_internet_service,one_year,yes,bank_transfer_(automatic),19.35,219.35,no
female,1,no,no,17,yes,no,fiber_optic,no,yes,yes,no,yes,no,month-to-month,yes,electronic_check,89.15,1496.9,yes
male,1,yes,no,50,yes,yes,fiber_optic,yes,no,yes,no,yes,yes,two_year,yes,credit_card_(automatic),105.05,5163.3,no
female,0,no,no,23,yes,no,no,no_internet_service,no_internet_service,no_internet_service,no_internet_service,no_internet_service,no_internet_service,month-to-month,yes,bank_transfer_(automatic),20.3,470.6,no
female,1,yes,no,5,yes,yes,fiber_optic,no,no,no,no,no,no,month-to-month,yes,electronic_check,74.35,334.8,yes
female,0,no,no,37,yes,yes,dsl,yes,no,no,no,yes,no,one_year,no,bank_transfer_(automatic),64.65,2347.85,no
female,0,no,no,25,yes,no,dsl,yes,no,no,yes,yes,yes,month-to-month,yes,credit_card_(automatic),76.15,1992.95,no
male,1,yes,no,58,yes,yes,fiber_optic,no,yes,no,no,yes,yes,month-to-month,yes,electronic_check,98.9,5780.7,no
male,0,no,no,54,no,no_phone_service,dsl,yes,yes,no,no,no,yes,two_year,no,bank_transfer_(automatic),46.2,2431.95,no
male,1,no,no,63,yes,yes,fiber_optic,yes,yes,yes,no,yes,yes,month-to-month,yes,bank_transfer_(automatic),109.4,7031.45,no
female,0,no,yes,18,yes,no,no,no_internet_service,no_internet_service,no_internet_service,no_internet_service,no_internet_service,no_internet_service,one_year,no,bank_transfer_(automatic),20.15,390.85,yes
female,0,yes,yes,40,yes,yes,no,no_internet_service,no_internet_service,no_internet_service,no_internet_service,no_internet_service,no_internet_service,month-to-month,yes,electronic_check,26.2,1077.5,no
male,0,no,no,11,yes,no,fiber_optic,no,no,no,yes,no,no,month-to-month,yes,electronic_check,73.85,926.25,yes
male,0,yes,yes,38,yes,yes,dsl,yes,no,yes,yes,yes,yes,two_year,yes,bank_transfer_(automatic),85.4,3297.0,no
female,1,yes,no,1,yes,no,dsl,no,no,no,no,no,no,month-to-month,no,electronic_check,46.0,46.0,yes
male,1,no,no,15,yes,no,fiber_optic,no,yes,no,no,no,no,month-to-month,yes,electronic_check,74.4,1074.3,yes
male,0,no,no,39,yes,no,no,no_internet_service,no_internet_service,no_internet_service,no_internet_service,no_internet_service,no_internet_service,one_year,no,mailed_check,19.9,791.15,no
female,0,yes,yes,5,no,no_phone_service,dsl,no,yes,no,yes,no,no,month-to-month,no,electronic_check,34.25,163.55,no
female,0,yes,no,57,yes,yes,fiber_optic,no,no,yes,no,yes,yes,one_year,yes,credit_card_(automatic),100.75,5985.0,no
male,0,yes,no,29,yes,yes,fiber_optic,yes,yes,no,no,no,no,month-to-month,yes,electronic_check,84.45,2467.1,yes
female,0,yes,no,40,yes,no,no,no_internet_service,no_internet_service,no_internet_service,no_internet_service,no_internet_service,no_internet_service,two_year,no,mailed_check,19.1,780.1,no
male,0,no,no,3,yes,yes,dsl,no,no,no,no,no,no,month-to-month,no,bank_transfer_(automatic),50.4,137.25,no
male,0,no,no,7,yes,no,dsl,no,no,yes,yes,yes,no,month-to-month,no,bank_transfer_(automatic),64.3,445.95,no
male,0,yes,yes,60,yes,yes,fiber_optic,no,yes,no,yes,yes,yes,month-to-month,yes,bank_transfer_(automatic),103.75,5969.95,no
male,1,yes,no,44,yes,no,no,no_internet_service,no_internet_service,no_internet_service,no_internet_service,no_internet_service,no_internet_service,two_year,yes,credit_card_(automatic),19.35,847.25,no
female,0,no,no,1,yes,no,no,no_internet_service,no_internet_service,no_internet_service,no_internet_service,no_internet_service,no_internet_service,month-to-month,no,electronic_check,20.7,20.7,no
female,0,yes,no,57,yes,yes,fiber_optic,no,yes,yes,no,yes,yes,month-to-month,yes,credit_card_(automatic),104.5,5921.35,yes
male,0,yes,yes,22,yes,no,no,no_internet_service,no_internet_service,no_internet_service,no_internet_service,no_internet_service,no_internet_service,one_year,no,mailed_check,19.95,433.5,no
female,1,no,no,2,yes,yes,fiber_optic,no,no,yes,no,no,yes,month-to-month,yes,electronic_check,88.55,179.25,yes
female,0,yes,yes,40,yes,yes,no,no_internet_service,no_internet_service,no_internet_service,no_internet_service,no_internet_service,no_internet_service,two_year,yes,mailed_check,24.8,1024.7,no
male,0,no,no,1,yes,no,dsl,yes,no,no,yes,no,no,month-to-month,yes,electronic_check,53.95,53.95,yes
female,0,no,no,68,yes,yes,fiber_optic,yes,yes,no,yes,yes,yes,two_year,no,credit_card_(automatic),110.25,7279.35,no
female,1,no,no,3,no,no_phone_service,dsl,no,no,no,no,no,no,month-to-month,no,electronic_check,25.3,77.75,yes
female,0,yes,yes,33,yes,yes,no,no_internet_service,no_internet_service,no_internet_service,no_internet_service,no_internet_service,no_internet_service,month-to-month,no,bank_transfer_(automatic),24.25,838.5,no
male,0,no,no,1,yes,no,no,no_internet_service,no_internet_service,no_internet_service,no_internet_service,no_internet_service,no_internet_service,month-to-month,yes,mailed_check,18.85,18.85,yes
male,0,yes,yes,18,yes,no,fiber_optic,yes,no,yes,no,yes,no,month-to-month,yes,mailed_check,87.9,1500.5,no
female,0,yes,no,12,yes,no,dsl,no,no,no,no,no,no,month-to-month,no,bank_transfer_(automatic),45.9,505.95,no
male,0,no,yes,14,yes,no,dsl,yes,yes,yes,yes,no,yes,two_year,no,bank_transfer_(automatic),76.1,1054.8,no
male,0,no,yes,3,yes,yes,fiber_optic,no,no,yes,no,no,yes,month-to-month,no,electronic_check,91.85,257.05,yes
female,0,yes,yes,55,yes,no,fiber_optic,no,no,no,no,no,no,two_year,yes,credit_card_(automatic),69.05,3842.6,no
male,0,no,no,7,yes,no,no,no_internet_service,no_internet_service,no_internet_service,no_internet_service,no_internet_service,no_internet_service,month-to-month,no,electronic_check,19.25,112.3,yes
female,0,no,no,17,yes,yes,no,no_internet_service,no_internet_service,no_internet_service,no_internet_service,no_internet_service,no_internet_service,month-to-month,no,mailed_check,24.8,475.25,no
male,0,yes,yes,30,yes,yes,fiber_optic,yes,yes,no,no,yes,no,month-to-month,yes,electronic_check,94.4,2838.7,yes
male,0,no,no,1,yes,no,dsl,no,no,no,no,no,no,month-to-month,no,mailed_check,44.4,44.4,yes
female,0,no,no,1,yes,no,dsl,yes,no,no,no,no,no,month-to-month,no,electronic_check,50.15,50.15,no
female,0,no,no,2,yes,yes,fiber_optic,no,no,no,no,yes,yes,month-to-month,yes,electronic_check,95.15,196.9,yes
male,0,yes,yes,69,yes,yes,fiber_optic,no,yes,yes,no,yes,no,one_year,no,credit_card_(automatic),95.75,6511.25,no
male,1,yes,no,7,yes,yes,fiber_optic,no,no,no,no,no,no,month-to-month,yes,electronic_check,75.4,533.05,no
female,0,yes,no,51,yes,yes,fiber_optic,no,no,yes,no,yes,yes,one_year,yes,electronic_check,98.85,4947.55,no
male,0,no,yes,1,yes,no,no,no_internet_service,no_internet_service,no_internet_service,no_internet_service,no_internet_service,no_internet_service,month-to-month,no,mailed_check,19.25,19.25,yes
female,0,yes,yes,4,yes,no,dsl,no,yes,no,yes,no,no,month-to-month,no,mailed_check,56.5,235.1,yes
female,0,yes,yes,69,yes,no,dsl,no,yes,yes,yes,no,no,one_year,no,bank_transfer_(automatic),59.1,4134.7,no
female,0,yes,no,24,yes,no,no,no_internet_service,no_internet_service,no_internet_service,no_internet_service,no_internet_service,no_internet_service,one_year,no,mailed_check,20.15,456.85,no
male,1,yes,no,49,yes,yes,fiber_optic,no,yes,no,no,no,yes,month-to-month,no,credit_card_(automatic),90.05,4547.25,yes
female,1,no,no,11,yes,yes,dsl,yes,no,no,no,no,no,month-to-month,yes,electronic_check,55.6,580.8,no
male,1,yes,no,1,no,no_phone_service,dsl,no,yes,no,no,yes,no,month-to-month,no,electronic_check,40.2,40.2,yes
female,0,no,yes,12,yes,no,dsl,no,no,no,no,no,no,month-to-month,yes,electronic_check,44.55,480.6,yes
female,0,no,no,70,yes,no,dsl,yes,no,yes,yes,yes,yes,two_year,no,bank_transfer_(automatic),79.6,5589.45,no
male,1,no,no,3,yes,yes,fiber_optic,no,yes,yes,no,yes,yes,month-to-month,yes,electronic_check,105.0,294.45,yes
male,0,no,no,26,yes,no,dsl,no,no,no,yes,yes,no,one_year,no,credit_card_(automatic),59.45,1507.0,no
female,0,yes,yes,7,yes,yes,dsl,no,no,no,no,no,no,month-to-month,no,electronic_check,48.8,349.8,no
male,0,no,no,24,yes,no,fiber_optic,no,no,no,yes,yes,yes,month-to-month,yes,electronic_check,96.0,2122.45,yes
female,0,no,no,64,yes,yes,no,no_internet_service,no_internet_service,no_internet_service,no_internet_service,no_internet_service,no_internet_service,one_year,yes,bank_transfer_(automatic),24.4,1601.2,no
male,0,no,no,27,yes,no,fiber_optic,no,no,no,no,no,no,month-to-month,yes,mailed_check,69.05,1793.25,no
female,0,yes,no,67,yes,yes,fiber_optic,no,yes,yes,no,yes,yes,one_year,yes,bank_transfer_(automatic),105.7,6816.95,no
male,0,yes,yes,50,yes,no,dsl,no,no,no,no,no,no,one_year,yes,bank_transfer_(automatic),44.8,2230.85,no
male,0,no,no,17,yes,no,no,no_internet_service,no_internet_service,no_internet_service,no_internet_service,no_internet_service,no_internet_service,one_year,yes,bank_transfer_(automatic),19.65,351.55,no
female,0,no,no,51,yes,yes,fiber_optic,no,yes,yes,yes,yes,yes,one_year,yes,electronic_check,111.5,5703.25,no
male,0,no,no,5,yes,no,no,no_internet_service,no_internet_service,no_internet_service,no_internet_service,no_internet_service,no_internet_service,month-to-month,no,mailed_check,19.95,107.05,no
female,0,no,no,41,yes,no,fiber_optic,no,yes,no,yes,yes,yes,two_year,yes,bank_transfer_(automatic),98.8,3959.15,no
female,0,yes,yes,33,yes,no,no,no_internet_service,no_internet_service,no_internet_service,no_internet_service,no_internet_service,no_internet_service,two_year,no,mailed_check,20.1,670.35,no
male,0,yes,no,10,yes,no,dsl,yes,no,no,yes,no,no,month-to-month,yes,credit_card_(automatic),54.95,568.85,no
male,0,no,no,25,yes,no,fiber_optic,yes,no,no,no,no,no,month-to-month,no,bank_transfer_(automatic),74.3,1952.25,no
female,0,yes,no,50,yes,yes,fiber_optic,yes,no,yes,no,yes,yes,one_year,yes,mailed_check,104.4,5232.9,no
male,0,yes,no,24,yes,no,fiber_optic,yes,no,no,yes,no,yes,month-to-month,yes,electronic_check,89.25,2210.2,no
female,0,no,no,70,no,no_phone_service,dsl,yes,no,yes,yes,yes,yes,two_year,yes,bank_transfer_(automatic),58.35,4214.25,no
female,0,no,no,3,no,no_phone_service,dsl,no,yes,no,no,yes,yes,month-to-month,yes,electronic_check,50.6,155.35,yes
female,0,yes,yes,24,yes,no,no,no_internet_service,no_internet_service,no_internet_service,no_internet_service,no_internet_service,no_internet_service,two_year,yes,mailed_check,19.7,494.05,no
male,0,yes,no,4,yes,no,fiber_optic,no,no,yes,yes,no,no,month-to-month,yes,mailed_check,80.6,319.15,yes
female,0,yes,yes,65,yes,yes,no,no_internet_service,no_internet_service,no_internet_service,no_internet_service,no_internet_service,no_internet_service,two_year,yes,bank_transfer_(automatic),25.3,1748.55,no
male,0,no,no,1,yes,yes,fiber_optic,no,no,no,no,no,no,month-to-month,yes,electronic_check,75.3,75.3,yes
male,0,no,no,5,yes,no,fiber_optic,no,no,no,no,no,yes,month-to-month,no,mailed_check,78.75,426.35,no
male,0,no,no,1,yes,no,no,no_internet_service,no_internet_service,no_internet_service,no_internet_service,no_internet_service,no_internet_service,month-to-month,yes,mailed_check,19.5,19.5,no
male,0,yes,yes,45,yes,no,dsl,yes,no,no,yes,no,no,two_year,no,bank_transfer_(automatic),54.65,2553.7,no
male,0,no,no,27,yes,no,dsl,yes,no,no,yes,no,no,month-to-month,no,mailed_check,53.45,1461.45,no
male,0,no,no,19,yes,no,no,no_internet_service,no_internet_service,no_internet_service,no_internet_service,no_internet_service,no_internet_service,one_year,no,mailed_check,18.8,279.2,no
male,0,yes,no,64,yes,yes,fiber_optic,yes,yes,yes,no,no,no,one_year,no,bank_transfer_(automatic),89.45,5692.65,no
male,0,yes,no,45,yes,yes,fiber_optic,no,yes,no,no,no,no,month-to-month,no,bank_transfer_(automatic),81.4,3775.85,no
male,0,no,no,20,yes,no,no,no_internet_service,no_internet_service,no_internet_service,no_internet_service,no_internet_service,no_internet_service,month-to-month,yes,credit_card_(automatic),19.6,356.15,no
male,0,no,no,9,yes,no,fiber_optic,no,no,yes,no,no,no,month-to-month,yes,electronic_check,73.8,704.3,no
male,0,yes,yes,56,yes,no,dsl,yes,yes,yes,no,no,no,two_year,yes,bank_transfer_(automatic),59.8,3457.45,no
male,0,yes,no,53,yes,yes,dsl,yes,no,yes,yes,yes,no,one_year,no,bank_transfer_(automatic),77.4,4155.95,no
female,0,yes,no,71,yes,no,no,no_internet_service,no_internet_service,no_internet_service,no_internet_service,no_internet_service,no_internet_service,two_year,yes,bank_transfer_(automatic),20.9,1493.2,no
male,0,yes,no,8,yes,no,fiber_optic,yes,no,no,no,no,no,month-to-month,yes,electronic_check,74.5,609.9,yes
male,0,no,no,4,yes,no,fiber_optic,no,no,yes,yes,no,yes,month-to-month,yes,electronic_check,90.4,356.65,no
female,0,yes,yes,70,yes,yes,dsl,yes,no,no,no,no,yes,one_year,no,bank_transfer_(automatic),65.2,4543.15,no
male,0,yes,no,48,yes,yes,dsl,no,yes,yes,no,no,yes,one_year,yes,credit_card_(automatic),70.55,3420.5,no
female,0,no,no,15,yes,no,dsl,no,no,yes,no,no,yes,month-to-month,yes,electronic_check,59.45,892.65,yes
female,0,yes,yes,4,yes,yes,dsl,no,yes,no,yes,no,no,month-to-month,yes,mailed_check,58.5,224.85,no
male,1,yes,no,22,yes,no,fiber_optic,no,no,no,no,yes,yes,month-to-month,yes,bank_transfer_(automatic),89.75,1938.9,no
male,1,no,no,3,yes,yes,fiber_optic,no,no,yes,no,yes,no,month-to-month,no,electronic_check,91.05,289.1,yes
female,0,no,no,5,yes,yes,fiber_optic,no,no,no,no,no,no,month-to-month,no,electronic_check,75.6,402.5,no
female,0,yes,yes,72,yes,no,no,no_internet_service,no_internet_service,no_internet_service,no_internet_service,no_internet_service,no_internet_service,two_year,no,bank_transfer_(automatic),20.1,1460.85,no
female,0,yes,yes,34,no,no_phone_service,dsl,yes,no,yes,yes,yes,yes,one_year,no,mailed_check,61.25,1993.2,no
male,1,no,no,67,yes,yes,no,no_internet_service,no_internet_service,no_internet_service,no_internet_service,no_internet_service,no_internet_service,two_year,no,credit_card_(automatic),25.1,1672.15,no
female,1,yes,no,72,yes,yes,fiber_optic,no,yes,yes,no,yes,yes,one_year,yes,credit_card_(automatic),105.75,7629.85,no
female,0,yes,yes,64,no,no_phone_service,dsl,no,yes,yes,yes,no,yes,two_year,no,electronic_check,49.85,3210.35,no
female,0,no,no,3,yes,yes,fiber_optic,no,no,no,no,no,no,month-to-month,no,electronic_check,76.1,257.6,no
female,0,yes,no,23,yes,yes,fiber_optic,no,no,yes,no,no,yes,month-to-month,no,mailed_check,90.15,2044.95,no
female,0,no,no,4,yes,yes,fiber_optic,no,yes,no,no,no,no,month-to-month,yes,mailed_check,80.3,324.2,no
female,0,yes,yes,57,yes,no,fiber_optic,no,yes,no,no,yes,yes,one_year,yes,electronic_check,95.0,5535.8,no
female,0,no,no,72,yes,yes,dsl,yes,yes,no,no,no,no,two_year,no,bank_transfer_(automatic),59.75,4265.0,no
female,0,no,no,70,yes,yes,no,no_internet_service,no_internet_service,no_internet_service,no_internet_service,no_internet_service,no_internet_service,one_year,no,credit_card_(automatic),26.05,1856.4,no
female,1,yes,no,2,yes,no,dsl,no,yes,no,no,no,no,month-to-month,no,credit_card_(automatic),50.15,115.1,yes
female,0,no,yes,1,yes,no,fiber_optic,no,no,no,no,yes,no,month-to-month,yes,electronic_check,79.35,79.35,yes
female,0,no,no,34,yes,no,dsl,yes,yes,no,no,no,yes,one_year,no,electronic_check,64.35,2053.05,no
female,0,no,no,40,yes,yes,dsl,no,no,yes,yes,yes,yes,one_year,yes,mailed_check,80.75,3208.65,no
female,0,yes,yes,61,yes,no,no,no_internet_service,no_internet_service,no_internet_service,no_internet_service,no_internet_service,no_internet_service,one_year,no,credit_card_(automatic),19.1,1143.8,no
male,0,yes,yes,69,yes,yes,fiber_optic,yes,yes,yes,yes,yes,yes,two_year,yes,bank_transfer_(automatic),114.35,7665.8,no
female,0,no,no,10,yes,yes,no,no_internet_service,no_internet_service,no_internet_service,no_internet_service,no_internet_service,no_internet_service,month-to-month,yes,mailed_check,24.5,270.15,no
female,1,yes,no,1,yes,no,fiber_optic,no,yes,no,no,no,no,month-to-month,yes,mailed_check,76.4,76.4,yes
female,0,yes,no,71,yes,yes,dsl,no,yes,yes,yes,yes,yes,two_year,yes,credit_card_(automatic),83.3,5894.5,no
female,0,no,no,1,yes,no,dsl,no,no,no,no,no,no,month-to-month,no,mailed_check,43.95,43.95,yes
female,0,no,no,3,yes,no,no,no_internet_service,no_internet_service,no_internet_service,no_internet_service,no_internet_service,no_internet_service,month-to-month,no,electronic_check,19.75,58.85,yes
male,0,no,yes,4,yes,yes,fiber_optic,no,yes,no,no,yes,yes,month-to-month,yes,electronic_check,101.7,364.55,yes
female,0,no,yes,1,yes,no,dsl,yes,no,no,no,no,no,month-to-month,no,mailed_check,49.9,49.9,no
female,0,yes,no,41,yes,yes,fiber_optic,yes,yes,yes,yes,yes,yes,month-to-month,yes,bank_transfer_(automatic),113.6,4594.95,yes
female,1,no,no,1,yes,no,dsl,no,no,no,no,no,no,month-to-month,no,mailed_check,45.1,45.1,yes
male,0,no,no,40,yes,yes,fiber_optic,no,no,no,no,yes,no,month-to-month,yes,electronic_check,84.9,3369.05,no
male,0,yes,no,56,no,no_phone_service,dsl,no,no,yes,yes,yes,yes,one_year,yes,bank_transfer_(automatic),54.05,2959.8,no
male,0,yes,yes,72,yes,yes,no,no_internet_service,no_internet_service,no_internet_service,no_internet_service,no_internet_service,no_internet_service,two_year,no,credit_card_(automatic),24.75,1859.1,no
female,0,yes,no,69,yes,yes,fiber_optic,no,yes,yes,no,no,no,month-to-month,yes,bank_transfer_(automatic),85.4,5869.4,no
male,0,yes,yes,62,yes,no,no,no_internet_service,no_internet_service,no_internet_service,no_internet_service,no_internet_service,no_internet_service,two_year,no,bank_transfer_(automatic),20.45,1297.35,no
male,0,no,no,9,no,no_phone_service,dsl,no,no,no,no,yes,no,month-to-month,yes,credit_card_(automatic),34.7,296.1,yes
male,0,no,no,68,yes,no,fiber_optic,no,yes,yes,no,no,no,one_year,no,credit_card_(automatic),79.6,5461.45,no
female,0,no,no,9,yes,no,no,no_internet_service,no_internet_service,no_internet_service,no_internet_service,no_internet_service,no_internet_service,month-to-month,no,bank_transfer_(automatic),19.5,150.35,no
male,0,no,no,2,yes,no,fiber_optic,no,no,yes,no,no,yes,month-to-month,yes,electronic_check,85.85,167.3,yes
male,0,yes,no,51,yes,yes,fiber_optic,no,no,no,no,yes,yes,month-to-month,yes,electronic_check,94.65,4812.75,yes
female,0,yes,no,67,yes,yes,fiber_optic,no,yes,yes,yes,yes,yes,one_year,yes,credit_card_(automatic),109.7,7344.45,no
male,0,yes,yes,72,yes,yes,fiber_optic,no,yes,yes,yes,yes,yes,two_year,yes,bank_transfer_(automatic),112.25,8041.65,no
male,0,no,no,30,yes,yes,fiber_optic,yes,no,no,no,yes,yes,month-to-month,yes,bank_transfer_(automatic),100.4,2936.25,no
female,0,no,no,1,yes,no,fiber_optic,no,no,yes,no,no,no,month-to-month,no,electronic_check,75.55,75.55,no
male,0,yes,yes,72,yes,yes,dsl,yes,no,yes,yes,no,no,two_year,yes,credit_card_(automatic),66.5,4811.6,no
male,0,no,no,19,yes,no,no,no_internet_service,no_internet_service,no_internet_service,no_internet_service,no_internet_service,no_internet_service,two_year,no,mailed_check,19.65,358.15,no
female,0,no,no,17,yes,no,dsl,yes,yes,no,yes,yes,yes,one_year,no,credit_card_(automatic),79.85,1387.35,no
male,0,no,no,26,yes,no,no,no_internet_service,no_internet_service,no_internet_service,no_internet_service,no_internet_service,no_internet_service,one_year,yes,credit_card_(automatic),20.65,595.5,no
female,0,yes,yes,19,yes,no,no,no_internet_service,no_internet_service,no_internet_service,no_internet_service,no_internet_service,no_internet_service,two_year,no,mailed_check,20.15,387.7,no
female,1,no,no,1,yes,no,fiber_optic,no,no,no,no,no,no,month-to-month,yes,electronic_check,69.6,69.6,yes
female,0,no,no,1,yes,no,fiber_optic,no,no,no,no,no,no,month-to-month,yes,electronic_check,69.5,69.5,yes
female,0,no,no,39,no,no_phone_service,dsl,yes,yes,no,yes,no,no,one_year,yes,bank_transfer_(automatic),40.3,1630.4,no
female,0,no,yes,1,no,no_phone_service,dsl,no,no,no,no,no,no,month-to-month,no,mailed_check,24.7,24.7,no
male,0,no,no,58,yes,yes,no,no_internet_service,no_internet_service,no_internet_service,no_internet_service,no_internet_service,no_internet_service,two_year,yes,credit_card_(automatic),24.45,1513.6,no
male,0,no,yes,36,yes,no,fiber_optic,no,yes,no,no,yes,yes,month-to-month,yes,electronic_check,94.7,3512.5,no
male,0,yes,yes,49,no,no_phone_service,dsl,no,yes,no,no,yes,yes,one_year,yes,bank_transfer_(automatic),51.8,2541.25,yes
female,0,yes,yes,58,yes,no,no,no_internet_service,no_internet_service,no_internet_service,no_internet_service,no_internet_service,no_internet_service,two_year,yes,mailed_check,19.85,1158.85,no
male,0,yes,yes,35,yes,no,no,no_internet_service,no_internet_service,no_internet_service,no_internet_service,no_internet_service,no_internet_service,two_year,no,mailed_check,19.6,686.95,no
female,0,yes,yes,23,yes,no,no,no_internet_service,no_internet_service,no_internet_service,no_internet_service,no_internet_service,no_internet_service,two_year,yes,mailed_check,19.65,451.55,no
male,0,yes,yes,15,yes,no,dsl,no,yes,yes,yes,no,yes,month-to-month,yes,mailed_check,69.5,1071.4,no
male,0,no,yes,31,yes,yes,dsl,no,yes,no,yes,yes,yes,one_year,yes,mailed_check,79.45,2587.7,yes
male,1,no,no,71,yes,yes,no,no_internet_service,no_internet_service,no_internet_service,no_internet_service,no_internet_service,no_internet_service,two_year,yes,mailed_check,24.65,1766.75,no
male,0,no,no,4,no,no_phone_service,dsl,no,no,no,no,yes,yes,month-to-month,yes,electronic_check,44.55,174.3,yes
female,0,yes,yes,1,yes,yes,fiber_optic,yes,no,yes,no,yes,yes,month-to-month,yes,electronic_check,102.45,102.45,yes
male,1,yes,no,69,yes,yes,fiber_optic,yes,yes,no,no,no,no,month-to-month,yes,credit_card_(automatic),84.9,5785.65,no
female,0,yes,yes,23,yes,yes,no,no_internet_service,no_internet_service,no_internet_service,no_internet_service,no_internet_service,no_internet_service,two_year,no,mailed_check,25.1,611.45,no
female,0,no,no,7,yes,no,no,no_internet_service,no_internet_service,no_internet_service,no_internet_service,no_internet_service,no_internet_service,month-to-month,no,mailed_check,20.05,164.85,yes
female,0,yes,yes,70,yes,yes,no,no_internet_service,no_internet_service,no_internet_service,no_internet_service,no_internet_service,no_internet_service,two_year,no,mailed_check,24.05,1764.75,no
male,0,no,no,44,yes,no,fiber_optic,no,no,no,no,no,no,month-to-month,no,credit_card_(automatic),68.85,2958.95,no
female,0,yes,yes,71,no,no_phone_service,dsl,yes,yes,no,yes,yes,yes,two_year,no,mailed_check,58.65,4145.25,no
male,1,yes,no,33,yes,yes,fiber_optic,yes,no,yes,yes,yes,yes,month-to-month,yes,bank_transfer_(automatic),109.9,3694.7,no
male,0,no,no,1,yes,no,no,no_internet_service,no_internet_service,no_internet_service,no_internet_service,no_internet_service,no_internet_service,month-to-month,no,mailed_check,19.55,19.55,yes
female,0,yes,no,72,yes,yes,fiber_optic,no,no,yes,no,yes,yes,two_year,yes,electronic_check,97.85,6841.3,no
female,0,no,no,2,yes,yes,fiber_optic,no,no,no,no,no,no,month-to-month,yes,mailed_check,74.9,136.05,no
female,0,no,no,10,yes,no,no,no_internet_service,no_internet_service,no_internet_service,no_internet_service,no_internet_service,no_internet_service,one_year,yes,mailed_check,19.3,185.2,no
female,0,yes,yes,20,yes,no,no,no_internet_service,no_internet_service,no_internet_service,no_internet_service,no_internet_service,no_internet_service,month-to-month,no,electronic_check,20.0,417.65,no
female,0,yes,yes,4,yes,no,no,no_internet_service,no_internet_service,no_internet_service,no_internet_service,no_internet_service,no_internet_service,month-to-month,no,mailed_check,20.35,76.35,yes
male,1,no,no,1,yes,yes,fiber_optic,no,no,no,no,no,no,month-to-month,yes,electronic_check,75.75,75.75,yes
male,0,yes,yes,66,yes,yes,dsl,no,no,yes,no,yes,no,two_year,yes,bank_transfer_(automatic),63.3,4189.7,no
female,0,no,yes,15,yes,no,fiber_optic,no,no,no,no,no,no,month-to-month,no,bank_transfer_(automatic),69.0,994.8,yes
female,1,no,no,1,yes,yes,fiber_optic,no,no,no,no,yes,no,month-to-month,yes,electronic_check,85.7,85.7,yes
female,0,yes,yes,48,no,no_phone_service,dsl,yes,no,yes,no,no,yes,one_year,no,credit_card_(automatic),45.0,2196.3,no
male,0,yes,yes,35,yes,no,no,no_internet_service,no_internet_service,no_internet_service,no_internet_service,no_internet_service,no_internet_service,two_year,no,mailed_check,20.1,655.3,no
female,0,yes,no,64,yes,no,fiber_optic,yes,no,yes,no,yes,yes,two_year,yes,bank_transfer_(automatic),99.0,6375.8,no
male,0,no,yes,71,yes,yes,fiber_optic,yes,no,yes,no,yes,yes,two_year,no,bank_transfer_(automatic),106.7,7382.25,no
female,1,yes,no,58,yes,yes,fiber_optic,no,yes,no,no,yes,yes,one_year,yes,bank_transfer_(automatic),97.8,5458.8,no
male,0,yes,yes,72,yes,no,dsl,no,yes,yes,no,yes,yes,two_year,yes,bank_transfer_(automatic),75.4,5480.25,no
male,1,yes,no,12,yes,yes,fiber_optic,no,yes,no,no,yes,yes,month-to-month,yes,electronic_check,101.35,1218.55,yes
female,0,yes,no,62,yes,no,fiber_optic,yes,no,yes,yes,yes,yes,one_year,yes,electronic_check,104.3,6613.65,no
male,0,yes,no,6,yes,yes,fiber_optic,no,no,no,no,no,no,month-to-month,yes,electronic_check,75.5,438.0,yes
male,0,no,no,52,yes,yes,dsl,yes,yes,yes,yes,yes,yes,two_year,yes,mailed_check,89.25,4652.4,no
female,0,yes,no,61,yes,yes,no,no_internet_service,no_internet_service,no_internet_service,no_internet_service,no_internet_service,no_internet_service,two_year,no,mailed_check,24.4,1417.9,no
male,0,no,no,22,yes,yes,fiber_optic,no,yes,no,no,no,no,month-to-month,yes,electronic_check,79.35,1730.35,yes
female,0,no,no,20,yes,no,no,no_internet_service,no_internet_service,no_internet_service,no_internet_service,no_internet_service,no_internet_service,month-to-month,yes,bank_transfer_(automatic),19.5,413.0,no
female,0,yes,yes,11,yes,no,no,no_internet_service,no_internet_service,no_internet_service,no_internet_service,no_internet_service,no_internet_service,two_year,no,credit_card_(automatic),20.9,202.3,no
male,0,yes,yes,70,yes,yes,dsl,yes,yes,yes,yes,yes,no,two_year,yes,bank_transfer_(automatic),79.25,5731.85,no
male,0,yes,yes,50,yes,yes,dsl,no,no,yes,yes,yes,no,one_year,yes,electronic_check,69.65,3442.15,no
female,0,yes,no,55,yes,yes,fiber_optic,no,yes,yes,no,yes,no,month-to-month,yes,credit_card_(automatic),94.45,5073.1,no
female,0,no,no,26,yes,yes,fiber_optic,no,no,yes,no,yes,yes,month-to-month,yes,bank_transfer_(automatic),100.5,2599.95,no
female,0,no,yes,66,yes,yes,fiber_optic,yes,no,yes,yes,no,no,two_year,yes,credit_card_(automatic),90.95,5930.05,no
female,0,yes,no,1,no,no_phone_service,dsl,no,yes,no,no,no,no,month-to-month,yes,electronic_check,29.85,29.85,no
male,0,yes,yes,56,yes,no,fiber_optic,no,yes,yes,yes,no,no,one_year,yes,mailed_check,85.85,4793.8,no
male,0,no,no,1,yes,no,fiber_optic,no,no,no,no,yes,yes,month-to-month,yes,electronic_check,89.1,89.1,yes
female,0,yes,no,64,yes,yes,no,no_internet_service,no_internet_service,no_internet_service,no_internet_service,no_internet_service,no_internet_service,two_year,no,mailed_check,25.55,1714.95,no
male,0,no,no,24,yes,no,no,no_internet_service,no_internet_service,no_internet_service,no_internet_service,no_internet_service,no_internet_service,two_year,no,mailed_check,20.75,487.05,no
female,0,no,yes,44,yes,yes,dsl,no,yes,no,no,yes,yes,one_year,yes,mailed_check,77.55,3471.1,no
female,0,no,no,57,yes,yes,fiber_optic,yes,yes,yes,no,yes,yes,two_year,yes,bank_transfer_(automatic),112.95,6465.0,yes
male,0,no,no,18,yes,yes,dsl,yes,no,no,no,no,no,month-to-month,no,mailed_check,56.25,969.85,no
male,0,no,no,1,yes,no,fiber_optic,no,no,no,no,no,yes,month-to-month,yes,electronic_check,79.25,79.25,yes
female,0,yes,no,70,no,no_phone_service,dsl,yes,yes,yes,yes,yes,yes,two_year,no,bank_transfer_(automatic),64.55,4504.9,no
female,0,yes,yes,49,yes,yes,fiber_optic,no,no,no,no,yes,yes,month-to-month,yes,bank_transfer_(automatic),95.4,4613.95,no
male,1,yes,no,38,yes,yes,fiber_optic,no,yes,yes,no,yes,yes,month-to-month,yes,electronic_check,102.6,4009.2,no
male,0,no,no,17,yes,no,no,no_internet_service,no_internet_service,no_internet_service,no_internet_service,no_internet_service,no_internet_service,two_year,no,credit_card_(automatic),19.45,369.05,no
female,0,no,no,1,yes,yes,dsl,no,no,no,no,no,no,month-to-month,yes,electronic_check,50.1,50.1,no
male,0,no,no,22,yes,no,fiber_optic,no,yes,yes,yes,no,yes,month-to-month,yes,bank_transfer_(automatic),94.95,2142.8,no
female,0,no,no,51,no,no_phone_service,dsl,no,yes,yes,no,yes,yes,one_year,yes,credit_card_(automatic),56.4,2928.5,no
female,0,no,no,36,yes,no,fiber_optic,no,yes,no,no,yes,yes,month-to-month,yes,credit_card_(automatic),94.8,3565.65,no
male,1,yes,no,44,yes,yes,fiber_optic,no,no,yes,no,yes,no,month-to-month,yes,electronic_check,89.2,4040.2,no
male,0,yes,no,35,yes,yes,fiber_optic,no,no,no,no,no,no,month-to-month,yes,electronic_check,75.2,2576.2,yes
male,0,yes,yes,31,yes,yes,fiber_optic,yes,no,yes,yes,no,no,month-to-month,no,electronic_check,89.3,2823.0,no
female,0,yes,no,26,yes,yes,dsl,yes,yes,yes,yes,yes,yes,one_year,yes,credit_card_(automatic),90.1,2312.55,no
male,0,yes,yes,4,yes,no,no,no_internet_service,no_internet_service,no_internet_service,no_internet_service,no_internet_service,no_internet_service,month-to-month,no,mailed_check,18.85,84.2,no
male,0,yes,no,38,yes,no,no,no_internet_service,no_internet_service,no_internet_service,no_internet_service,no_internet_service,no_internet_service,two_year,no,bank_transfer_(automatic),20.4,743.5,no
female,0,no,no,23,yes,yes,dsl,yes,no,yes,no,yes,yes,one_year,yes,electronic_check,78.55,1843.05,no
female,1,no,no,2,yes,no,fiber_optic,no,no,no,no,no,no,month-to-month,no,electronic_check,70.75,154.85,yes
male,1,yes,no,3,no,no_phone_service,dsl,no,no,no,no,yes,no,month-to-month,yes,mailed_check,36.45,93.7,yes
male,0,no,no,56,yes,yes,dsl,yes,yes,no,yes,no,no,one_year,yes,bank_transfer_(automatic),64.65,3665.55,no
male,0,no,yes,38,yes,yes,fiber_optic,no,yes,no,no,no,no,month-to-month,yes,mailed_check,81.85,3141.7,no
female,0,no,no,47,yes,yes,fiber_optic,yes,no,yes,no,yes,no,one_year,no,credit_card_(automatic),94.9,4615.25,no
male,0,yes,yes,24,yes,yes,no,no_internet_service,no_internet_service,no_internet_service,no_internet_service,no_internet_service,no_internet_service,two_year,yes,bank_transfer_(automatic),24.1,587.4,no
female,0,yes,yes,2,yes,no,dsl,no,no,no,no,yes,yes,month-to-month,no,mailed_check,65.7,134.35,yes
male,0,no,yes,22,yes,yes,fiber_optic,no,yes,no,no,yes,no,month-to-month,yes,credit_card_(automatic),89.1,1949.4,no
male,0,no,no,3,yes,no,fiber_optic,no,no,yes,yes,yes,yes,month-to-month,yes,electronic_check,98.7,293.65,yes
male,1,yes,no,6,yes,no,fiber_optic,no,no,yes,no,yes,yes,month-to-month,yes,electronic_check,95.75,573.75,yes
male,0,no,no,9,no,no_phone_service,dsl,yes,yes,yes,no,no,no,one_year,no,mailed_check,39.55,373.0,no
male,0,yes,yes,67,yes,no,dsl,yes,yes,no,yes,no,no,one_year,no,mailed_check,60.05,3994.05,no
female,0,yes,yes,49,yes,no,dsl,yes,yes,yes,yes,yes,yes,one_year,yes,mailed_check,87.2,4345.0,no
female,1,no,no,8,yes,no,fiber_optic,no,yes,no,no,yes,no,month-to-month,yes,electronic_check,87.1,713.6,no
female,0,no,no,16,yes,yes,fiber_optic,no,no,no,no,no,no,month-to-month,yes,credit_card_(automatic),74.75,1129.35,no
female,0,yes,yes,0,yes,no,dsl,yes,yes,yes,no,yes,yes,two_year,no,mailed_check,80.85,0.0,no
male,0,yes,yes,72,no,no_phone_service,dsl,yes,yes,yes,yes,no,yes,two_year,yes,credit_card_(automatic),55.45,4179.2,no
female,0,no,no,1,yes,yes,fiber_optic,no,yes,no,no,no,no,month-to-month,yes,mailed_check,80.2,80.2,yes
male,0,yes,yes,1,yes,no,fiber_optic,no,no,no,no,no,no,month-to-month,yes,electronic_check,71.0,71.0,yes
female,0,no,no,56,yes,yes,fiber_optic,yes,yes,no,no,yes,yes,month-to-month,yes,credit_card_(automatic),106.6,5893.95,no
female,0,no,yes,17,yes,yes,dsl,no,no,yes,no,no,no,one_year,yes,mailed_check,55.85,937.5,yes
male,0,no,no,63,yes,no,fiber_optic,yes,yes,yes,yes,yes,yes,two_year,no,credit_card_(automatic),109.2,7049.75,no
female,0,yes,yes,62,yes,yes,dsl,no,no,no,no,yes,yes,month-to-month,yes,credit_card_(automatic),70.45,4300.45,no
male,0,no,no,35,yes,yes,dsl,yes,no,yes,no,no,no,month-to-month,yes,electronic_check,59.6,2094.9,no
female,0,yes,no,72,yes,yes,no,no_internet_service,no_internet_service,no_internet_service,no_internet_service,no_internet_service,no_internet_service,two_year,yes,credit_card_(automatic),24.15,1776.45,no
female,0,no,yes,51,no,no_phone_service,dsl,yes,no,yes,yes,yes,yes,one_year,no,bank_transfer_(automatic),60.15,3077.0,no
female,0,no,no,15,yes,no,dsl,no,no,no,no,yes,no,one_year,no,mailed_check,56.15,931.9,no
female,0,yes,yes,72,yes,yes,dsl,yes,yes,yes,yes,yes,no,two_year,no,bank_transfer_(automatic),80.2,5714.2,no
male,0,yes,no,61,no,no_phone_service,dsl,yes,no,yes,yes,yes,yes,two_year,yes,mailed_check,62.15,3778.85,no
male,0,no,no,2,yes,no,no,no_internet_service,no_internet_service,no_internet_service,no_internet_service,no_internet_service,no_internet_service,month-to-month,no,mailed_check,20.05,33.7,no
male,0,yes,yes,72,no,no_phone_service,dsl,yes,yes,yes,no,no,no,two_year,no,credit_card_(automatic),38.5,2763.0,no
male,0,yes,yes,35,yes,yes,fiber_optic,no,yes,yes,yes,yes,yes,month-to-month,yes,electronic_check,109.95,3782.4,no
female,0,no,no,8,yes,no,no,no_internet_service,no_internet_service,no_internet_service,no_internet_service,no_internet_service,no_internet_service,month-to-month,yes,mailed_check,20.7,137.6,no
female,0,no,no,1,yes,yes,fiber_optic,no,no,no,no,no,yes,month-to-month,no,mailed_check,85.8,85.8,yes
female,0,yes,yes,56,yes,yes,no,no_internet_service,no_internet_service,no_internet_service,no_internet_service,no_internet_service,no_internet_service,two_year,yes,mailed_check,24.45,1385.85,no
male,0,no,no,1,yes,yes,dsl,no,no,no,no,no,no,month-to-month,yes,credit_card_(automatic),49.8,49.8,no
female,0,yes,yes,14,yes,no,no,no_internet_service,no_internet_service,no_internet_service,no_internet_service,no_internet_service,no_internet_service,one_year,yes,mailed_check,19.5,272.0,no
male,1,no,no,68,yes,no,no,no_internet_service,no_internet_service,no_internet_service,no_internet_service,no_internet_service,no_internet_service,two_year,yes,credit_card_(automatic),20.0,1396.0,no
female,0,no,no,4,yes,no,fiber_optic,no,no,yes,no,no,yes,month-to-month,yes,credit_card_(automatic),82.85,319.6,no
male,0,yes,no,15,yes,yes,fiber_optic,no,no,yes,yes,yes,yes,month-to-month,yes,electronic_check,103.45,1539.8,no
male,0,no,no,7,yes,yes,no,no_internet_service,no_internet_service,no_internet_service,no_internet_service,no_internet_service,no_internet_service,month-to-month,no,mailed_check,23.5,173.0,no
male,0,yes,yes,37,yes,no,dsl,yes,no,yes,yes,no,no,one_year,yes,mailed_check,58.75,2203.1,no
male,1,no,no,17,yes,no,dsl,no,no,no,no,no,no,month-to-month,yes,electronic_check,45.05,770.6,yes
female,1,no,no,1,yes,no,fiber_optic,no,no,no,no,no,no,month-to-month,yes,electronic_check,69.95,69.95,yes
female,0,yes,yes,42,yes,no,fiber_optic,no,no,yes,yes,yes,yes,two_year,yes,electronic_check,100.4,4303.65,no
male,0,no,no,4,yes,no,fiber_optic,no,no,no,no,yes,no,month-to-month,no,electronic_check,77.85,299.2,yes
female,0,no,yes,62,yes,yes,no,no_internet_service,no_internet_service,no_internet_service,no_internet_service,no_internet_service,no_internet_service,two_year,no,bank_transfer_(automatic),26.0,1638.7,no
female,1,yes,no,69,yes,no,fiber_optic,yes,yes,no,no,no,yes,one_year,no,credit_card_(automatic),87.3,6055.55,no
female,0,yes,no,16,yes,yes,fiber_optic,no,yes,no,no,yes,yes,month-to-month,yes,electronic_check,100.0,1534.75,yes
male,0,no,no,72,yes,no,no,no_internet_service,no_internet_service,no_internet_service,no_internet_service,no_internet_service,no_internet_service,two_year,no,bank_transfer_(automatic),19.85,1434.1,no
male,0,yes,yes,31,yes,no,no,no_internet_service,no_internet_service,no_internet_service,no_internet_service,no_internet_service,no_internet_service,month-to-month,yes,electronic_check,20.65,702.05,no
male,1,yes,no,13,yes,no,fiber_optic,no,yes,yes,no,yes,yes,month-to-month,yes,electronic_check,98.0,1237.85,yes
female,0,no,no,13,yes,yes,fiber_optic,yes,no,no,no,no,no,month-to-month,yes,credit_card_(automatic),80.0,1029.35,no
female,1,no,no,54,yes,yes,dsl,yes,yes,no,yes,yes,yes,one_year,no,bank_transfer_(automatic),82.45,4350.1,yes
male,0,yes,yes,32,no,no_phone_service,dsl,no,no,yes,yes,no,no,one_year,yes,mailed_check,36.25,1151.05,no
female,0,no,no,2,yes,no,no,no_internet_service,no_internet_service,no_internet_service,no_internet_service,no_internet_service,no_internet_service,one_year,no,mailed_check,20.45,34.8,no
male,0,no,no,43,yes,yes,fiber_optic,no,no,no,no,no,no,month-to-month,yes,credit_card_(automatic),75.35,3161.4,no
male,0,no,no,27,yes,no,no,no_internet_service,no_internet_service,no_internet_service,no_internet_service,no_internet_service,no_internet_service,month-to-month,yes,electronic_check,19.4,529.8,no
female,0,no,no,7,yes,no,dsl,yes,yes,yes,no,no,no,month-to-month,no,electronic_check,61.4,438.9,no
male,0,no,yes,1,no,no_phone_service,dsl,no,no,no,no,no,no,month-to-month,no,mailed_check,24.2,24.2,no
male,0,no,no,50,no,no_phone_service,dsl,yes,no,no,yes,no,no,one_year,yes,mailed_check,35.4,1748.9,no
male,0,yes,yes,72,yes,yes,fiber_optic,yes,yes,yes,yes,no,yes,one_year,yes,credit_card_(automatic),104.9,7537.5,no
female,0,yes,no,9,yes,no,fiber_optic,no,no,no,no,yes,yes,month-to-month,no,electronic_check,89.45,853.1,yes
female,0,yes,yes,52,yes,no,no,no_internet_service,no_internet_service,no_internet_service,no_internet_service,no_internet_service,no_internet_service,one_year,yes,electronic_check,20.4,1090.65,no
male,0,no,no,3,yes,no,fiber_optic,no,no,yes,yes,yes,no,month-to-month,yes,mailed_check,88.35,262.05,yes
male,0,no,no,35,yes,yes,fiber_optic,yes,yes,yes,yes,no,no,month-to-month,yes,mailed_check,96.75,3403.4,no
female,0,yes,no,71,yes,yes,no,no_internet_service,no_internet_service,no_internet_service,no_internet_service,no_internet_service,no_internet_service,two_year,yes,credit_card_(automatic),24.4,1725.4,no
male,0,no,no,39,no,no_phone_service,dsl,no,no,yes,yes,no,no,one_year,no,mailed_check,35.55,1309.15,no
male,0,yes,no,71,no,no_phone_service,dsl,no,yes,no,no,yes,yes,two_year,no,electronic_check,49.35,3515.25,yes
female,1,yes,yes,46,yes,yes,fiber_optic,yes,yes,no,yes,yes,yes,month-to-month,yes,electronic_check,110.2,4972.1,no
male,1,no,no,29,yes,no,fiber_optic,no,yes,yes,no,yes,yes,month-to-month,yes,bank_transfer_(automatic),101.45,2948.6,no
male,0,no,no,34,yes,no,no,no_internet_service,no_internet_service,no_internet_service,no_internet_service,no_internet_service,no_internet_service,month-to-month,no,mailed_check,19.7,675.6,no
female,1,no,no,8,yes,yes,fiber_optic,no,no,yes,no,yes,yes,month-to-month,no,electronic_check,101.35,780.5,yes
female,0,no,no,46,yes,yes,fiber_optic,yes,yes,no,no,no,no,month-to-month,no,mailed_check,84.25,3847.6,no
male,0,no,no,13,yes,no,dsl,no,yes,no,yes,yes,yes,month-to-month,no,mailed_check,73.35,931.55,no
male,0,yes,no,64,yes,no,fiber_optic,yes,yes,no,yes,yes,yes,two_year,yes,credit_card_(automatic),104.05,6605.55,no
male,0,yes,yes,42,yes,yes,fiber_optic,yes,no,no,no,yes,yes,one_year,no,electronic_check,97.1,4016.75,no
female,0,yes,no,2,yes,no,fiber_optic,no,yes,yes,no,no,no,month-to-month,no,bank_transfer_(automatic),79.7,165.0,yes
female,0,no,no,11,yes,no,no,no_internet_service,no_internet_service,no_internet_service,no_internet_service,no_internet_service,no_internet_service,one_year,no,credit_card_(automatic),20.05,237.7,no
female,0,yes,no,3,yes,yes,fiber_optic,no,yes,no,no,no,yes,month-to-month,yes,credit_card_(automatic),91.5,242.95,yes
female,0,yes,no,9,yes,no,fiber_optic,no,no,yes,no,no,no,month-to-month,yes,bank_transfer_(automatic),75.75,655.9,yes
female,0,yes,no,71,yes,yes,fiber_optic,yes,yes,yes,yes,yes,yes,two_year,yes,credit_card_(automatic),115.15,8078.1,no
female,0,yes,no,6,yes,no,dsl,no,no,no,yes,no,no,month-to-month,yes,electronic_check,49.15,270.8,yes
female,0,yes,no,12,no,no_phone_service,dsl,no,no,yes,no,yes,yes,month-to-month,yes,bank_transfer_(automatic),49.85,617.15,no
female,0,no,no,33,yes,yes,dsl,yes,no,no,yes,no,no,one_year,no,electronic_check,59.4,1952.8,no
female,0,no,no,35,yes,yes,fiber_optic,no,no,yes,no,yes,yes,month-to-month,yes,electronic_check,100.25,3527.6,yes
male,0,no,no,65,yes,no,no,no_internet_service,no_internet_service,no_internet_service,no_internet_service,no_internet_service,no_internet_service,two_year,yes,credit_card_(automatic),19.55,1218.65,no
male,0,no,no,12,yes,yes,dsl,yes,yes,no,yes,no,no,month-to-month,yes,electronic_check,67.25,832.3,no
female,0,no,no,57,yes,no,dsl,no,yes,yes,yes,yes,no,two_year,no,mailed_check,69.75,3894.4,no
male,0,no,no,50,yes,yes,dsl,no,no,yes,yes,no,yes,two_year,no,bank_transfer_(automatic),69.5,3418.2,no
male,0,yes,yes,72,no,no_phone_service,dsl,yes,no,yes,yes,yes,no,two_year,no,mailed_check,48.9,3527.0,no
female,0,no,no,3,yes,no,fiber_optic,no,no,no,no,no,no,month-to-month,yes,electronic_check,69.85,199.85,no
male,0,yes,yes,70,yes,no,no,no_internet_service,no_internet_service,no_internet_service,no_internet_service,no_internet_service,no_internet_service,two_year,no,credit_card_(automatic),20.35,1458.1,no
male,0,no,no,43,yes,no,dsl,no,yes,no,no,no,yes,two_year,yes,electronic_check,60.0,2548.55,no
female,0,no,no,12,yes,yes,dsl,yes,no,yes,yes,no,no,month-to-month,yes,mailed_check,61.65,713.75,yes
male,0,no,yes,1,yes,no,dsl,yes,no,no,no,no,no,month-to-month,no,mailed_check,50.6,50.6,yes
female,0,yes,no,37,yes,no,no,no_internet_service,no_internet_service,no_internet_service,no_internet_service,no_internet_service,no_internet_service,month-to-month,no,bank_transfer_(automatic),19.5,805.2,no
male,0,yes,yes,52,yes,yes,fiber_optic,no,yes,no,yes,no,yes,month-to-month,yes,bank_transfer_(automatic),93.25,4631.7,no
male,0,yes,yes,60,yes,no,no,no_internet_service,no_internet_service,no_internet_service,no_internet_service,no_internet_service,no_internet_service,two_year,yes,bank_transfer_(automatic),20.95,1270.55,no
male,0,no,no,31,yes,no,fiber_optic,no,yes,no,no,yes,yes,month-to-month,yes,electronic_check,94.5,2979.2,no
female,0,no,yes,26,no,no_phone_service,dsl,no,no,yes,no,no,no,month-to-month,yes,mailed_check,29.8,786.5,no
male,0,yes,yes,53,yes,yes,dsl,no,no,yes,yes,yes,yes,one_year,yes,mailed_check,78.75,3942.45,no
male,0,yes,yes,27,yes,yes,dsl,no,no,no,yes,yes,yes,month-to-month,no,bank_transfer_(automatic),71.6,1957.1,no
female,0,yes,yes,71,yes,no,no,no_internet_service,no_internet_service,no_internet_service,no_internet_service,no_internet_service,no_internet_service,two_year,no,bank_transfer_(automatic),19.85,1326.35,no
female,1,yes,no,26,yes,no,fiber_optic,no,no,yes,no,yes,no,month-to-month,yes,credit_card_(automatic),85.7,2067.0,no
female,0,no,no,18,no,no_phone_service,dsl,no,no,yes,yes,no,no,month-to-month,yes,electronic_check,35.2,607.3,no
male,0,no,no,5,yes,no,dsl,no,yes,no,yes,no,yes,month-to-month,yes,bank_transfer_(automatic),65.6,339.9,no
male,0,no,no,41,yes,yes,dsl,no,no,yes,no,no,yes,one_year,no,mailed_check,65.0,2531.8,no
male,0,yes,no,71,yes,yes,dsl,yes,yes,yes,yes,no,yes,two_year,no,credit_card_(automatic),80.4,5727.15,no
male,0,no,no,52,yes,no,fiber_optic,no,yes,yes,yes,yes,yes,one_year,yes,bank_transfer_(automatic),105.0,5426.85,yes
male,0,no,no,20,yes,yes,fiber_optic,no,no,yes,no,yes,no,month-to-month,yes,credit_card_(automatic),90.7,1781.35,no
female,0,yes,yes,64,yes,yes,no,no_internet_service,no_internet_service,no_internet_service,no_internet_service,no_internet_service,no_internet_service,one_year,no,mailed_check,24.9,1595.5,no
male,0,no,no,24,yes,yes,fiber_optic,no,yes,no,no,no,no,month-to-month,yes,electronic_check,80.25,1861.5,yes
male,0,no,no,1,yes,no,no,no_internet_service,no_internet_service,no_internet_service,no_internet_service,no_internet_service,no_internet_service,month-to-month,no,mailed_check,19.05,19.05,no
male,0,no,yes,1,yes,no,dsl,no,no,no,no,no,no,month-to-month,yes,electronic_check,44.4,44.4,yes
female,0,no,no,40,yes,no,dsl,no,no,yes,no,no,no,one_year,yes,mailed_check,50.25,2023.55,no
female,0,no,no,21,yes,no,dsl,yes,no,yes,yes,no,no,one_year,yes,electronic_check,60.25,1258.35,no
male,0,yes,yes,62,yes,no,no,no_internet_service,no_internet_service,no_internet_service,no_internet_service,no_internet_service,no_internet_service,two_year,no,credit_card_(automatic),20.65,1218.45,no
female,1,yes,no,12,yes,no,dsl,yes,no,yes,yes,yes,yes,one_year,yes,electronic_check,79.2,943.85,no
female,0,no,no,18,yes,no,fiber_optic,no,yes,yes,no,no,no,month-to-month,no,electronic_check,77.8,1358.6,no
female,1,no,no,6,yes,no,fiber_optic,yes,no,no,no,no,no,month-to-month,yes,electronic_check,74.1,450.9,no
male,0,yes,no,36,yes,no,no,no_internet_service,no_internet_service,no_internet_service,no_internet_service,no_internet_service,no_internet_service,one_year,no,bank_transfer_(automatic),20.85,720.05,no
male,1,yes,no,16,yes,no,fiber_optic,no,no,no,no,no,no,month-to-month,yes,bank_transfer_(automatic),71.8,1167.8,yes
female,1,yes,yes,66,yes,yes,fiber_optic,no,yes,yes,no,yes,yes,one_year,yes,electronic_check,104.9,6891.45,no
female,0,yes,no,16,yes,yes,fiber_optic,yes,yes,yes,no,no,no,month-to-month,no,electronic_check,90.7,1374.9,no
male,0,no,no,38,yes,no,fiber_optic,no,no,no,no,no,no,month-to-month,yes,credit_card_(automatic),69.5,2625.25,no
female,0,yes,yes,58,yes,yes,dsl,yes,no,yes,yes,yes,no,two_year,no,mailed_check,75.8,4415.75,no
female,0,no,no,68,no,no_phone_service,dsl,yes,no,yes,yes,no,no,two_year,no,mailed_check,38.9,2719.2,no
male,0,yes,yes,58,yes,yes,fiber_optic,no,no,no,no,yes,no,two_year,no,bank_transfer_(automatic),82.5,4828.05,no
male,0,no,no,18,yes,yes,no,no_internet_service,no_internet_service,no_internet_service,no_internet_service,no_internet_service,no_internet_service,one_year,no,mailed_check,23.75,424.5,no
female,0,no,no,1,yes,no,fiber_optic,no,yes,no,yes,yes,no,month-to-month,no,electronic_check,91.7,91.7,yes
female,0,yes,yes,14,yes,yes,dsl,no,yes,no,yes,yes,yes,month-to-month,no,credit_card_(automatic),80.45,1137.05,no
male,0,no,no,2,yes,no,fiber_optic,no,no,yes,yes,no,no,month-to-month,yes,electronic_check,79.85,152.45,yes
male,0,yes,yes,12,yes,no,no,no_internet_service,no_internet_service,no_internet_service,no_internet_service,no_internet_service,no_internet_service,month-to-month,no,mailed_check,20.5,255.5,no
male,0,yes,no,13,no,no_phone_service,dsl,yes,no,no,yes,yes,yes,month-to-month,yes,electronic_check,54.45,706.85,yes
female,0,no,no,1,yes,no,dsl,no,no,no,no,no,no,month-to-month,yes,electronic_check,45.65,45.65,yes
female,0,yes,yes,6,yes,no,no,no_internet_service,no_internet_service,no_internet_service,no_internet_service,no_internet_service,no_internet_service,one_year,no,mailed_check,19.7,94.45,no
male,0,yes,yes,22,yes,no,fiber_optic,no,yes,yes,no,yes,yes,one_year,yes,mailed_check,100.05,2090.25,no
male,0,yes,yes,21,no,no_phone_service,dsl,no,no,no,no,no,no,month-to-month,yes,electronic_check,26.05,565.75,no
male,0,no,yes,14,yes,no,no,no_internet_service,no_internet_service,no_internet_service,no_internet_service,no_internet_service,no_internet_service,month-to-month,no,mailed_check,19.95,268.4,no
female,0,yes,yes,1,no,no_phone_service,dsl,no,no,no,yes,yes,no,month-to-month,no,electronic_check,40.1,40.1,yes
female,0,yes,yes,28,yes,no,fiber_optic,no,no,no,no,no,no,one_year,yes,bank_transfer_(automatic),70.4,1992.2,no
male,0,yes,yes,19,yes,no,dsl,yes,no,no,no,no,no,one_year,yes,bank_transfer_(automatic),48.95,955.6,no
male,0,no,no,9,yes,no,dsl,no,no,no,no,no,no,month-to-month,yes,mailed_check,44.4,348.15,no
male,1,yes,yes,52,yes,yes,dsl,no,yes,yes,no,yes,yes,one_year,yes,electronic_check,80.85,4079.55,no
male,0,no,no,18,no,no_phone_service,dsl,no,no,no,no,no,no,month-to-month,no,mailed_check,25.15,476.8,no
male,0,yes,yes,2,yes,no,fiber_optic,no,no,yes,yes,no,yes,month-to-month,no,credit_card_(automatic),90.0,190.05,yes
female,0,yes,yes,27,yes,yes,no,no_internet_service,no_internet_service,no_internet_service,no_internet_service,no_internet_service,no_internet_service,two_year,no,electronic_check,24.5,761.95,no
female,1,no,no,9,yes,no,fiber_optic,no,no,no,no,yes,no,month-to-month,yes,electronic_check,80.85,751.65,yes
